# time, flux, model, err
8.400289523706305772e-03 9.997794630457267351e-01 1.000000000000000000e+00 1.534523195430139775e-04
8.442290971288457513e-03 9.999530062743415826e-01 9.999999909855281643e-01 1.534523195430139775e-04
8.484292418870609254e-03 9.999119362250853404e-01 9.999999819710562177e-01 1.534945188269961811e-04
8.526293866452760994e-03 1.000092757749118544e+00 9.999999729565846041e-01 1.534523195430139775e-04
8.568295314034912735e-03 9.998845820795603245e-01 9.999999639421128794e-01 1.534523195430139775e-04
8.610296754341106862e-03 1.000024788850527813e+00 9.999999549276423760e-01 1.534523195430139775e-04
8.652298216475173831e-03 9.996487349567607650e-01 9.999999459131676538e-01 1.534523195430139775e-04
8.694299656781367958e-03 1.000117601310877902e+00 9.999999368986974835e-01 1.534523195430139775e-04
8.736301111639477313e-03 9.998979642650080990e-01 9.999999278842240935e-01 1.534523195430139775e-04
8.778302551945671439e-03 1.000150129580327008e+00 9.999999188697540342e-01 1.534523195430139775e-04
8.820304006803780794e-03 1.000194349723203979e+00 9.999999098552805332e-01 1.534557658761192926e-04
8.862305447109974921e-03 9.999815012890790333e-01 9.999999008408102519e-01 1.534523195430139775e-04
8.904306894692126662e-03 1.000110590621738238e+00 9.999998918263386383e-01 1.534523195430139775e-04
8.946308342274278402e-03 1.000087608194916378e+00 9.999998828118669136e-01 1.534523195430139775e-04
8.988309789856430143e-03 9.998921520223852388e-01 9.999998737973950780e-01 1.534523195430139775e-04
9.030311237438581884e-03 9.999701297067451478e-01 9.999998647829231313e-01 1.534523195430139775e-04
9.072312677744776011e-03 1.000065568509396430e+00 9.999998557684530720e-01 1.534523195430139775e-04
9.114314139878842980e-03 9.998749341337822560e-01 9.999998467539781277e-01 1.534523195430139775e-04
9.156315580185037106e-03 9.998108775460595732e-01 9.999998377395079574e-01 1.534523195430139775e-04
9.198317035043146461e-03 1.000214425526187556e+00 9.999998287250345674e-01 1.534602932139856007e-04
9.240318475349340588e-03 9.999638174902604204e-01 9.999998197105643971e-01 1.534526946262077299e-04
9.282319922931492329e-03 9.999833227448426953e-01 9.999998106960927835e-01 1.534530413605765130e-04
9.324321370513644069e-03 1.000074528780987571e+00 9.999998016816209478e-01 1.534537201141793151e-04
9.366322818095795810e-03 9.999933191604979399e-01 9.999997926671490012e-01 1.534523323103959100e-04
9.408324265677947551e-03 1.000140541990229615e+00 9.999997836526773876e-01 1.534541015701511052e-04
9.450325705984141678e-03 1.000061757615465563e+00 9.999997746382071062e-01 1.534523195430139775e-04
9.492327160842251033e-03 9.998124318603770488e-01 9.999997656237338273e-01 1.534523195430139775e-04
9.534328601148445159e-03 9.999337416276102841e-01 9.999997566092635459e-01 1.534523195430139775e-04
9.576330056006554514e-03 9.999080510582177839e-01 9.999997475947901560e-01 1.534523195430139775e-04
9.618331503588706255e-03 1.000153888504963895e+00 9.999997385803184313e-01 1.534523195430139775e-04
9.660332958446815610e-03 9.999871371608504145e-01 9.999997295658450414e-01 1.534523195430139775e-04
9.702334398753009737e-03 9.999071394356164877e-01 9.999997205513748710e-01 1.534523195430139775e-04
9.744335846335161477e-03 1.000034254317603732e+00 9.999997115369030354e-01 1.534523195430139775e-04
9.786337293917313218e-03 9.998590057953019583e-01 9.999997025224314218e-01 1.534821864510024292e-04
9.828338741499464959e-03 1.000006890743138532e+00 9.999996935079596971e-01 1.534523195430139775e-04
9.870340189081616700e-03 1.000299755448482042e+00 9.999996844934878615e-01 1.534643649193560919e-04
9.912341629387810826e-03 1.000061102693196480e+00 9.999996754790176912e-01 1.534523336835744991e-04
9.954343084245920181e-03 9.998930037333734200e-01 9.999996664645443012e-01 1.534523195430139775e-04
9.996344524552114308e-03 9.999132353683430896e-01 9.999996574500740198e-01 1.534842599249527462e-04
1.003834597941022366e-02 9.999439289099792960e-01 9.999996484356007409e-01 1.534538868527357894e-04
1.008034741971641779e-02 1.000019001578213773e+00 9.999996394211304596e-01 1.534523195430139775e-04
1.012234887457452714e-02 1.000062222922680322e+00 9.999996304066572916e-01 1.534523195430139775e-04
1.016435032215667889e-02 9.999931471193543864e-01 9.999996213921855670e-01 1.534530249439409653e-04
1.020635176973883063e-02 1.000076217305421400e+00 9.999996123777137313e-01 1.535819613295363937e-04
1.024835321732098237e-02 9.998468715858807032e-01 9.999996033632417847e-01 1.534523195430139775e-04
1.029035465762717649e-02 9.998758374811389515e-01 9.999995943487717254e-01 1.534807608166524097e-04
1.033235611248528585e-02 9.998609702982230729e-01 9.999995853342983354e-01 1.534523195430139775e-04
1.037435755279147997e-02 1.000121620447754545e+00 9.999995763198279430e-01 1.534523195430139775e-04
1.041635900764958933e-02 9.999568395135262078e-01 9.999995673053547751e-01 1.534523195430139775e-04
1.045836044795578346e-02 9.999403280865070132e-01 9.999995582908846048e-01 1.534523195430139775e-04
1.050036190281389281e-02 9.999985488951051993e-01 9.999995492764112148e-01 1.534523195430139775e-04
1.054236334312008694e-02 1.000438217745108327e+00 9.999995402619409335e-01 1.534523195430139775e-04
1.058436479070223868e-02 1.000065250415964613e+00 9.999995312474692089e-01 1.534523195430139775e-04
1.062636623828439042e-02 9.999269130704608877e-01 9.999995222329975952e-01 1.534666026702685324e-04
1.066836768586654216e-02 9.999072711613498088e-01 9.999995132185257596e-01 1.534523195430139775e-04
1.071036914072465152e-02 9.997941741319796849e-01 9.999995042040524806e-01 1.534523195430139775e-04
1.075237058103084564e-02 9.998245706857084025e-01 9.999994951895819773e-01 1.534523195430139775e-04
1.079437203588895500e-02 1.000040612205512103e+00 9.999994861751088093e-01 1.534523195430139775e-04
1.083637347619514912e-02 9.999699459414508329e-01 9.999994771606386390e-01 1.534523195430139775e-04
1.087837493105325848e-02 1.000064183359625769e+00 9.999994681461654711e-01 1.534523195430139775e-04
1.092037637135945261e-02 9.998990000176741777e-01 9.999994591316948567e-01 1.534523195430139775e-04
1.096237781894160435e-02 9.998137830913124136e-01 9.999994501172232431e-01 1.534523195430139775e-04
1.100437926652375609e-02 9.997054614436493569e-01 9.999994411027516295e-01 1.534523195430139775e-04
1.104638071410590783e-02 9.998585095915996090e-01 9.999994320882796828e-01 1.534523195430139775e-04
1.108838216168805957e-02 9.998737681551304046e-01 9.999994230738078471e-01 1.534704891995648964e-04
1.113038360199425370e-02 9.998571147109013291e-01 9.999994140593376768e-01 1.534523195430139775e-04
1.117238506412832066e-02 9.998855639001331674e-01 9.999994050448627325e-01 1.534523195430139775e-04
1.121438650443451479e-02 1.000028104374645732e+00 9.999993960303926732e-01 1.534523195430139775e-04
1.125638795929262415e-02 1.000076866010172427e+00 9.999993870159193943e-01 1.534523195430139775e-04
1.129838939959881827e-02 9.999226458914642901e-01 9.999993780014491129e-01 1.534523195430139775e-04
1.134039085445692763e-02 9.999834525592221635e-01 9.999993689869757230e-01 1.534523195430139775e-04
1.138239229476312175e-02 9.999142232550987108e-01 9.999993599725055526e-01 1.534735698286600325e-04
1.142439374234527349e-02 1.000056890298936407e+00 9.999993509580337170e-01 1.535381604820480533e-04
1.146639518992742524e-02 9.998074985521335778e-01 9.999993419435617703e-01 1.534523195430139775e-04
1.150839663023361936e-02 9.998864739806144764e-01 9.999993329290917110e-01 1.534583290361617137e-04
1.155039808509172872e-02 9.998633047786960049e-01 9.999993239146185431e-01 1.534523195430139775e-04
1.159239952539792284e-02 1.000099343382558903e+00 9.999993149001483728e-01 1.534523195430139775e-04
1.163440098025603220e-02 1.000113180621887032e+00 9.999993058856747608e-01 1.534523195430139775e-04
1.167640242056222633e-02 1.000181319957855308e+00 9.999992968712045904e-01 1.534523195430139775e-04
1.171840388269629329e-02 9.998086299556612211e-01 9.999992878567296462e-01 1.534642070311294563e-04
1.176040532300248742e-02 9.998377814016111698e-01 9.999992788422595869e-01 1.534523195430139775e-04
1.180240677058463916e-02 9.998988816813825231e-01 9.999992698277876402e-01 1.534523195430139775e-04
1.184440821816679090e-02 9.999279654989736699e-01 9.999992608133160266e-01 1.534523195430139775e-04
1.188640966574894264e-02 1.000110780599134053e+00 9.999992517988444130e-01 1.534523195430139775e-04
1.192841111333109438e-02 9.999032464054636860e-01 9.999992427843724663e-01 1.535018191935443044e-04
1.197041255363728851e-02 1.000175255068718627e+00 9.999992337699024070e-01 1.534523195430139775e-04
1.201241400849539787e-02 1.000126245420951854e+00 9.999992247554290170e-01 1.534564169043927653e-04
1.205441544880159199e-02 1.000047659184819970e+00 9.999992157409586246e-01 1.534523195430139775e-04
1.209641690365970135e-02 1.000040210696366838e+00 9.999992067264854567e-01 1.534523195430139775e-04
1.213841834396589547e-02 9.995923903050526471e-01 9.999991977120152864e-01 1.534523195430139775e-04
1.218041979882400483e-02 1.000376902414614078e+00 9.999991886975418964e-01 1.534523195430139775e-04
1.222242123913019896e-02 9.999114248031333307e-01 9.999991796830716151e-01 1.534523195430139775e-04
1.226442268671235070e-02 9.999801529799925426e-01 9.999991706685998905e-01 1.535517513288050867e-04
1.230642414157046005e-02 9.997620692494366690e-01 9.999991616541265005e-01 1.534523195430139775e-04
1.234842558187665418e-02 9.997742514936406311e-01 9.999991526396563302e-01 1.534635470286900636e-04
1.239042703673476353e-02 9.999726187091574348e-01 9.999991436251829402e-01 1.534523195430139775e-04
1.243242847704095766e-02 9.997039175735101812e-01 9.999991346107128809e-01 1.534523195430139775e-04
1.247442993189906701e-02 9.999089099617728404e-01 9.999991255962393799e-01 1.534523195430139775e-04
1.251643137220526114e-02 9.999545152788340552e-01 9.999991165817693206e-01 1.534523195430139775e-04
1.255843282706337050e-02 9.999517111241968959e-01 9.999991075672959306e-01 1.534523195430139775e-04
1.260043426736956462e-02 9.998662406930310942e-01 9.999990985528257603e-01 1.534523195430139775e-04
1.264243571495171636e-02 9.997898625748655732e-01 9.999990895383541467e-01 1.534674539772265382e-04
1.268443716253386810e-02 9.997789884552232831e-01 9.999990805238822000e-01 1.534523195430139775e-04
1.272643861011601985e-02 9.998396083810989765e-01 9.999990715094103644e-01 1.534523195430139775e-04
1.276844005769817159e-02 9.998160173191461553e-01 9.999990624949385287e-01 1.534865776329615505e-04
1.281044149800436571e-02 1.000228531450683578e+00 9.999990534804683584e-01 1.534523195430139775e-04
1.285244295286247507e-02 1.000006300340447796e+00 9.999990444659951905e-01 1.534523195430139775e-04
1.289444440044462681e-02 1.000101067668953903e+00 9.999990354515233548e-01 1.534523195430139775e-04
1.293644585530273616e-02 9.997870631027336863e-01 9.999990264370498538e-01 1.534523195430139775e-04
1.297844729560893029e-02 9.999045176301669668e-01 9.999990174225797945e-01 1.534544369227060754e-04
1.302044875046703964e-02 9.997227298541577767e-01 9.999990084081064046e-01 1.534523195430139775e-04
1.306245019077323377e-02 9.999150944820163200e-01 9.999989993936362342e-01 1.534523195430139775e-04
1.310445163835538551e-02 9.999641219714460183e-01 9.999989903791643986e-01 1.535275210472848088e-04
1.314645308593753725e-02 9.999133923292129467e-01 9.999989813646926740e-01 1.534704405049436174e-04
1.318845452624373138e-02 9.994623893894645228e-01 9.999989723502223926e-01 1.534523195430139775e-04
1.323045598110184073e-02 1.000158995166355425e+00 9.999989633357492247e-01 1.534523195430139775e-04
1.327245742140803486e-02 1.000007587652473218e+00 9.999989543212788323e-01 1.534576148514941996e-04
1.331445887626614422e-02 9.998026574662410848e-01 9.999989453068056644e-01 1.534523195430139775e-04
1.335646031657233834e-02 1.000050031873814360e+00 9.999989362923352720e-01 1.534523195430139775e-04
1.339846177143044770e-02 9.999841628421093365e-01 9.999989272778621041e-01 1.534533645360662188e-04
1.344046321173664182e-02 1.000211953506625617e+00 9.999989182633918228e-01 1.534530058307840802e-04
1.348246466659475118e-02 1.000040802244142935e+00 9.999989092489183218e-01 1.534523195430139775e-04
1.352446611417690292e-02 1.000040286091805397e+00 9.999989002344467082e-01 1.534523195430139775e-04
1.356646756175905466e-02 9.998617179738406024e-01 9.999988912199750946e-01 1.534581807951933036e-04
1.360846900934120640e-02 9.998378486789740727e-01 9.999988822055031479e-01 1.534546238693456949e-04
1.365047044964740053e-02 9.998916268977073862e-01 9.999988731910330886e-01 1.534523195430139775e-04
1.369247190450550988e-02 1.000149818461468110e+00 9.999988641765595876e-01 1.534523195430139775e-04
1.373447334481170401e-02 1.000020654581071700e+00 9.999988551620893062e-01 1.534523195430139775e-04
1.377647479966981336e-02 9.998369360322640897e-01 9.999988461476161383e-01 1.534523195430139775e-04
1.381847623997600749e-02 1.000138472885707230e+00 9.999988371331459680e-01 1.534523195430139775e-04
1.386047769483411685e-02 9.999593919939365749e-01 9.999988281186725780e-01 1.534891450213760457e-04
1.390247913514031097e-02 9.999330992010119212e-01 9.999988191042021857e-01 1.534523195430139775e-04
1.394448058272246271e-02 9.998950458674161768e-01 9.999988100897305721e-01 1.534523195430139775e-04
1.398648203030461445e-02 1.000010084661422161e+00 9.999988010752589584e-01 1.535261827015196238e-04
1.402848347061080858e-02 9.999261105442711628e-01 9.999987920607885661e-01 1.534523195430139775e-04
1.407048492546891794e-02 1.000217640502476746e+00 9.999987830463151761e-01 1.534523195430139775e-04
1.411248636577511206e-02 9.999825319933099976e-01 9.999987740318450058e-01 1.534618449704118091e-04
1.415448782790917903e-02 9.998402483130394147e-01 9.999987650173700615e-01 1.534523195430139775e-04
1.419648926821537316e-02 9.998566839890941083e-01 9.999987560029000022e-01 1.535056052115490500e-04
1.423849072307348251e-02 1.000183981035734471e+00 9.999987469884266122e-01 1.534523195430139775e-04
1.428049216337967664e-02 1.000086511987910765e+00 9.999987379739562199e-01 1.534523195430139775e-04
1.432249361096182838e-02 9.999143333472587658e-01 9.999987289594846063e-01 1.534523195430139775e-04
1.436449505854398012e-02 1.000276161753219872e+00 9.999987199450128816e-01 1.534523195430139775e-04
1.440649650612613186e-02 1.000012878168955677e+00 9.999987109305410460e-01 1.534523195430139775e-04
1.444849795370828360e-02 9.999499032234463458e-01 9.999987019160692103e-01 1.534523195430139775e-04
1.449049939401447773e-02 9.998978654229829788e-01 9.999986929015990400e-01 1.534523195430139775e-04
1.453250084887258708e-02 9.999263515792923274e-01 9.999986838871258721e-01 1.534977068535576172e-04
1.457450228917878121e-02 9.996428140876281176e-01 9.999986748726554797e-01 1.534543200830164322e-04
1.461650374403689057e-02 9.999119492308369272e-01 9.999986658581820897e-01 1.534523195430139775e-04
1.465850518434308469e-02 1.000001949663662515e+00 9.999986568437120305e-01 1.534523195430139775e-04
1.470050663920119405e-02 1.000243068747119768e+00 9.999986478292387515e-01 1.534523195430139775e-04
1.474250807950738817e-02 9.999720026499270276e-01 9.999986388147684702e-01 1.534523195430139775e-04
1.478450953436549753e-02 9.998686107700797132e-01 9.999986298002950802e-01 1.534789722267731517e-04
1.482651098194764927e-02 1.000094647756734512e+00 9.999986207858231335e-01 1.534523195430139775e-04
1.486851242225384340e-02 9.999059674152487309e-01 9.999986117713530742e-01 1.534523195430139775e-04
1.491051387711195275e-02 1.000012708867946465e+00 9.999986027568797953e-01 1.534523195430139775e-04
1.495251531741814688e-02 1.000011142828687083e+00 9.999985937424097360e-01 1.534523195430139775e-04
1.499451677227625623e-02 9.999688587723328803e-01 9.999985847279361240e-01 1.534523195430139775e-04
1.503651821258245036e-02 9.998176105522141865e-01 9.999985757134659536e-01 1.534523195430139775e-04
1.507851966744055972e-02 9.999646412052977107e-01 9.999985666989927857e-01 1.534523195430139775e-04
1.512052110774675384e-02 9.997810191810178049e-01 9.999985576845226154e-01 1.534523195430139775e-04
1.516252255532890558e-02 1.000280680844668257e+00 9.999985486700507797e-01 1.534657439621446378e-04
1.520452400291105732e-02 1.000003098241810440e+00 9.999985396555789441e-01 1.534523195430139775e-04
1.524652545049320906e-02 9.998870916157421851e-01 9.999985306411072195e-01 1.534616673854434586e-04
1.528852689807536080e-02 9.999842743897964237e-01 9.999985216266353838e-01 1.534544943130170848e-04
1.533052833838155493e-02 1.000037516076829336e+00 9.999985126121649914e-01 1.534523195430139775e-04
1.537252979323966429e-02 9.999668879983232284e-01 9.999985035976918235e-01 1.534593373448316707e-04
1.541453123354585841e-02 9.999040140228266926e-01 9.999984945832217642e-01 1.534523195430139775e-04
1.545653268840396777e-02 9.999437249779142833e-01 9.999984855687482632e-01 1.534581194430391252e-04
1.549853413598611951e-02 1.000026212825041894e+00 9.999984765542766496e-01 1.534523195430139775e-04
1.554053559084422886e-02 1.000034128306905856e+00 9.999984675398030376e-01 1.534523195430139775e-04
1.558253703115042299e-02 1.000059165921826754e+00 9.999984585253328673e-01 1.534540946801717684e-04
1.562453847873257473e-02 1.000062688574158365e+00 9.999984495108612537e-01 1.534523195430139775e-04
1.566653992631472647e-02 9.999024166654645329e-01 9.999984404963896401e-01 1.534523195430139775e-04
1.570854136662092060e-02 1.000146061839038980e+00 9.999984314819192477e-01 1.534523195430139775e-04
1.575054282147902995e-02 9.999120725392656173e-01 9.999984224674458577e-01 1.534523195430139775e-04
1.579254426178522408e-02 1.000191903413226058e+00 9.999984134529756874e-01 1.534624913915018320e-04
1.583454571664333344e-02 1.000023820275335318e+00 9.999984044385025195e-01 1.535067335522241215e-04
1.587654715694952756e-02 1.000006260248423429e+00 9.999983954240320161e-01 1.534523195430139775e-04
1.591854861180763692e-02 9.998682915688840156e-01 9.999983864095587371e-01 1.534523195430139775e-04
1.596055005211383104e-02 1.000024376111084745e+00 9.999983773950886778e-01 1.534523195430139775e-04
1.600255149969598278e-02 1.000153410728305881e+00 9.999983683806167312e-01 1.534523195430139775e-04
1.604455294727813452e-02 9.996643068211055194e-01 9.999983593661448955e-01 1.534523195430139775e-04
1.608655439486028627e-02 9.997078800559376921e-01 9.999983503516732819e-01 1.534523195430139775e-04
1.612855584244243801e-02 1.000000584364229894e+00 9.999983413372015573e-01 1.534523195430139775e-04
1.617055728274863213e-02 9.998476738044420609e-01 9.999983323227314980e-01 1.534523195430139775e-04
1.621255874488269910e-02 9.998841728697948072e-01 9.999983233082565537e-01 1.534523195430139775e-04
1.625456018518889323e-02 9.999385040783075329e-01 9.999983142937861613e-01 1.534523195430139775e-04
1.629656164004700258e-02 9.998604635784855699e-01 9.999983052793127714e-01 1.534523195430139775e-04
1.633856308035319671e-02 9.998153562104967751e-01 9.999982962648426010e-01 1.534523195430139775e-04
1.638056453521130607e-02 1.000083964438123196e+00 9.999982872503694331e-01 1.534523195430139775e-04
1.642256597551750019e-02 9.999330064616752667e-01 9.999982782358991518e-01 1.534523195430139775e-04
1.646456742309965193e-02 9.996069203561807059e-01 9.999982692214274271e-01 1.534538868527357894e-04
1.650656887068180367e-02 9.999666293579132503e-01 9.999982602069555915e-01 1.534523195430139775e-04
1.654857031098799780e-02 9.998803813644222549e-01 9.999982511924854212e-01 1.534523195430139775e-04
1.659057176584610716e-02 9.998627558545947203e-01 9.999982421780118091e-01 1.534523195430139775e-04
1.663257320615230128e-02 9.999144198470846234e-01 9.999982331635417498e-01 1.534523195430139775e-04
1.667457466101041064e-02 9.998420492020272388e-01 9.999982241490684709e-01 1.535503440367487341e-04
1.671657610131660476e-02 9.999282936539793942e-01 9.999982151345984116e-01 1.534585923933558932e-04
1.675857755617471412e-02 1.000000493237024779e+00 9.999982061201247996e-01 1.534523195430139775e-04
1.680057899648090824e-02 1.000002726204507697e+00 9.999981971056546293e-01 1.534523195430139775e-04
1.684258044406305999e-02 9.999947475101593763e-01 9.999981877143044873e-01 1.534523195430139775e-04
1.688458189164521173e-02 1.000040729256046257e+00 9.999981781059279484e-01 1.534523195430139775e-04
1.692658333922736347e-02 9.998048635785045102e-01 9.999981684975511875e-01 1.534516060775323234e-04
1.696858478680951521e-02 9.997644755916957893e-01 9.999981588891746487e-01 1.534523195430139775e-04
1.701058623439166695e-02 9.999663682925093999e-01 9.999981492807982209e-01 1.534523195430139775e-04
1.705258768924977630e-02 1.000022192902748186e+00 9.999981396724201277e-01 1.534523195430139775e-04
1.709458912955597043e-02 1.000130983503799698e+00 9.999981300640451432e-01 1.534523195430139775e-04
1.713659058441407979e-02 1.000050013764109957e+00 9.999981204556670500e-01 1.534523195430139775e-04
1.717859202472027391e-02 1.000030494165480732e+00 9.999981108472920655e-01 1.534523195430139775e-04
1.722059347957838327e-02 1.000072850686567039e+00 9.999981012389140833e-01 1.534523195430139775e-04
1.726259491988457739e-02 9.999676730830732163e-01 9.999980916305390988e-01 1.534523195430139775e-04
1.730459636746672913e-02 9.998015206852485237e-01 9.999980820221625599e-01 1.534523195430139775e-04
1.734659781504888088e-02 9.997573410723019638e-01 9.999980724137860211e-01 1.534755717964398714e-04
1.738859925535507500e-02 1.000081671619778456e+00 9.999980628054112586e-01 1.534523195430139775e-04
1.743060071021318436e-02 9.998362457539683446e-01 9.999980531970329434e-01 1.534865707006800330e-04
1.747260215051937848e-02 9.999372279714693335e-01 9.999980435886581809e-01 1.534538438141165714e-04
1.751460360537748784e-02 9.996952723560086351e-01 9.999980339802799767e-01 1.534523195430139775e-04
1.755660504568368196e-02 1.000199223192972608e+00 9.999980243719052142e-01 1.534523195430139775e-04
1.759860650054179132e-02 9.998092736155399507e-01 9.999980147635268990e-01 1.534523195430139775e-04
1.764060794084798545e-02 9.999503380441113753e-01 9.999980051551521365e-01 1.534523195430139775e-04
1.768260938843013719e-02 9.998966622327880582e-01 9.999979955467755977e-01 1.534523195430139775e-04
1.772461083601228893e-02 1.000022246055148445e+00 9.999979859383991698e-01 1.534523195430139775e-04
1.776661228359444067e-02 9.999082034062799496e-01 9.999979763300226310e-01 1.534523195430139775e-04
1.780861373845255002e-02 9.997804748746208503e-01 9.999979667216443158e-01 1.534523195430139775e-04
1.785061517875874415e-02 9.999645288167672286e-01 9.999979571132693312e-01 1.534523195430139775e-04
1.789261663361685351e-02 1.000041396056358778e+00 9.999979475048912381e-01 1.534523195430139775e-04
1.793461807392304763e-02 9.999643438814104224e-01 9.999979378965163646e-01 1.534523195430139775e-04
1.797661952878115699e-02 1.000068124681644077e+00 9.999979282881382714e-01 1.534542031127282134e-04
1.801862096908735111e-02 1.000048904306774400e+00 9.999979186797632869e-01 1.534523195430139775e-04
1.806062242394546047e-02 9.998754522702397729e-01 9.999979090713851937e-01 1.534523195430139775e-04
1.810262386425165460e-02 9.999101102435973276e-01 9.999978994630102092e-01 1.534523195430139775e-04
1.814462531183380634e-02 9.997410764480366696e-01 9.999978898546336703e-01 1.534523195430139775e-04
1.818662675941595808e-02 9.998836762180393078e-01 9.999978802462572425e-01 1.534635902694758258e-04
1.822862819972215220e-02 9.998792793888011676e-01 9.999978706378822579e-01 1.534992445379758353e-04
1.827062965458026156e-02 9.999097895633675126e-01 9.999978610295041648e-01 1.534523195430139775e-04
1.831263109488645568e-02 1.000117660462289226e+00 9.999978514211291802e-01 1.534523195430139775e-04
1.835463254974456504e-02 9.997283616894799829e-01 9.999978418127510871e-01 1.534523195430139775e-04
1.839663399005075917e-02 9.998032478100097320e-01 9.999978323277313175e-01 1.534523195430139775e-04
1.843863544490886852e-02 9.999593531102989319e-01 9.999978230196632234e-01 1.534535628499117887e-04
1.848063688521506265e-02 9.997447878729516235e-01 9.999978137115985710e-01 1.534523195430139775e-04
1.852263833279721439e-02 1.000086999093853901e+00 9.999978044035320313e-01 1.534523195430139775e-04
1.856463978037936613e-02 9.998953108251735777e-01 9.999977950954656025e-01 1.534541128665812594e-04
1.860664122796151787e-02 9.999278594881779725e-01 9.999977857873992848e-01 1.534523195430139775e-04
1.864864267554366961e-02 9.998548789769000633e-01 9.999977764793328561e-01 1.534523195430139775e-04
1.869064411584986374e-02 9.998449956482744483e-01 9.999977671712680927e-01 1.534523195430139775e-04
1.873264557798393071e-02 9.995841857157304888e-01 9.999977578631984443e-01 1.534523195430139775e-04
1.877464701829012483e-02 9.997760131365223124e-01 9.999977485551335699e-01 1.534523195430139775e-04
1.881664847314823419e-02 1.000152804767830306e+00 9.999977392470654758e-01 1.534523195430139775e-04
1.885864991345442832e-02 9.996138133471974552e-01 9.999977299390008234e-01 1.534523195430139775e-04
1.890065136831253767e-02 9.999413572299844510e-01 9.999977206309327293e-01 1.534563589931857940e-04
1.894265280861873180e-02 9.998623241673664230e-01 9.999977113228680770e-01 1.534523195430139775e-04
1.898465425620088354e-02 9.998176465502260912e-01 9.999977020148017592e-01 1.534523195430139775e-04
1.902665570378303528e-02 9.997257825686102217e-01 9.999976927067351085e-01 1.534523195430139775e-04
1.906865714408922940e-02 9.996491278985291107e-01 9.999976833986702340e-01 1.534523195430139775e-04
1.911065859894733876e-02 1.000056898261507454e+00 9.999976740906023620e-01 1.534635060380921848e-04
1.915266003925353289e-02 9.995907230246171560e-01 9.999976647825374876e-01 1.534523195430139775e-04
1.919466149411164224e-02 9.999858362282415536e-01 9.999976554744693935e-01 1.534523195430139775e-04
1.923666293441783637e-02 1.000062578465429119e+00 9.999976461664048522e-01 1.534523195430139775e-04
1.927866438927594572e-02 1.000138148914364589e+00 9.999976368583366471e-01 1.534523195430139775e-04
1.932066582958213985e-02 9.999220524617262740e-01 9.999976275502721057e-01 1.534523195430139775e-04
1.936266727716429159e-02 9.999002626725541631e-01 9.999976182422056770e-01 1.534523195430139775e-04
1.940466872474644333e-02 9.997472605294371872e-01 9.999976089341393592e-01 1.534523195430139775e-04
1.944667017232859507e-02 9.998875575121788373e-01 9.999975996260729305e-01 1.534523195430139775e-04
1.948867161991074681e-02 1.000003211713950346e+00 9.999975903180066128e-01 1.534523195430139775e-04
1.953067306021694094e-02 9.998819430658240082e-01 9.999975810099415163e-01 1.534523195430139775e-04
1.957267451507505029e-02 9.999622791979905223e-01 9.999975717018738663e-01 1.534523195430139775e-04
1.961467595538124442e-02 9.999245085661876420e-01 9.999975623938087699e-01 1.534564948624929728e-04
1.965667741023935378e-02 9.994674557284469740e-01 9.999975530857406758e-01 1.534523195430139775e-04
1.969867885782150552e-02 9.998733555683962937e-01 9.999975437776742471e-01 1.534664090283854052e-04
1.974068031267961487e-02 9.999798521728784362e-01 9.999975344696063750e-01 1.534523195430139775e-04
1.978268175298580900e-02 9.998684504148332985e-01 9.999975251615415006e-01 1.534523195430139775e-04
1.982468320056796074e-02 9.999106720501638179e-01 9.999975158534751829e-01 1.534523195430139775e-04
1.986668464815011248e-02 9.997778449197072259e-01 9.999975065454087542e-01 1.534840425488031949e-04
1.990868608845630661e-02 9.997571547446459927e-01 9.999974972373442128e-01 1.534523195430139775e-04
1.995068754331441596e-02 9.998125585307477969e-01 9.999974879292760077e-01 1.534616602525256670e-04
1.999268898362061009e-02 9.996163918186888875e-01 9.999974786212112443e-01 1.534523195430139775e-04
2.003469043847871944e-02 9.997045079860338301e-01 9.999974693131432613e-01 1.534523195430139775e-04
2.007669187878491357e-02 9.998670952997503747e-01 9.999974600050784979e-01 1.534749215907527011e-04
2.011869333364302292e-02 9.999686533336435978e-01 9.999974506970102928e-01 1.534445372671163247e-04
2.016069477394921705e-02 9.998973219574693871e-01 9.999974413889455294e-01 1.534523195430139775e-04
2.020269622153136879e-02 9.998521594234693888e-01 9.999974320808791006e-01 1.534523195430139775e-04
2.024469766911352053e-02 1.000006569528503864e+00 9.999974227728127829e-01 1.534523195430139775e-04
2.028669911669567227e-02 9.999457815579445574e-01 9.999974134647463542e-01 1.534580629589647630e-04
2.032870056427782401e-02 9.997292137254845112e-01 9.999974041566800365e-01 1.534523195430139775e-04
2.037070200458401814e-02 9.997788479463748379e-01 9.999973948486151620e-01 1.534613964965219214e-04
2.041270345944212750e-02 9.998625961842663168e-01 9.999973855405472900e-01 1.534528690602150074e-04
2.045470489974832162e-02 9.998412714602619156e-01 9.999973762324824156e-01 1.534872268641966208e-04
2.049670635460643098e-02 9.999366631921017268e-01 9.999973669244143215e-01 1.534523195430139775e-04
2.053870779491262510e-02 1.000045139292347063e+00 9.999973576163494471e-01 1.534523195430139775e-04
2.058070924977073446e-02 9.999057726226027176e-01 9.999973483082815751e-01 1.534523195430139775e-04
2.062271069007692859e-02 9.999974349943401286e-01 9.999973390002167006e-01 1.535009407077758269e-04
2.066471213765908033e-02 9.996670314979395622e-01 9.999973296921503829e-01 1.534523195430139775e-04
2.070671358524123207e-02 9.998645792102496266e-01 9.999973203840839542e-01 1.534523195430139775e-04
2.074871502554742619e-02 1.000139371752920336e+00 9.999973110760191908e-01 1.534903837047440806e-04
2.079071648768149316e-02 9.998867881225913523e-01 9.999973017679495424e-01 1.534523195430139775e-04
2.083271792798768729e-02 9.997571505367649491e-01 9.999972924598848900e-01 1.534658855129378600e-04
2.087471938284579664e-02 9.998080374601506781e-01 9.999972831518167959e-01 1.534523195430139775e-04
2.091672082315199077e-02 9.999173278073963944e-01 9.999972738437521436e-01 1.535207561278850296e-04
2.095872227801010013e-02 9.998892543310468062e-01 9.999972645356840495e-01 1.534523195430139775e-04
2.100072371831629425e-02 9.997925385876673676e-01 9.999972552276193971e-01 1.535259438130102266e-04
2.104272516589844599e-02 9.997204534715341540e-01 9.999972459195529684e-01 1.535142176839720521e-04
2.108472661348059773e-02 9.999403483268556325e-01 9.999972366114864286e-01 1.534544943130170848e-04
2.112672806106274948e-02 1.000094194617646481e+00 9.999972273034201109e-01 1.534523195430139775e-04
2.116872950864490122e-02 9.999540369466346501e-01 9.999972179953536822e-01 1.534523195430139775e-04
2.121073094895109534e-02 1.000098981775675355e+00 9.999972086872888077e-01 1.534523195430139775e-04
2.125273240380920470e-02 9.997655140976959842e-01 9.999971993792207137e-01 1.534526354507522599e-04
2.129473384411539882e-02 1.000044789548166335e+00 9.999971900711560613e-01 1.535150232832819693e-04
2.133673529897350818e-02 9.999627580824115292e-01 9.999971807630879672e-01 1.534523195430139775e-04
2.137873673927970231e-02 9.997949636018121922e-01 9.999971714550233148e-01 1.534523195430139775e-04
2.142073819413781166e-02 9.997068874632535351e-01 9.999971621469552208e-01 1.535021980057992247e-04
2.146273963444400579e-02 1.000076335571407293e+00 9.999971528388904574e-01 1.534546687655115001e-04
2.150474108202615753e-02 9.999559501929172756e-01 9.999971435308240286e-01 1.534523195430139775e-04
2.154674252960830927e-02 9.999084889442461099e-01 9.999971342227577109e-01 1.534523195430139775e-04
2.158874396991450340e-02 9.998360568906765611e-01 9.999971249146928365e-01 1.534523195430139775e-04
2.163074542477261275e-02 9.999379122261033981e-01 9.999971156066247424e-01 1.534523195430139775e-04
2.167274686507880688e-02 9.998427175611256379e-01 9.999971062985600900e-01 1.534523195430139775e-04
2.171474831993691623e-02 1.000156287050161019e+00 9.999970969904919960e-01 1.534523195430139775e-04
2.175674976024311036e-02 9.999352619313104373e-01 9.999970876824273436e-01 1.535151457009971214e-04
2.179875121510121971e-02 9.997762121846274219e-01 9.999970783743592495e-01 1.534523195430139775e-04
2.184075265540741384e-02 9.998302212591220206e-01 9.999970690662943751e-01 1.534523195430139775e-04
2.188275410298956558e-02 9.998542803278419600e-01 9.999970597582280574e-01 1.534523195430139775e-04
2.192475555057171732e-02 1.000137921951656628e+00 9.999970504501616286e-01 1.534523195430139775e-04
2.196675699815386906e-02 9.998218921734418618e-01 9.999970411420953109e-01 1.534523195430139775e-04
2.200875845301197842e-02 9.998594282684095669e-01 9.999970318340273279e-01 1.534523195430139775e-04
2.205075989331817254e-02 1.000061611081484392e+00 9.999970225259623424e-01 1.534631921359820691e-04
2.209276134817628190e-02 1.000145836116048459e+00 9.999970132178945814e-01 1.534523195430139775e-04
2.213476278848247603e-02 9.998562565607428398e-01 9.999970039098295960e-01 1.534523195430139775e-04
2.217676424334058538e-02 1.000034566786486279e+00 9.999969946017616129e-01 1.534523195430139775e-04
2.221876568364677951e-02 9.999399762373185618e-01 9.999969852936968495e-01 1.534552091656742425e-04
2.226076713850488886e-02 1.000080170582772210e+00 9.999969759856288665e-01 1.534523195430139775e-04
2.230276857881108299e-02 1.000035426418357964e+00 9.999969666775641031e-01 1.534523195430139775e-04
2.234477002639323473e-02 9.999749231508737735e-01 9.999969573694976743e-01 1.534695806214001249e-04
2.238677147397538647e-02 9.998217578275940820e-01 9.999969480614313566e-01 1.534523195430139775e-04
2.242877291428158060e-02 1.000210162125789504e+00 9.999969387533662601e-01 1.534523195430139775e-04
2.247077436913968995e-02 9.999683856594233644e-01 9.999969294452986102e-01 1.534523195430139775e-04
2.251277580944588408e-02 9.998473984302765905e-01 9.999969201372335137e-01 1.534523195430139775e-04
2.255477726430399343e-02 9.999855638481232045e-01 9.999969107380841660e-01 1.534523195430139775e-04
2.259677870461018756e-02 9.998701719077188743e-01 9.999969007616801298e-01 1.534523195430139775e-04
2.263878015946829692e-02 1.000060850268210011e+00 9.999968907852724298e-01 1.534523195430139775e-04
2.268078159977449104e-02 9.998781043874096497e-01 9.999968808088681715e-01 1.534538868527357894e-04
2.272278304735664278e-02 9.997439836641158761e-01 9.999968708324624700e-01 1.534523159368951560e-04
2.276478449493879452e-02 9.999543681466878109e-01 9.999968608560563244e-01 1.534510946008807366e-04
2.280678594252094626e-02 9.999948057108084543e-01 9.999968508796505118e-01 1.534523195430139775e-04
2.284878739010309801e-02 1.000109558283459155e+00 9.999968409032448102e-01 1.534523195430139775e-04
2.289078883040929213e-02 1.000217819973317157e+00 9.999968309268405520e-01 1.534523195430139775e-04
2.293279028526740149e-02 9.999317848545704601e-01 9.999968209504328520e-01 1.534523195430139775e-04
2.297479172557359561e-02 9.997383548912927020e-01 9.999968109740288158e-01 1.534523195430139775e-04
2.301679318043170497e-02 1.000209272274992900e+00 9.999968009976211158e-01 1.534523195430139775e-04
2.305879462073789909e-02 9.997927009899542083e-01 9.999967910212168576e-01 1.534523195430139775e-04
2.310079607559600845e-02 9.998856120321573115e-01 9.999967810448093797e-01 1.534523195430139775e-04
2.314279751590220258e-02 9.998251720129726072e-01 9.999967710684048994e-01 1.534523195430139775e-04
2.318479896348435432e-02 9.998785583775912089e-01 9.999967610919991978e-01 1.534523195430139775e-04
2.322680041106650606e-02 9.998312335989434363e-01 9.999967511155934963e-01 1.534523195430139775e-04
2.326880185137270018e-02 9.999937902078190888e-01 9.999967411391890160e-01 1.534523195430139775e-04
2.331080330623080954e-02 9.999030821078118692e-01 9.999967311627815381e-01 1.534523195430139775e-04
2.335280474653700367e-02 1.000109112645379827e+00 9.999967211863772798e-01 1.534767285020046984e-04
2.339480620139511302e-02 1.000074021342466368e+00 9.999967112099698019e-01 1.534527401560071159e-04
2.343680764170130715e-02 9.999504608458731347e-01 9.999967012335655436e-01 1.534730412392349536e-04
2.347880909655941650e-02 9.999930970653511109e-01 9.999966912571578437e-01 1.534573050366395475e-04
2.352081054414156824e-02 9.999558285366182409e-01 9.999966812807519201e-01 1.534523195430139775e-04
2.356281199172371998e-02 9.999712791446376814e-01 9.999966713043461075e-01 1.534523195430139775e-04
2.360481343930587173e-02 1.000004777866048133e+00 9.999966613279404060e-01 1.534523195430139775e-04
2.364681488688802347e-02 9.999802531196920752e-01 9.999966520497067801e-01 1.534523195430139775e-04
2.368881633447017521e-02 9.998853326551341292e-01 9.999966427738234964e-01 1.534523195430139775e-04
2.373081777477636933e-02 1.000101064870622114e+00 9.999966334979417670e-01 1.534523195430139775e-04
2.377281922963447869e-02 1.000061708733346322e+00 9.999966242220568180e-01 1.534523195430139775e-04
2.381482066994067281e-02 1.000132819314787813e+00 9.999966149461753107e-01 1.534573050366395475e-04
2.385682212479878217e-02 1.000033580853157300e+00 9.999966056702904726e-01 1.534573050366395475e-04
2.389882356510497630e-02 1.000185949901748472e+00 9.999965963944088543e-01 1.534523195430139775e-04
2.394082501996308565e-02 1.000011763474656812e+00 9.999965871185240163e-01 1.534523195430139775e-04
2.398282646026927978e-02 9.997205913993890691e-01 9.999965778426422869e-01 1.534523195430139775e-04
2.402482790785143152e-02 1.000115447001987068e+00 9.999965685667588922e-01 1.534960802987751251e-04
2.406682935543358326e-02 1.000014584288760444e+00 9.999965594611941455e-01 1.534523195430139775e-04
2.410883079573977739e-02 9.998179848098747158e-01 9.999965503961444346e-01 1.534523195430139775e-04
2.415083225059788674e-02 9.997256208334823757e-01 9.999965413310921702e-01 1.535314400859346447e-04
2.419283369090408087e-02 9.999862125040537286e-01 9.999965322660424594e-01 1.534583908176354765e-04
2.423483514576219022e-02 1.000074674940261810e+00 9.999965232009897509e-01 1.534523195430139775e-04
2.427683658606838435e-02 9.998006298045118978e-01 9.999965141359404841e-01 1.534696445357313906e-04
2.431883804092649370e-02 9.997826851493607503e-01 9.999965050708877756e-01 1.534951155951366460e-04
2.436083948123268783e-02 9.999096274259892114e-01 9.999964960058385088e-01 1.534523195430139775e-04
2.440284092881483957e-02 1.000079936349726806e+00 9.999964869407872436e-01 1.534523195430139775e-04
2.444484237639699131e-02 9.999864101286530804e-01 9.999964778757363115e-01 1.534646009193600278e-04
2.448684382397914305e-02 9.999207362553439449e-01 9.999964688106850463e-01 1.534523195430139775e-04
2.452884527156129479e-02 1.000033730755057304e+00 9.999964597456340032e-01 1.534523195430139775e-04
2.457084671186748892e-02 1.000030821651912483e+00 9.999964506805848474e-01 1.534523195430139775e-04
2.461284816672559828e-02 9.999572014318338642e-01 9.999964416155320279e-01 1.534523195430139775e-04
2.465484960703179240e-02 1.000029563590521864e+00 9.999964325504826501e-01 1.534554994516880021e-04
2.469685106188990176e-02 1.000168899654255483e+00 9.999964234854300527e-01 1.534523195430139775e-04
2.473885250219609588e-02 9.998774461113892897e-01 9.999964144203803418e-01 1.534523195430139775e-04
2.478085395705420524e-02 1.000028277142275268e+00 9.999964053553280774e-01 1.534523195430139775e-04
2.482285539736039937e-02 9.998751116888049406e-01 9.999963962902783665e-01 1.534523195430139775e-04
2.486485684494255111e-02 1.000076891594454231e+00 9.999963872252274344e-01 1.534531175983181914e-04
2.490685829252470285e-02 9.998806031355046420e-01 9.999963781601763912e-01 1.534716893647750026e-04
2.494885973283089697e-02 1.000195834241561998e+00 9.999963690951269024e-01 1.535041875165787614e-04
2.499086118768900633e-02 1.000262988602794056e+00 9.999963600300744160e-01 1.534523195430139775e-04
2.503286262799520046e-02 1.000081565979910048e+00 9.999963509650247051e-01 1.534523195430139775e-04
2.507486408285330981e-02 1.000073501852100089e+00 9.999963418999724407e-01 1.535131943263672862e-04
2.511686552315950394e-02 1.000089246807757126e+00 9.999963328349227298e-01 1.534523195430139775e-04
2.515886697801761329e-02 1.000127625253039776e+00 9.999963237698702434e-01 1.534523195430139775e-04
2.520086841832380742e-02 1.000033010284592017e+00 9.999963147048207546e-01 1.534826189201222437e-04
2.524286986590595916e-02 9.996058153110127797e-01 9.999963056397697114e-01 1.534523195430139775e-04
2.528487131348811090e-02 9.999988110353879023e-01 9.999962965747187793e-01 1.534523195430139775e-04
2.532687276107026264e-02 1.000025699034468252e+00 9.999962875096677362e-01 1.534523195430139775e-04
2.536887420865241438e-02 1.000175663412227856e+00 9.999962784446165820e-01 1.534523195430139775e-04
2.541087564895860851e-02 1.000113582083079322e+00 9.999962693795670932e-01 1.534523195430139775e-04
2.545287710381671786e-02 9.999341218147952404e-01 9.999962603145142737e-01 1.534523195430139775e-04
2.549487854412291199e-02 1.000365560011132082e+00 9.999962512494651179e-01 1.534523195430139775e-04
2.553687999898102134e-02 9.999250091979703381e-01 9.999962421844122984e-01 1.534523195430139775e-04
2.557888143928721547e-02 1.000141379490541160e+00 9.999962331193628096e-01 1.534523195430139775e-04
2.562088289414532483e-02 1.000172482566620946e+00 9.999962240543103231e-01 1.534523195430139775e-04
2.566288434172747657e-02 9.998431003823536889e-01 9.999962149892592800e-01 1.534523195430139775e-04
2.570488578930962831e-02 1.000169103433453888e+00 9.999962059242083479e-01 1.534523195430139775e-04
2.574688723689178005e-02 1.000082321231725802e+00 9.999961968591573047e-01 1.534523195430139775e-04
2.578888867719797418e-02 1.000066941390994169e+00 9.999961877941077049e-01 1.534523195430139775e-04
2.583089013205608353e-02 1.000279553306537395e+00 9.999961787290551074e-01 1.534523195430139775e-04
2.587289157236227766e-02 1.000235739965480652e+00 9.999961696640056186e-01 1.534523195430139775e-04
2.591489302722038701e-02 1.000206221112010185e+00 9.999961605989529101e-01 1.534961090269897565e-04
2.595689446752658114e-02 1.000161444966254365e+00 9.999961515339036433e-01 1.534809668926989364e-04
2.599889592238469049e-02 9.998764367112582541e-01 9.999961424688509348e-01 1.534523195430139775e-04
2.604089736269088462e-02 1.000236260761981466e+00 9.999961334038016680e-01 1.534523195430139775e-04
2.608289881027303636e-02 9.998485766905270689e-01 9.999961243387504028e-01 1.534523195430139775e-04
2.612490025785518810e-02 1.000229749079388331e+00 9.999961152736994707e-01 1.534840834432388734e-04
2.616690170543733984e-02 9.997419964968538020e-01 9.999961062086482055e-01 1.534523195430139775e-04
2.620890315301949158e-02 1.000011323685611631e+00 9.999960971435972734e-01 1.534924030479940685e-04
2.625090459332568571e-02 9.999990685623385556e-01 9.999960880785480066e-01 1.534523195430139775e-04
2.629290604818379506e-02 9.997591495350757196e-01 9.999960790134952981e-01 1.534523195430139775e-04
2.633490748848998919e-02 1.000299445645247864e+00 9.999960699484458093e-01 1.534523195430139775e-04
2.637690894334809855e-02 1.000123674951983954e+00 9.999960608833932119e-01 1.534523195430139775e-04
2.641891038365429267e-02 1.000117171237756564e+00 9.999960518183436120e-01 1.534523195430139775e-04
2.646091183123644441e-02 9.998431522485261569e-01 9.999960427532925689e-01 1.534523195430139775e-04
2.650291327881859615e-02 1.000166072435443088e+00 9.999960336882415257e-01 1.534523195430139775e-04
2.654491472640074790e-02 9.999436477837470028e-01 9.999960246231905936e-01 1.534530219257654933e-04
2.658691617398289964e-02 1.000164357587653097e+00 9.999960155581395504e-01 1.534523195430139775e-04
2.662891761428909376e-02 9.998239435404001618e-01 9.999960064930901726e-01 1.534523195430139775e-04
2.667091906914720312e-02 9.997909541590309646e-01 9.999959974280375752e-01 1.534523195430139775e-04
2.671292050945339724e-02 1.000152033661521278e+00 9.999959883629878643e-01 1.534523195430139775e-04
2.675492196431150660e-02 1.000089968988979283e+00 9.999959792979353779e-01 1.534523195430139775e-04
2.679692340461770073e-02 9.999291524039538581e-01 9.999959702328858890e-01 1.534523195430139775e-04
2.683892485947581008e-02 1.000016127327955751e+00 9.999959611678331806e-01 1.534523195430139775e-04
2.688092629978200421e-02 9.999520194327692346e-01 9.999959521027839138e-01 1.534523195430139775e-04
2.692292774736415595e-02 1.000069000405644948e+00 9.999959430377329817e-01 1.534523195430139775e-04
2.696492919494630769e-02 9.999854390408308147e-01 9.999959339726819385e-01 1.534593262041746974e-04
2.700693064252845943e-02 9.998915739983847972e-01 9.999959249076306733e-01 1.534523195430139775e-04
2.704893209011061117e-02 1.000183947261148010e+00 9.999959158425797412e-01 1.534523195430139775e-04
2.709093353041680530e-02 9.998540226479089021e-01 9.999959067775302524e-01 1.534523195430139775e-04
2.713293498527491465e-02 1.000092651080510597e+00 9.999958977124775439e-01 1.534701259560163208e-04
2.717493642558110878e-02 1.000143331608618569e+00 9.999958886474282771e-01 1.534523195430139775e-04
2.721693788043921813e-02 9.999502968218103582e-01 9.999958795823754576e-01 1.534523195430139775e-04
2.725893932074541226e-02 1.000205251409638230e+00 9.999958705173260798e-01 1.534523195430139775e-04
2.730094076832756400e-02 1.000243774642376904e+00 9.999958614522750366e-01 1.534523195430139775e-04
2.734294221590971574e-02 1.000048776776249593e+00 9.999958523872241045e-01 1.534523195430139775e-04
2.738494366349186748e-02 1.000031888467771912e+00 9.999958433221728393e-01 1.535195221603626015e-04
2.742694511107401922e-02 1.000034907218671387e+00 9.999958342571217962e-01 1.534527423073563915e-04
2.746894655138021335e-02 9.999995038910164391e-01 9.999958251920726404e-01 1.534523195430139775e-04
2.751094800623832271e-02 9.999534848368752948e-01 9.999958161270198209e-01 1.535197276599167696e-04
2.755294944654451683e-02 1.000185080335130872e+00 9.999958070619703321e-01 1.534523195430139775e-04
2.759495090140262619e-02 9.999274016456907166e-01 9.999957979969178457e-01 1.534662231345424431e-04
2.763695234170882031e-02 1.000073510095333518e+00 9.999957889318681348e-01 1.534785894792073326e-04
2.767895379656692967e-02 9.998863228144049264e-01 9.999957798668158704e-01 1.534523195430139775e-04
2.772095523687312379e-02 1.000234164218644084e+00 9.999957708017661595e-01 1.535465955511146731e-04
2.776295668445527554e-02 1.000282750966237977e+00 9.999957617367152274e-01 1.534523195430139775e-04
2.780495813203742728e-02 1.000379361129068334e+00 9.999957526716641842e-01 1.534523195430139775e-04
2.784695957961957902e-02 1.000186069648855813e+00 9.999957436066131411e-01 1.534523195430139775e-04
2.788896102720173076e-02 9.999763697931618456e-01 9.999957345415622090e-01 1.534523195430139775e-04
2.793096246750792488e-02 9.999723649647253021e-01 9.999957260572842621e-01 1.534523195430139775e-04
2.797296392236603424e-02 9.999513283277728926e-01 9.999957184512816566e-01 1.534523195430139775e-04
2.801496536267222837e-02 9.998142593320593630e-01 9.999957108452818266e-01 1.534805272407040590e-04
2.805696681753033772e-02 9.999210380526390995e-01 9.999957032392792211e-01 1.534530199664556089e-04
2.809896825783653185e-02 9.999122537133873223e-01 9.999956956332790581e-01 1.535067040864829951e-04
2.814096970541868359e-02 9.996263822538042909e-01 9.999956880272778958e-01 1.534648661181473831e-04
2.818297115300083533e-02 1.000065106968764495e+00 9.999956804212766226e-01 1.534523195430139775e-04
2.822497260058298707e-02 1.000126177640964897e+00 9.999956728152752383e-01 1.534523195430139775e-04
2.826697404816513881e-02 1.000143223310700602e+00 9.999956652092739651e-01 1.534523195430139775e-04
2.830897548847133294e-02 9.998864928006517827e-01 9.999956576032739131e-01 1.534523195430139775e-04
2.835097694332944229e-02 9.999905913554121284e-01 9.999956499972713075e-01 1.534523195430139775e-04
2.839297838363563642e-02 9.999617423416554685e-01 9.999956423912712555e-01 1.534553570296389130e-04
2.843497983849374577e-02 9.998448506968901084e-01 9.999956347852686500e-01 1.534751645225350847e-04
2.847698127879993990e-02 1.000370540155565813e+00 9.999956271792685980e-01 1.534523195430139775e-04
2.851898273365804926e-02 1.000025473990381997e+00 9.999956195732659925e-01 1.534523195430139775e-04
2.856098417396424338e-02 1.000114033964488947e+00 9.999956119672662735e-01 1.534523195430139775e-04
2.860298562154639512e-02 9.998662567506934051e-01 9.999956043612648893e-01 1.534554352986161770e-04
2.864498706912854686e-02 9.998595320014778132e-01 9.999955967552636160e-01 1.535215419499514375e-04
2.868698851671069860e-02 9.998914059026688950e-01 9.999955891492622317e-01 1.534523195430139775e-04
2.872898996429285035e-02 1.000090011515049948e+00 9.999955815432609585e-01 1.534760063818885265e-04
2.877099140459904447e-02 1.000113177307859091e+00 9.999955739372609065e-01 1.534523195430139775e-04
2.881299285945715383e-02 1.000095364056602154e+00 9.999955663312583010e-01 1.534523195430139775e-04
2.885499429976334795e-02 9.998844979119467791e-01 9.999955587252582490e-01 1.534523195430139775e-04
2.889699575462145731e-02 1.000271266182239494e+00 9.999955506824570461e-01 1.534523195430139775e-04
2.893899719492765144e-02 1.000287376696394004e+00 9.999955411979073450e-01 1.534523195430139775e-04
2.898099864250980318e-02 9.999395793766515661e-01 9.999955317133559785e-01 1.534523195430139775e-04
2.902300009009195492e-02 1.000040212798472883e+00 9.999955222288047230e-01 1.534523195430139775e-04
2.906500153767410666e-02 1.000010558329880173e+00 9.999955127442535785e-01 1.534523195430139775e-04
2.910700298525625840e-02 1.000109506908995582e+00 9.999955032597023230e-01 1.534523195430139775e-04
2.914900442556245252e-02 9.998456593032005735e-01 9.999954937751525108e-01 1.534523195430139775e-04
2.919100588042056188e-02 1.000137633756471134e+00 9.999954842905998120e-01 1.534931564914276882e-04
2.923300732072675601e-02 9.997502717408282003e-01 9.999954748060501108e-01 1.534523195430139775e-04
2.927500877558486536e-02 1.000049027712852423e+00 9.999954653214971900e-01 1.534523195430139775e-04
2.931701021589105949e-02 9.996719215951387350e-01 9.999954558369474888e-01 1.534730321210099526e-04
2.935901167074916884e-02 9.997198610586615075e-01 9.999954463523945680e-01 1.534523195430139775e-04
2.940101311105536297e-02 9.997156455975766409e-01 9.999954368678448668e-01 1.534786345964308477e-04
2.944301455863751471e-02 9.998906083413885426e-01 9.999954273832937224e-01 1.534523195430139775e-04
2.948501600621966645e-02 1.000179846919007076e+00 9.999954178987425779e-01 1.534523195430139775e-04
2.952701745380181819e-02 9.999467949130503852e-01 9.999954084141911004e-01 1.534523195430139775e-04
2.956901890138396993e-02 1.000109420112910597e+00 9.999953989296399559e-01 1.534768821190380988e-04
2.961102034169016406e-02 1.000220656268979935e+00 9.999953894450902547e-01 1.534523195430139775e-04
2.965302179654827341e-02 1.000062626455588743e+00 9.999953799605373339e-01 1.534523195430139775e-04
2.969502323685446754e-02 1.000087404096140498e+00 9.999953704759878548e-01 1.534523195430139775e-04
2.973702469171257690e-02 9.998929302551905485e-01 9.999953609914349340e-01 1.534523195430139775e-04
2.977902613201877102e-02 9.999295389234602593e-01 9.999953515068850107e-01 1.534523195430139775e-04
2.982102757960092276e-02 1.000000973909315638e+00 9.999953420223338663e-01 1.534523195430139775e-04
2.986302902718307450e-02 1.000176973670777736e+00 9.999953325377827218e-01 1.534830984951408026e-04
2.990503047476522624e-02 1.000163200643642281e+00 9.999953230532314663e-01 1.534523195430139775e-04
2.994703192234737799e-02 1.000189075098498748e+00 9.999953135686800998e-01 1.534916163481599399e-04
2.998903336265357211e-02 9.999285589438988708e-01 9.999953040841303986e-01 1.534523195430139775e-04
3.003103481751168147e-02 1.000131531747969982e+00 9.999952945995774778e-01 1.534523195430139775e-04
3.007303625781787559e-02 9.999948668392411033e-01 9.999952851150279987e-01 1.534523195430139775e-04
3.011503771267598495e-02 9.998767054567432311e-01 9.999952756304750778e-01 1.534551832401143394e-04
3.015703915298217908e-02 9.996303511564941235e-01 9.999952661459252656e-01 1.534523195430139775e-04
3.019904060784028843e-02 9.998508609335636788e-01 9.999952566613724558e-01 1.534572007297895792e-04
3.024104204814648256e-02 9.999865763510753514e-01 9.999952471768228657e-01 1.534523195430139775e-04
3.028304349572863430e-02 9.999645320032339857e-01 9.999952376922716102e-01 1.534523195430139775e-04
3.032504494331078604e-02 9.998054958007398518e-01 9.999952282077204657e-01 1.534523195430139775e-04
3.036704638361698017e-02 1.000315873469563854e+00 9.999952187231705425e-01 1.534573141694288532e-04
3.040904783847508952e-02 9.998322336499829710e-01 9.999952092386176217e-01 1.534523195430139775e-04
3.045104927878128365e-02 1.000003909667337876e+00 9.999951997540681425e-01 1.534523195430139775e-04
3.049305073363939300e-02 1.000135722964757612e+00 9.999951902695152217e-01 1.534903930548311914e-04
3.053505217394558713e-02 1.000055304309043658e+00 9.999951807849656316e-01 1.535066521540419545e-04
3.057705362880369648e-02 9.998002393277132249e-01 9.999951713004125997e-01 1.534938333518267163e-04
3.061905506910989061e-02 1.000057929010083280e+00 9.999951618158630096e-01 1.534523195430139775e-04
3.066105651669204235e-02 1.000076731048411105e+00 9.999951523313117541e-01 1.534628659239936578e-04
3.070305796427419409e-02 9.999514567848235558e-01 9.999951428467606096e-01 1.534523195430139775e-04
3.074505941185634583e-02 9.998131970675586677e-01 9.999951333622092431e-01 1.534523195430139775e-04
3.078706085943849757e-02 9.999084988068196456e-01 9.999951238776577656e-01 1.534523195430139775e-04
3.082906229974469170e-02 1.000025716522075392e+00 9.999951143931083974e-01 1.534523195430139775e-04
3.087106375460280105e-02 9.998911469494434767e-01 9.999951049085553656e-01 1.534553224283836481e-04
3.091306519490899518e-02 1.000171360684376509e+00 9.999950954240059975e-01 1.534523195430139775e-04
3.095506664976710454e-02 9.999522727906824393e-01 9.999950859394529656e-01 1.534523195430139775e-04
3.099706809007329866e-02 1.000012692379316004e+00 9.999950764549031534e-01 1.534523195430139775e-04
3.103906954493140802e-02 9.999918318540380602e-01 9.999950669703502326e-01 1.534523286761000293e-04
3.108107098523760214e-02 9.998957991120223099e-01 9.999950574858007535e-01 1.535743221799586731e-04
3.112307243281975389e-02 1.000002520514172710e+00 9.999950480012496090e-01 1.534514098123326744e-04
3.116507388040190563e-02 9.997936420104520661e-01 9.999950385166981315e-01 1.534523195430139775e-04
3.120707532070809975e-02 1.000006305101248216e+00 9.999950290321485413e-01 1.534523195430139775e-04
3.124907677556620911e-02 1.000083282062230516e+00 9.999950195475955095e-01 1.535703227314817927e-04
3.129107821587240323e-02 9.999110773909094529e-01 9.999950100630461414e-01 1.534523195430139775e-04
3.133307967073051259e-02 9.999166133816237423e-01 9.999950005784932205e-01 1.534523195430139775e-04
3.137508111103670672e-02 9.998416259469101730e-01 9.999949910939432973e-01 1.534523195430139775e-04
3.141708256589481607e-02 1.000072857994798170e+00 9.999949830388745742e-01 1.534523195430139775e-04
3.145908400620101020e-02 9.996154514627264565e-01 9.999949753990907686e-01 1.534523195430139775e-04
3.150108545378316194e-02 9.998339201595363157e-01 9.999949677593054087e-01 1.534583251112287981e-04
3.154308690136531368e-02 1.000025372912515920e+00 9.999949601195204929e-01 1.534843410513152099e-04
3.158508834894746542e-02 9.998704923512599096e-01 9.999949524797351330e-01 1.534523195430139775e-04
3.162708979652961716e-02 9.998443354239858749e-01 9.999949448399501062e-01 1.534523195430139775e-04
3.166909123683581129e-02 1.000058237979488229e+00 9.999949372001660786e-01 1.534523195430139775e-04
3.171109269169392064e-02 9.999612906602156626e-01 9.999949295603796084e-01 1.534523195430139775e-04
3.175309413200011477e-02 9.998564849764902673e-01 9.999949219205958029e-01 1.534844289680902256e-04
3.179509558685822412e-02 1.000000116321419386e+00 9.999949142808093328e-01 1.534523195430139775e-04
3.183709702716441825e-02 9.997392966167216732e-01 9.999949066410255272e-01 1.534523195430139775e-04
3.187909848202252761e-02 1.000016483176470183e+00 9.999948990012390571e-01 1.534523195430139775e-04
3.192109992232872173e-02 1.000127722188099533e+00 9.999948913614551405e-01 1.534523195430139775e-04
3.196310136991087347e-02 9.998968555293255012e-01 9.999948837216700026e-01 1.535335339824894600e-04
3.200510281749302521e-02 1.000218910736905720e+00 9.999948760818846427e-01 1.534523195430139775e-04
3.204710425779921934e-02 1.000062249433252282e+00 9.999948684421010592e-01 1.534523195430139775e-04
3.208910571265732870e-02 1.000319583121742184e+00 9.999948608023143670e-01 1.534672665345271012e-04
3.213110715296352282e-02 9.999146540076181422e-01 9.999948531625307835e-01 1.534523195430139775e-04
3.217310860782163218e-02 1.000065484979153707e+00 9.999948455227440913e-01 1.534523195430139775e-04
3.221511004812782630e-02 1.000046123465855752e+00 9.999948378829601747e-01 1.534523195430139775e-04
3.225711150298593566e-02 1.000137006761155467e+00 9.999948302431737046e-01 1.534573050366395475e-04
3.229911294329212978e-02 9.999325815346843394e-01 9.999948226033898990e-01 1.534527083004472050e-04
3.234111439087428153e-02 1.000104637524787288e+00 9.999948149636047612e-01 1.535138425708920771e-04
3.238311583845643327e-02 9.998029426491443772e-01 9.999948073238196233e-01 1.534523195430139775e-04
3.242511728603858501e-02 1.000312621814627212e+00 9.999947996840344855e-01 1.534523195430139775e-04
3.246711873362073675e-02 1.000234286876670708e+00 9.999947917053099156e-01 1.534523195430139775e-04
3.250912017392693087e-02 1.000265096141937482e+00 9.999947832748159460e-01 1.534543796582952516e-04
3.255112162878504023e-02 1.000150489422194422e+00 9.999947748443192008e-01 1.534523195430139775e-04
3.259312306909123436e-02 1.000165242531100729e+00 9.999947664138251202e-01 1.534523195430139775e-04
3.263512452394934371e-02 1.000048517798219461e+00 9.999947579833282640e-01 1.534523195430139775e-04
3.267712596425553784e-02 1.000070901156312697e+00 9.999947495528341834e-01 1.534523195430139775e-04
3.271912741911364719e-02 1.000100420457891381e+00 9.999947411223374383e-01 1.534523195430139775e-04
3.276112885941984132e-02 9.998753517264052926e-01 9.999947326918434687e-01 1.534523195430139775e-04
3.280313030700199306e-02 1.000047395614788392e+00 9.999947242613480558e-01 1.534523195430139775e-04
3.284513175458414480e-02 9.999493782899160355e-01 9.999947158308528650e-01 1.534523195430139775e-04
3.288713318761438131e-02 1.000337693697161967e+00 9.999947074003602276e-01 1.534783621638428029e-04
3.292913464247249067e-02 1.000105453569969827e+00 9.999946989698634825e-01 1.534523195430139775e-04
3.297113608277868479e-02 9.999115659376441867e-01 9.999946905393695129e-01 1.534797505378911534e-04
3.301313753763679415e-02 1.000147468268599793e+00 9.999946821088727678e-01 1.534523195430139775e-04
3.305513897794298828e-02 1.000026685141794269e+00 9.999946736783786871e-01 1.534523195430139775e-04
3.309714043280109763e-02 1.000076091450555316e+00 9.999946652478819420e-01 1.534523195430139775e-04
3.313914187310729176e-02 9.998301322198872576e-01 9.999946568173877504e-01 1.534523195430139775e-04
3.318114332068944350e-02 1.000252248012386103e+00 9.999946483868925595e-01 1.534523195430139775e-04
3.322314476827159524e-02 1.000206778771059790e+00 9.999946399563971466e-01 1.534588808597640429e-04
3.326514621585374698e-02 1.000106971717928062e+00 9.999946315259018448e-01 1.534523195430139775e-04
3.330714766343589872e-02 1.000070989927433152e+00 9.999946230954064319e-01 1.534523195430139775e-04
3.334914910374209285e-02 1.000007341020703988e+00 9.999946146649123513e-01 1.534899474939523090e-04
3.339115055860020220e-02 1.000045928476643420e+00 9.999946062344154951e-01 1.534523195430139775e-04
3.343315199890639633e-02 1.000144488885830407e+00 9.999945978039214145e-01 1.535214743064653830e-04
3.347515345376450568e-02 9.998817131119922541e-01 9.999945893734246694e-01 1.534578370527030482e-04
3.351715489407069981e-02 1.000105306796371218e+00 9.999945809429306998e-01 1.534523195430139775e-04
3.355915634892880917e-02 1.000039113484755049e+00 9.999945725124339546e-01 1.534544956012684643e-04
3.360115778923500329e-02 1.000186683276554245e+00 9.999945640819400960e-01 1.534523195430139775e-04
3.364315923681715503e-02 1.000050742994704756e+00 9.999945556514445721e-01 1.534523195430139775e-04
3.368516068439930677e-02 1.000104191120834152e+00 9.999945472209491593e-01 1.534523195430139775e-04
3.372716212470550090e-02 1.000013882200415205e+00 9.999945387904555227e-01 1.534523195430139775e-04
3.376916357956361026e-02 1.000285594092102714e+00 9.999945303599583335e-01 1.534523195430139775e-04
3.381116501986980438e-02 1.000085402257201439e+00 9.999945219294645860e-01 1.534523195430139775e-04
3.385316647472791374e-02 1.000131074524760244e+00 9.999945134989676188e-01 1.534523286761000293e-04
3.389516791503410786e-02 1.000106337004347701e+00 9.999945050684736492e-01 1.534523195430139775e-04
3.393716936989221722e-02 1.000179130924790716e+00 9.999944966379769040e-01 1.534523195430139775e-04
3.397917081019841135e-02 1.000112626375459168e+00 9.999944882074828234e-01 1.535016144284235651e-04
3.402117225778056309e-02 1.000002990846077910e+00 9.999944797769874105e-01 1.534586465141654253e-04
3.406317370536271483e-02 1.000192511247308458e+00 9.999944713464921087e-01 1.534523195430139775e-04
3.410517515294486657e-02 1.000133471330649781e+00 9.999944629159966958e-01 1.534523195430139775e-04
3.414717660052701831e-02 1.000058602201581603e+00 9.999944544855015049e-01 1.534562783572051810e-04
3.418917804083321244e-02 1.000191354648926501e+00 9.999944460550073133e-01 1.534523195430139775e-04
3.423117949569132179e-02 1.000317276788510901e+00 9.999944376245105682e-01 1.534523195430139775e-04
3.427318093599751592e-02 1.000097248232499902e+00 9.999944291940167096e-01 1.534523195430139775e-04
3.431518239085562527e-02 9.998756643290833690e-01 9.999944207635196314e-01 1.534523195430139775e-04
3.435718383116181940e-02 1.000172514554456438e+00 9.999944123330259949e-01 1.534523195430139775e-04
3.439918528601992875e-02 1.000129100648527558e+00 9.999944039025290277e-01 1.534523195430139775e-04
3.444118672632612288e-02 1.000126554110490007e+00 9.999943954720350581e-01 1.534523195430139775e-04
3.448318817390827462e-02 9.999424224457810206e-01 9.999943870415396452e-01 1.534523195430139775e-04
3.452518962149042636e-02 1.000215349457888925e+00 9.999943786110442323e-01 1.535097209893930223e-04
3.456719106179662049e-02 9.999746047959620077e-01 9.999943701805502627e-01 1.534523195430139775e-04
3.460919251665472984e-02 1.000092748525693187e+00 9.999943617500535176e-01 1.534523195430139775e-04
3.465119395696092397e-02 1.000116724834631210e+00 9.999943533195596590e-01 1.534523195430139775e-04
3.469319541181903332e-02 1.000061284589333077e+00 9.999943448890628028e-01 1.534523195430139775e-04
3.473519685212522745e-02 1.000203301322089455e+00 9.999943364585687222e-01 1.534523195430139775e-04
3.477719830698333681e-02 9.997591387030924093e-01 9.999943280280719771e-01 1.534740574595331046e-04
3.481919974728953093e-02 1.000078492761837801e+00 9.999943195975777854e-01 1.534523195430139775e-04
3.486120119487168267e-02 1.000249436038360695e+00 9.999943111670825946e-01 1.534523195430139775e-04
3.490320264245383441e-02 1.000086133855890402e+00 9.999943027365871817e-01 1.534523195430139775e-04
3.494520409003598616e-02 9.998683565320841682e-01 9.999942943060919909e-01 1.534523195430139775e-04
3.498720553034218028e-02 1.000140039819108484e+00 9.999942858755977992e-01 1.534523195430139775e-04
3.502920697064837441e-02 1.000172772572067714e+00 9.999942774451041627e-01 1.534523195430139775e-04
3.507120842550648376e-02 1.000035710837659853e+00 9.999942690146068625e-01 1.534523195430139775e-04
3.511320986581267789e-02 1.000057046319492438e+00 9.999942605841132259e-01 1.534599834252312457e-04
3.515521132067078725e-02 9.998996589355719777e-01 9.999942521536162587e-01 1.535348592164755672e-04
3.519721276097698137e-02 1.000170059565200109e+00 9.999942437231222891e-01 1.534523195430139775e-04
3.523921421583509073e-02 1.000029975897172241e+00 9.999942352926255440e-01 1.534523195430139775e-04
3.528121565614128485e-02 9.997507350709796681e-01 9.999942268621314634e-01 1.534523195430139775e-04
3.532321710372343659e-02 1.000210310628000698e+00 9.999942187992489906e-01 1.534523195430139775e-04
3.536521855130558833e-02 9.999739180642676084e-01 9.999942116316761220e-01 1.534523195430139775e-04
3.540721999161178246e-02 9.996760896825398479e-01 9.999942044641043637e-01 1.534523195430139775e-04
3.544922144646989182e-02 9.998806973499367867e-01 9.999941972965302739e-01 1.534523195430139775e-04
3.549122288677608594e-02 1.000066707250088616e+00 9.999941901289587376e-01 1.534523195430139775e-04
3.553322434163419530e-02 9.999346337347452263e-01 9.999941837185625237e-01 1.534523195430139775e-04
3.557522578194038942e-02 9.999727527739099564e-01 9.999941775187493054e-01 1.534529297919760447e-04
3.561722723679849878e-02 1.000107139295612235e+00 9.999941713189339776e-01 1.534523195430139775e-04
3.565922867710469291e-02 1.000398273336792210e+00 9.999941651191207592e-01 1.534523195430139775e-04
3.570123012468684465e-02 9.998709776317084019e-01 9.999941589193062086e-01 1.534979210143560331e-04
3.574323157226899639e-02 1.000032142839938798e+00 9.999941527194919910e-01 1.534544920399806707e-04
3.578523301985114813e-02 1.000067945125538094e+00 9.999941465196776624e-01 1.534523195430139775e-04
3.582723446743329987e-02 1.000221067066385139e+00 9.999941403198633338e-01 1.534523286761000293e-04
3.586923590773949400e-02 1.000115144695721714e+00 9.999941341200500045e-01 1.534523195430139775e-04
3.591123736259760335e-02 1.000102092531769404e+00 9.999941279202347877e-01 1.534523195430139775e-04
3.595323880290379748e-02 9.999192897689231918e-01 9.999941217204213473e-01 1.534523195430139775e-04
3.599524025776190683e-02 1.000077001913789454e+00 9.999941155206060195e-01 1.534523195430139775e-04
3.603724169806810096e-02 9.998858766023699385e-01 9.999941093207928011e-01 1.534523195430139775e-04
3.607924315292621031e-02 9.999982106786168279e-01 9.999941031209773623e-01 1.534544439839107780e-04
3.612124459323240444e-02 9.998858789176399142e-01 9.999940969211641439e-01 1.534523195430139775e-04
3.616324604081455618e-02 1.000163541473507722e+00 9.999940907213499264e-01 1.534523195430139775e-04
3.620524748839670792e-02 1.000422125773755555e+00 9.999940845215355978e-01 1.534523195430139775e-04
3.624724892870290205e-02 1.000354624328036568e+00 9.999940783217223794e-01 1.534633195876725195e-04
3.628925038356101140e-02 1.000159119541825126e+00 9.999940721219070516e-01 1.534611706897785277e-04
3.633125182386720553e-02 1.000083110875182424e+00 9.999940659220938333e-01 1.534682950950351336e-04
3.637325327872531489e-02 1.000213981373980099e+00 9.999940597222781724e-01 1.534523195430139775e-04
3.641525471903150901e-02 1.000174132919714909e+00 9.999940535224650651e-01 1.534523195430139775e-04
3.645725617388961837e-02 1.000157448017073403e+00 9.999940473226496263e-01 1.534523195430139775e-04
3.649925760691985488e-02 1.000110779104127046e+00 9.999940411228375181e-01 1.534523195430139775e-04
3.654125905450200662e-02 1.000105716992849780e+00 9.999940349230230785e-01 1.534778004278167815e-04
3.658326050208415836e-02 9.999840142389072595e-01 9.999940287232089720e-01 1.534523195430139775e-04
3.662526194966631010e-02 1.000261249920662676e+00 9.999940225233944213e-01 1.534544943130170848e-04
3.666726339724846184e-02 9.999369755110265601e-01 9.999940163235803148e-01 1.534523195430139775e-04
3.670926483755465597e-02 9.997265748908695793e-01 9.999940101237669854e-01 1.535025032548586522e-04
3.675126629241276532e-02 1.000188734574735783e+00 9.999940039239515466e-01 1.535378219406559493e-04
3.679326773271895945e-02 1.000027506699799895e+00 9.999939977241383282e-01 1.534523195430139775e-04
3.683526918757706881e-02 9.998166687164009581e-01 9.999939915243230004e-01 1.534523195430139775e-04
3.687727062788326293e-02 1.000224668396128669e+00 9.999939853245095600e-01 1.534523195430139775e-04
3.691927208274137229e-02 1.000028527172729387e+00 9.999939791246941212e-01 1.534523195430139775e-04
3.696127352304756641e-02 1.000051007394314517e+00 9.999939729248810139e-01 1.534523195430139775e-04
3.700327497062971815e-02 9.996810146529716556e-01 9.999939667250666853e-01 1.534523195430139775e-04
3.704527641821186990e-02 9.999564101913108738e-01 9.999939593076848654e-01 1.534523195430139775e-04
3.708727785851806402e-02 1.000109875771860057e+00 9.999939516679010598e-01 1.534523195430139775e-04
3.712927931337617338e-02 9.999272820086601010e-01 9.999939440281145897e-01 1.534526450511472019e-04
3.717128075368236750e-02 1.000144212217026540e+00 9.999939363883307841e-01 1.534523195430139775e-04
3.721328220854047686e-02 9.998639490799969831e-01 9.999939287485443140e-01 1.534523195430139775e-04
3.725528364884667099e-02 1.000170953331333434e+00 9.999939211087603974e-01 1.534523195430139775e-04
3.729728510370478034e-02 1.000410503233405857e+00 9.999939134689739273e-01 1.534523195430139775e-04
3.733928654401097447e-02 1.000156064379194687e+00 9.999939058291901217e-01 1.534523195430139775e-04
3.738128799159312621e-02 1.000237736627112017e+00 9.999938981894049839e-01 1.534523195430139775e-04
3.742328943917527795e-02 1.000311324891419940e+00 9.999938905496198460e-01 1.534523195430139775e-04
3.746529088675742969e-02 1.000003728642910428e+00 9.999938829098347082e-01 1.534523195430139775e-04
3.750729233433958143e-02 1.000150651754299069e+00 9.999938752700495703e-01 1.534739496212389562e-04
3.754929377464577556e-02 9.998549526490695394e-01 9.999938676302656537e-01 1.534523195430139775e-04
3.759129522950388491e-02 1.000036627714435911e+00 9.999938599904791836e-01 1.534529833910636967e-04
3.763329666981007904e-02 1.000577932313887253e+00 9.999938523506953780e-01 1.534526057992862986e-04
3.767529812466818839e-02 1.000134823669340811e+00 9.999938447109089079e-01 1.534523195430139775e-04
3.771729955769842491e-02 9.998946753924470299e-01 9.999938370711264346e-01 1.534523195430139775e-04
3.775930101255653426e-02 1.000084674724003531e+00 9.999938294313399645e-01 1.534523195430139775e-04
3.780130245286272839e-02 1.000224129879945467e+00 9.999938217915559369e-01 1.534523195430139775e-04
3.784330390044488013e-02 1.000227270292543214e+00 9.999938141517709100e-01 1.534523195430139775e-04
3.788530534802703187e-02 9.998510259732014127e-01 9.999938065119855501e-01 1.534523195430139775e-04
3.792730678833322600e-02 1.000300385883595045e+00 9.999937988722019666e-01 1.534523195430139775e-04
3.796930824319133535e-02 1.000152374161693780e+00 9.999937912324152745e-01 1.534523195430139775e-04
3.801130968349752948e-02 9.997342111410625343e-01 9.999937835926316909e-01 1.534523195430139775e-04
3.805331113835563883e-02 1.000062165304536732e+00 9.999937759528449988e-01 1.534523195430139775e-04
3.809531257866183296e-02 1.000277734588952638e+00 9.999937683130611932e-01 1.534523195430139775e-04
3.813731403351994231e-02 1.000175455705392569e+00 9.999937606732747231e-01 1.534523195430139775e-04
3.817931547382613644e-02 1.000080556521987685e+00 9.999937530334908065e-01 1.534523195430139775e-04
3.822131692140828818e-02 1.000208349646809713e+00 9.999937453937056686e-01 1.535073618484741908e-04
3.826331836899043992e-02 9.999244707992718251e-01 9.999937377539205308e-01 1.534523195430139775e-04
3.830531981657259166e-02 9.998659495361195138e-01 9.999937301141351709e-01 1.534656042834146839e-04
3.834732126415474340e-02 1.000015816697672255e+00 9.999937224743502551e-01 1.534523195430139775e-04
3.838932270446093753e-02 1.000022365699294813e+00 9.999937148345662274e-01 1.534523195430139775e-04
3.843132415931904688e-02 9.998191741802570087e-01 9.999937071947798684e-01 1.534523195430139775e-04
3.847332559962524101e-02 9.999027742114996453e-01 9.999936995549958407e-01 1.534523195430139775e-04
3.851532705448335037e-02 1.000184601984622557e+00 9.999936919152093706e-01 1.534523195430139775e-04
3.855732849478954449e-02 1.000072416112792517e+00 9.999936842754255650e-01 1.534523195430139775e-04
3.859932994964765385e-02 1.000032498890265575e+00 9.999936766356390949e-01 1.534534553973032644e-04
3.864133138995384797e-02 1.000036497949717385e+00 9.999936689958552893e-01 1.534697689222281800e-04
3.868333283753599972e-02 1.000105356112369615e+00 9.999936613560701515e-01 1.534523195430139775e-04
3.872533428511815146e-02 9.998995659859257756e-01 9.999936537162849026e-01 1.534523195430139775e-04
3.876733572542434558e-02 9.999803367197432902e-01 9.999936460765010970e-01 1.534523195430139775e-04
3.880933717300649732e-02 1.000199766648181887e+00 9.999936384367159592e-01 1.534523195430139775e-04
3.885133861331269145e-02 9.998938925574807346e-01 9.999936307969321536e-01 1.534523195430139775e-04
3.889334006817080081e-02 9.996572884312411311e-01 9.999936231571456835e-01 1.534523195430139775e-04
3.893534150847699493e-02 1.000254280881367697e+00 9.999936155173618779e-01 1.534523195430139775e-04
3.897734296333510429e-02 1.000163332129184512e+00 9.999936078775754078e-01 1.535639157590126000e-04
3.901934440364129841e-02 9.998669479828579121e-01 9.999936002377914912e-01 1.534916295083700306e-04
3.906134585122345015e-02 9.995265815267260212e-01 9.999935925980063534e-01 1.534523195430139775e-04
3.910334729880560189e-02 9.999023726838145443e-01 9.999935849582212155e-01 1.534523195430139775e-04
3.914534874638775364e-02 9.999836716086633048e-01 9.999935773184360777e-01 1.534523195430139775e-04
3.918735019396990538e-02 9.998363968015742120e-01 9.999935696786509398e-01 1.534523195430139775e-04
3.922935163427609950e-02 9.999593695526667325e-01 9.999935620388671342e-01 1.534523195430139775e-04
3.927135308913420886e-02 9.997188230499725048e-01 9.999935543411175853e-01 1.534526901626820166e-04
3.931335452944040298e-02 9.999614649981377612e-01 9.999935456522377475e-01 1.534523195430139775e-04
3.935535598429851234e-02 9.998953730834461151e-01 9.999935369633548010e-01 1.534523195430139775e-04
3.939735742460470647e-02 9.997765921276947632e-01 9.999935282744749632e-01 1.534523195430139775e-04
3.943935887946281582e-02 9.999172496524363352e-01 9.999935195855915726e-01 1.534830328966098822e-04
3.948136031976900995e-02 9.998386688111124965e-01 9.999935108967116237e-01 1.534523195430139775e-04
3.952336176735116169e-02 9.999172856783281604e-01 9.999935022078302316e-01 1.534523195430139775e-04
3.956536321493331343e-02 1.000242801857314845e+00 9.999934935189488394e-01 1.534523195430139775e-04
3.960736465523950756e-02 1.000125546254275521e+00 9.999934848300687795e-01 1.534523195430139775e-04
3.964936611009761691e-02 1.000134646797102622e+00 9.999934761411858331e-01 1.534523195430139775e-04
3.969136755040381104e-02 9.998684586663161289e-01 9.999934674523056621e-01 1.534531510713730857e-04
3.973336900526192039e-02 9.999978145372381277e-01 9.999934587634227157e-01 1.534523195430139775e-04
3.977537043829215690e-02 1.000101952412210338e+00 9.999934500745442101e-01 1.534523195430139775e-04
3.981737189315026626e-02 1.000110903256516526e+00 9.999934413856612636e-01 1.534523195430139775e-04
3.985937333345646039e-02 1.000002629228821771e+00 9.999934326967813147e-01 1.534523195430139775e-04
3.990137478103861213e-02 1.000102549045815081e+00 9.999934240078997005e-01 1.534523195430139775e-04
3.994337622862076387e-02 1.000077720295678985e+00 9.999934153190180863e-01 1.534852041616958213e-04
3.998537767620291561e-02 9.998243758058876773e-01 9.999934066301366942e-01 1.534523195430139775e-04
4.002737912378506735e-02 1.000199794462781400e+00 9.999933979412553020e-01 1.534523195430139775e-04
4.006938056409126148e-02 9.999810040253487298e-01 9.999933892523751311e-01 1.534523195430139775e-04
4.011138201894937083e-02 9.998540755239848643e-01 9.999933805634921846e-01 1.534523195430139775e-04
4.015338345925556496e-02 9.999765066408872194e-01 9.999933718746121247e-01 1.534523195430139775e-04
4.019538491411367431e-02 1.000057520180231529e+00 9.999933631857291783e-01 1.534533476796318390e-04
4.023738635441986844e-02 9.999774581175622234e-01 9.999933544968493404e-01 1.534634399110036522e-04
4.027938780927797779e-02 1.000226399527485155e+00 9.999933458079663939e-01 1.534523195430139775e-04
4.032138924958417192e-02 1.000272634231723634e+00 9.999933371190862230e-01 1.534523195430139775e-04
4.036339069716632366e-02 9.999678858830267636e-01 9.999933284302048309e-01 1.534523195430139775e-04
4.040539214474847540e-02 1.000137491863133388e+00 9.999933197413232167e-01 1.534523286761000293e-04
4.044739358505466953e-02 1.000022973198206655e+00 9.999933110524433788e-01 1.534633135014149908e-04
4.048939503991277888e-02 9.998832515110377406e-01 9.999933023635602103e-01 1.534533410528256660e-04
4.053139648021897301e-02 1.000233823131375210e+00 9.999932936746802614e-01 1.534523195430139775e-04
4.057339793507708237e-02 9.998806856204917048e-01 9.999932849857970929e-01 1.534523195430139775e-04
4.061539937538327649e-02 9.997619569424828212e-01 9.999932762969172551e-01 1.534972502229145432e-04
4.065740083024138585e-02 9.997102829656629996e-01 9.999932676080343086e-01 1.534949626925407337e-04
4.069940226327162236e-02 9.999738243671031368e-01 9.999932589191556920e-01 1.535721670496866236e-04
4.074140371085377410e-02 1.000004874713949610e+00 9.999932502302740778e-01 1.534523195430139775e-04
4.078340515843592584e-02 1.000112941479110784e+00 9.999932415413926856e-01 1.534523195430139775e-04
4.082540660601807758e-02 9.999447695794780877e-01 9.999932328525112935e-01 1.534523195430139775e-04
4.086740805360022932e-02 1.000006003839269741e+00 9.999932241636296792e-01 1.534523195430139775e-04
4.090940949390642345e-02 1.000094924361913717e+00 9.999932154747497304e-01 1.534523195430139775e-04
4.095141094876453280e-02 1.000133304596652284e+00 9.999932067858667839e-01 1.534523195430139775e-04
4.099341238907072693e-02 1.000018194276280470e+00 9.999931980969867240e-01 1.534523195430139775e-04
4.103541384392883629e-02 1.000202455302670046e+00 9.999931894081035555e-01 1.534523195430139775e-04
4.107741528423503041e-02 9.999808301576035285e-01 9.999931807192237176e-01 1.534523195430139775e-04
4.111941673909313977e-02 1.000184022523626481e+00 9.999931720303407712e-01 1.534569490981692536e-04
4.116141817939933389e-02 1.000471695112050252e+00 9.999931633414608223e-01 1.534523195430139775e-04
4.120341962698148564e-02 9.999050108585264551e-01 9.999931546525792081e-01 1.534523195430139775e-04
4.124542107456363738e-02 9.997937688635017972e-01 9.999931459636978159e-01 1.534523195430139775e-04
4.128742251486983150e-02 1.000206884772061544e+00 9.999931372748177560e-01 1.534523195430139775e-04
4.132942396972794086e-02 9.998491239703658495e-01 9.999931285859346985e-01 1.534560425698670947e-04
4.137142541003413498e-02 9.999751524688353932e-01 9.999931198970548607e-01 1.534523195430139775e-04
4.141342686489224434e-02 1.000071654902188412e+00 9.999931112081719142e-01 1.535187842325288815e-04
4.145542830519843847e-02 1.000027237222538057e+00 9.999931025192916323e-01 1.534523195430139775e-04
4.149742975278059021e-02 9.999584751874397437e-01 9.999930938304104622e-01 1.534523195430139775e-04
4.153943119308678433e-02 1.000241924882029787e+00 9.999930851415300692e-01 1.534666113239361587e-04
4.158143264066893607e-02 1.000095425972550300e+00 9.999930764526488991e-01 1.534523195430139775e-04
4.162343408825108781e-02 1.000009766267554889e+00 9.999930677637672849e-01 1.534523195430139775e-04
4.166543553583323956e-02 9.998016482406124616e-01 9.999930590748856707e-01 1.535102836437565797e-04
4.170743698341539130e-02 1.000155255849296543e+00 9.999930503860042785e-01 1.534523195430139775e-04
4.174943842372158542e-02 1.000188796896678944e+00 9.999930416971241076e-01 1.534523195430139775e-04
4.179143987857969478e-02 1.000175977582827835e+00 9.999930330082411611e-01 1.534523195430139775e-04
4.183344131888588890e-02 1.000431290553974284e+00 9.999930243193613233e-01 1.534523195430139775e-04
4.187544277374399826e-02 1.000296145682134208e+00 9.999930156304783768e-01 1.534523195430139775e-04
4.191744421405019239e-02 1.000322888006814903e+00 9.999930069415980949e-01 1.534523195430139775e-04
4.195944566890830174e-02 1.000282288722803337e+00 9.999929982527150374e-01 1.534523195430139775e-04
4.200144710921449587e-02 1.000332764144046926e+00 9.999929895638351995e-01 1.534523195430139775e-04
4.204344855679664761e-02 1.000406461419961257e+00 9.999929808749538074e-01 1.534523195430139775e-04
4.208545000437879935e-02 1.000332329313536439e+00 9.999929721860721932e-01 1.534523195430139775e-04
4.212745144468499348e-02 1.000291886510834116e+00 9.999929634971922443e-01 1.534523195430139775e-04
4.216945289954310283e-02 1.000129435634801611e+00 9.999929548083090758e-01 1.534523195430139775e-04
4.221145433984929696e-02 1.000328358244133797e+00 9.999929461194292379e-01 1.534533649776244942e-04
4.225345579470740631e-02 9.998904886160729921e-01 9.999929374305462915e-01 1.534523195430139775e-04
4.229545722773764282e-02 1.000200336107778032e+00 9.999929287416677859e-01 1.534900404106818495e-04
4.233745868259575218e-02 1.000019583806715850e+00 9.999929200527848394e-01 1.534827547530189320e-04
4.237946012290194631e-02 1.000040364230083023e+00 9.999929113639048905e-01 1.534523195430139775e-04
4.242146157048409805e-02 1.000131332128055384e+00 9.999929026750232763e-01 1.534523195430139775e-04
4.246346301806624979e-02 9.998553910356489105e-01 9.999928939861416621e-01 1.534523195430139775e-04
4.250546446564840153e-02 1.000173555491265631e+00 9.999928852972602700e-01 1.534659706574272194e-04
4.254746591323055327e-02 1.000177837131596359e+00 9.999928766083788778e-01 1.534523195430139775e-04
4.258946735353674740e-02 1.000075411263773306e+00 9.999928679194987069e-01 1.534523195430139775e-04
4.263146880839485675e-02 1.000140745024211908e+00 9.999928592306157604e-01 1.534523195430139775e-04
4.267347024870105088e-02 1.000206857799314841e+00 9.999928505417357005e-01 1.534523195430139775e-04
4.271547170355916023e-02 1.000309749111383040e+00 9.999928418528527541e-01 1.534630520148192411e-04
4.275747314386535436e-02 1.000048499344292630e+00 9.999928331639728052e-01 1.534523195430139775e-04
4.279947459872346371e-02 9.998939647739848446e-01 9.999928244750898587e-01 1.534524652741471118e-04
4.284147603902965784e-02 9.999103009131233843e-01 9.999928157862095768e-01 1.534523195430139775e-04
4.288347748661180958e-02 1.000104586139298091e+00 9.999928070973281846e-01 1.534523195430139775e-04
4.292547893419396132e-02 9.999714081296601220e-01 9.999927984084467925e-01 1.534917780177029814e-04
4.296748037450015545e-02 9.999210425248441503e-01 9.999927897195666215e-01 1.534523195430139775e-04
4.300948182208230719e-02 9.999097157055513163e-01 9.999927810306852294e-01 1.534523195430139775e-04
4.305148326238850132e-02 1.000152913869661431e+00 9.999927723418053915e-01 1.534538569266306841e-04
4.309348471724661067e-02 1.000022043426540552e+00 9.999927636529224451e-01 1.534523195430139775e-04
4.313548615755280480e-02 1.000114204748909330e+00 9.999927549640421631e-01 1.534523195430139775e-04
4.317748761241091415e-02 1.000027899840996826e+00 9.999927462751592167e-01 1.534523195430139775e-04
4.321948905271710828e-02 1.000196722541052852e+00 9.999927375862792678e-01 1.534523195430139775e-04
4.326149050029926002e-02 1.000113109809155576e+00 9.999927288973976536e-01 1.534523195430139775e-04
4.330349194788141176e-02 1.000316449320662660e+00 9.999927202085162614e-01 1.534523195430139775e-04
4.334549339546356350e-02 1.000184824548969953e+00 9.999927115196348693e-01 1.534523195430139775e-04
4.338749484304571524e-02 9.998517026168771693e-01 9.999927028307531440e-01 1.534523195430139775e-04
4.342949628335190937e-02 1.000064571384426726e+00 9.999926941418733062e-01 1.534523195430139775e-04
4.347149773821001872e-02 9.999173461672151708e-01 9.999926854529903597e-01 1.534523195430139775e-04
4.351349917851621285e-02 1.000400558801459727e+00 9.999926767641100778e-01 1.534523195430139775e-04
4.355550063337432221e-02 1.000011582299066060e+00 9.999926680752271313e-01 1.534523195430139775e-04
4.359750207368051633e-02 9.999222216442642530e-01 9.999926593863471824e-01 1.534797089206557793e-04
4.363950352853862569e-02 1.000055444744962330e+00 9.999926506974642360e-01 1.534523195430139775e-04
4.368150496884481981e-02 1.000168909164148578e+00 9.999926420085841761e-01 1.534523195430139775e-04
4.372350640915101394e-02 1.000229062327374407e+00 9.999926333197043382e-01 1.534523195430139775e-04
4.376550785673316568e-02 1.000367392438677339e+00 9.999926246308227240e-01 1.534523195430139775e-04
4.380750929703935981e-02 1.000185980648414130e+00 9.999926159419427751e-01 1.534539220497623164e-04
4.384951075189746916e-02 1.000034488255288734e+00 9.999926072530596066e-01 1.534523195430139775e-04
4.389151219220366329e-02 9.999307719966712416e-01 9.999925985641797688e-01 1.534523195430139775e-04
4.393351364706177264e-02 1.000229086840195736e+00 9.999925898752968223e-01 1.534523195430139775e-04
4.397551508736796677e-02 1.000424132474693861e+00 9.999925811864168734e-01 1.534523195430139775e-04
4.401751654222607613e-02 1.000126476575552203e+00 9.999925724975337049e-01 1.534523195430139775e-04
4.405951798253227025e-02 1.000082721787891815e+00 9.999925638086536450e-01 1.534523195430139775e-04
4.410151943011442199e-02 9.999795006253828777e-01 9.999925551197722529e-01 1.534523195430139775e-04
4.414352087769657373e-02 1.000085716945155800e+00 9.999925464308908607e-01 1.536237254150606786e-04
4.418552232527872548e-02 9.999245165027336180e-01 9.999925377420092465e-01 1.534523195430139775e-04
4.422752377286087722e-02 1.000166787096004040e+00 9.999925290531277433e-01 1.534703498273415530e-04
4.426952521316707134e-02 9.999499636857257512e-01 9.999925192935956719e-01 1.534523195430139775e-04
4.431152666802518070e-02 1.000111271790617984e+00 9.999925094614212639e-01 1.534523195430139775e-04
4.435352810105541721e-02 1.000082797557142911e+00 9.999924996292520740e-01 1.534523195430139775e-04
4.439552955591352656e-02 9.998956312027043047e-01 9.999924897970776660e-01 1.534523195430139775e-04
4.443753099621972069e-02 1.000019846241232635e+00 9.999924799649065887e-01 1.534523195430139775e-04
4.447953244380187243e-02 1.000110380602558191e+00 9.999924701327338461e-01 1.534523195430139775e-04
4.452153389138402417e-02 1.000025471797685750e+00 9.999924603005612145e-01 1.535425372607050287e-04
4.456353533896617591e-02 1.000015191245161139e+00 9.999924504683885829e-01 1.534523195430139775e-04
4.460553678654832765e-02 9.999032777634534463e-01 9.999924406362157292e-01 1.534523195430139775e-04
4.464753822685452178e-02 1.000054896217251743e+00 9.999924308040448739e-01 1.534523195430139775e-04
4.468953968171263114e-02 9.999310338003268850e-01 9.999924209718703549e-01 1.535240904279697616e-04
4.473154112201882526e-02 9.999540953523570197e-01 9.999924111396994997e-01 1.534720270031674264e-04
4.477354257687693462e-02 9.998419573416296169e-01 9.999924013075250917e-01 1.534523195430139775e-04
4.481554401718312874e-02 1.000154466049673063e+00 9.999923914753540144e-01 1.534523195430139775e-04
4.485754547204123810e-02 9.999123155428503162e-01 9.999923816431798285e-01 1.534546761008090171e-04
4.489954691234743223e-02 9.996354887917232590e-01 9.999923718110086401e-01 1.534523195430139775e-04
4.494154835992958397e-02 9.997738001723066592e-01 9.999923619788357865e-01 1.534649963133179998e-04
4.498354980023577809e-02 1.000253871074855860e+00 9.999923521466651533e-01 1.534523195430139775e-04
4.502555124781792983e-02 1.000074737894940169e+00 9.999923423144922996e-01 1.534523195430139775e-04
4.506755269540008157e-02 1.000173326128011908e+00 9.999923324823195570e-01 1.534523195430139775e-04
4.510955413570627570e-02 1.000162309387875981e+00 9.999923226501487017e-01 1.534544943130170848e-04
4.515155559056438506e-02 1.000127332135608560e+00 9.999923128179742937e-01 1.534941861241524447e-04
4.519355703087057918e-02 1.000127720212362625e+00 9.999923029858032164e-01 1.534523195430139775e-04
4.523555848572868854e-02 1.000136859513616194e+00 9.999922931536288084e-01 1.534523195430139775e-04
4.527755992603488266e-02 1.000019633243091066e+00 9.999922833214578421e-01 1.534523195430139775e-04
4.531956137361703441e-02 1.000101315622662579e+00 9.999922734892852105e-01 1.534523195430139775e-04
4.536156282119918615e-02 9.997704040221347954e-01 9.999922636571123569e-01 1.534523195430139775e-04
4.540356426878133789e-02 9.998957188075059399e-01 9.999922538249399473e-01 1.534523195430139775e-04
4.544556571636348963e-02 1.000052341687985846e+00 9.999922439927669826e-01 1.534523195430139775e-04
4.548756715666968375e-02 1.000126781850072089e+00 9.999922341605961273e-01 1.534523195430139775e-04
4.552956861152779311e-02 9.998341986821847049e-01 9.999922243284217194e-01 1.534523195430139775e-04
4.557157005183398724e-02 1.000080926216590171e+00 9.999922144962508641e-01 1.534617710892949814e-04
4.561357149941613898e-02 1.000103164945780776e+00 9.999922046640782325e-01 1.534822627252317121e-04
4.565557293972233310e-02 1.000026377835808944e+00 9.999921948319070442e-01 1.534523195430139775e-04
4.569757439458044246e-02 1.000357115903329985e+00 9.999921849997326362e-01 1.534523195430139775e-04
4.573957583488663658e-02 9.999238160837199407e-01 9.999921751675617809e-01 1.534872455563961288e-04
4.578157728246878833e-02 1.000103530830297460e+00 9.999921653353889273e-01 1.534523195430139775e-04
4.582357873005094007e-02 9.998941919965088632e-01 9.999921555032164067e-01 1.534564948624929728e-04
4.586558017763309181e-02 1.000125702623056112e+00 9.999921456710435530e-01 1.534597835154571271e-04
4.590758162521524355e-02 1.000034787885979215e+00 9.999921358388709214e-01 1.534523195430139775e-04
4.594958306552143767e-02 9.999077965242167965e-01 9.999921260067000661e-01 1.534523195430139775e-04
4.599158452037954703e-02 1.000188801618024925e+00 9.999921161745254361e-01 1.534647888153808730e-04
4.603358596068574116e-02 1.000303516215009347e+00 9.999921063423544698e-01 1.534540135282456605e-04
4.607558741554385051e-02 9.999287677857912060e-01 9.999920965101800618e-01 1.535129908108011246e-04
4.611758885585004464e-02 1.000188496002685445e+00 9.999920866780089845e-01 1.534523195430139775e-04
4.615959030343219638e-02 9.999640429801326391e-01 9.999920768458365750e-01 1.534523195430139775e-04
4.620159174373839051e-02 1.000272053250200965e+00 9.999920670136653866e-01 1.534523195430139775e-04
4.624359319132054225e-02 1.000154349483622696e+00 9.999920571814927550e-01 1.534523195430139775e-04
4.628559463890269399e-02 1.000126591305519730e+00 9.999920473493201234e-01 1.534523195430139775e-04
4.632759607920888811e-02 9.999984141555707806e-01 9.999920375171490461e-01 1.534523195430139775e-04
4.636959753406699747e-02 1.000213913026697377e+00 9.999920276849748602e-01 1.534523195430139775e-04
4.641159897437319160e-02 9.999670469454824406e-01 9.999920178528036718e-01 1.534523195430139775e-04
4.645360042923130095e-02 1.000067499227075274e+00 9.999920080206294859e-01 1.535495376804168219e-04
4.649560186953749508e-02 9.999831140407619001e-01 9.999919981884584086e-01 1.534523195430139775e-04
4.653760332439560443e-02 9.999872486613492484e-01 9.999919883562837786e-01 1.534527920332678225e-04
4.657960476470179856e-02 9.999363952846760384e-01 9.999919785241130343e-01 1.534523195430139775e-04
4.662160621228395030e-02 9.999121997087192515e-01 9.999919686919401807e-01 1.534523195430139775e-04
4.666360765986610204e-02 9.999144998981867039e-01 9.999919588597675491e-01 1.534523195430139775e-04
4.670560910744825378e-02 9.999680071070808918e-01 9.999919490275949174e-01 1.534523195430139775e-04
4.674761054775444791e-02 9.998637681195061688e-01 9.999919391954237291e-01 1.534523195430139775e-04
4.678961198806064203e-02 9.998728086140383775e-01 9.999919293632528738e-01 1.534523195430139775e-04
4.683161344291875139e-02 1.000157208025700184e+00 9.999919195310784659e-01 1.534523195430139775e-04
4.687361488322494552e-02 1.000120923890949420e+00 9.999919096989073886e-01 1.534523195430139775e-04
4.691561633808305487e-02 1.000252017920923109e+00 9.999918998667332026e-01 1.534523195430139775e-04
4.695761777838924900e-02 9.999925138211815945e-01 9.999918900345620143e-01 1.534536750013109859e-04
4.699961922597140074e-02 9.998292813690873304e-01 9.999918802023896047e-01 1.534527929484059592e-04
4.704162067355355248e-02 9.999113097953146179e-01 9.999918703702167511e-01 1.534523195430139775e-04
4.708362212113570422e-02 1.000363490780018516e+00 9.999918605380441194e-01 1.534523195430139775e-04
4.712562356871785596e-02 1.000015384960235565e+00 9.999918507058714878e-01 1.534569788334175342e-04
4.716762500902405009e-02 1.000107555012604621e+00 9.999918408737002995e-01 1.534836102927156633e-04
4.720962646388215944e-02 9.999852011982095501e-01 9.999918310415261136e-01 1.534523195430139775e-04
4.725162790418835357e-02 1.000116427999813151e+00 9.999918212093550363e-01 1.534523195430139775e-04
4.729362935904646292e-02 1.000010641753803275e+00 9.999918113771804062e-01 1.534523195430139775e-04
4.733563079207669944e-02 1.000003334952965783e+00 9.999918015450114384e-01 1.534523195430139775e-04
4.737763224693480879e-02 1.000049940717542718e+00 9.999917917128368083e-01 1.534523195430139775e-04
4.741963368724100292e-02 9.998010827314842697e-01 9.999917818806659531e-01 1.534523195430139775e-04
4.746163513482315466e-02 9.996842976317831253e-01 9.999917720484933215e-01 1.534523195430139775e-04
4.750363658240530640e-02 1.000181044709841371e+00 9.999917622163205788e-01 1.534873221493838591e-04
4.754563802998745814e-02 1.000175858189354505e+00 9.999917523841477252e-01 1.534702344374169140e-04
4.758763947756960988e-02 9.998543849877475909e-01 9.999917425519750935e-01 1.534523195430139775e-04
4.762964091787580401e-02 1.000090620709186195e+00 9.999917327198042383e-01 1.534604794050612332e-04
4.767164237273391336e-02 9.999776149879997522e-01 9.999917228876298303e-01 1.534523195430139775e-04
4.771364381304010749e-02 9.997274120985757406e-01 9.999917130554586420e-01 1.534523195430139775e-04
4.775564526789821684e-02 1.000204893469514467e+00 9.999917032232844560e-01 1.534523195430139775e-04
4.779764670820441097e-02 1.000111178204533768e+00 9.999916933911133787e-01 1.534523195430139775e-04
4.783964814851060510e-02 9.998412935253584433e-01 9.999916835589423014e-01 1.534674345474429640e-04
4.788164959609275684e-02 1.000081046051153555e+00 9.999916737267697808e-01 1.534533322580626524e-04
4.792365104367490858e-02 9.999756100502624756e-01 9.999916638945969272e-01 1.534649425901916020e-04
4.796565249125706032e-02 1.000407554064287829e+00 9.999916540624242955e-01 1.534523195430139775e-04
4.800765393156325445e-02 1.000064968557876188e+00 9.999916442302534403e-01 1.534523195430139775e-04
4.804965538642136380e-02 1.000174238200743693e+00 9.999916343980788103e-01 1.534523195430139775e-04
4.809165682672755793e-02 9.997875182802592464e-01 9.999916245659080660e-01 1.534712285986482522e-04
4.813365828158566728e-02 1.000029281147175819e+00 9.999916147337334360e-01 1.534523195430139775e-04
4.817565972189186141e-02 9.998284967042491145e-01 9.999916049015625807e-01 1.534523195430139775e-04
4.821766117674997076e-02 9.999357889335860339e-01 9.999915950693881728e-01 1.535316416229894033e-04
4.825966261705616489e-02 9.999833676436974406e-01 9.999915852372172065e-01 1.534523195430139775e-04
4.830166406463831663e-02 1.000094584849102075e+00 9.999915754050445749e-01 1.534523195430139775e-04
4.834366551222046837e-02 9.999928338550688744e-01 9.999915655728717212e-01 1.534523195430139775e-04
4.838566695252666250e-02 9.999695205611109916e-01 9.999915557407008659e-01 1.534523195430139775e-04
4.842766840010881424e-02 9.998234999792672273e-01 9.999915459085282343e-01 1.534523195430139775e-04
4.846966984041500837e-02 1.000032182543843629e+00 9.999915360763570460e-01 1.534523195430139775e-04
4.851167129527311772e-02 9.998065416236487923e-01 9.999915262441828601e-01 1.534523195430139775e-04
4.855367273557931185e-02 1.000092148158903127e+00 9.999915164120117828e-01 1.534523195430139775e-04
4.859567419043742120e-02 1.000212325258197144e+00 9.999915065798373748e-01 1.534523195430139775e-04
4.863767563074361533e-02 1.000008024184963373e+00 9.999914967476664085e-01 1.534523195430139775e-04
4.867967707832576707e-02 1.000180210572016115e+00 9.999914869154935548e-01 1.534523195430139775e-04
4.872167852590791881e-02 1.000078530032494584e+00 9.999914770833209232e-01 1.534523195430139775e-04
4.876367997349007055e-02 1.000026692745984436e+00 9.999914672511482916e-01 1.535404890495620201e-04
4.880568142107222229e-02 1.000137928920400654e+00 9.999914574189756600e-01 1.534523195430139775e-04
4.884768286137841642e-02 9.999127641324760951e-01 9.999914475868046937e-01 1.534523195430139775e-04
4.888968430896056816e-02 9.997788774471435547e-01 9.999914377546318400e-01 1.534526112440521390e-04
4.893168574926676229e-02 1.000063712694160278e+00 9.999914279224607627e-01 1.534592807854105159e-04
4.897368720412487164e-02 1.000025803244507294e+00 9.999914180902865768e-01 1.534523195430139775e-04
4.901568864443106577e-02 1.000046467495997016e+00 9.999914082581153885e-01 1.534540526570541980e-04
4.905769009928917512e-02 9.998499568438840024e-01 9.999913984259412025e-01 1.534523195430139775e-04
4.909969153959536925e-02 1.000029608708673523e+00 9.999913885937701252e-01 1.534523195430139775e-04
4.914169298717752099e-02 9.998852427931422815e-01 9.999913787615974936e-01 1.534523195430139775e-04
4.918369443475967273e-02 1.000280577051778863e+00 9.999913689294248620e-01 1.534750367900657891e-04
4.922569587506586686e-02 1.000114172554734671e+00 9.999913590972536737e-01 1.534571835732552209e-04
4.926769732992397621e-02 1.000155862015389863e+00 9.999913492650794877e-01 1.534523195430139775e-04
4.930969877023017034e-02 1.000155088565151118e+00 9.999913394329084104e-01 1.534523195430139775e-04
4.935170021781232208e-02 1.000014647244802601e+00 9.999913296007355568e-01 1.534523195430139775e-04
4.939370165811851621e-02 9.999296667891686141e-01 9.999913197685648125e-01 1.534523195430139775e-04
4.943570311297662556e-02 9.998435954116412505e-01 9.999913099363901825e-01 1.534523195430139775e-04
4.947770455328281969e-02 1.000144767805365431e+00 9.999913001042193272e-01 1.534523195430139775e-04
4.951970600086497143e-02 9.997406755658608812e-01 9.999912902720466956e-01 1.534608992074827909e-04
4.956170744844712317e-02 9.998823177898811254e-01 9.999912804398739530e-01 1.534523195430139775e-04
4.960370889602927491e-02 1.000118158687016479e+00 9.999912706077013214e-01 1.535650490412266301e-04
4.964571034361142665e-02 1.000150900675813137e+00 9.999912607755284677e-01 1.534523195430139775e-04
4.968771178391762078e-02 1.000265463876686356e+00 9.999912509433576124e-01 1.534751902387441948e-04
4.972971323877573013e-02 9.999785130138378886e-01 9.999912411111832045e-01 1.534523195430139775e-04
4.977171467908192426e-02 1.000038883451135785e+00 9.999912312790120161e-01 1.534523195430139775e-04
4.981371613394003361e-02 9.999395738569871739e-01 9.999912214468378302e-01 1.534578370164547002e-04
4.985571756697027013e-02 1.000243079456234696e+00 9.999912116146685293e-01 1.534993507790599892e-04
4.989771902182837948e-02 1.000033527077261564e+00 9.999912017824941213e-01 1.535673125865213799e-04
4.993972046213457361e-02 9.999404392522114327e-01 9.999911919503231550e-01 1.534523195430139775e-04
4.998172190971672535e-02 1.000178840386810597e+00 9.999911821181503013e-01 1.534523195430139775e-04
5.002372335729887709e-02 1.000091576221216805e+00 9.999911722859778918e-01 1.534523195430139775e-04
5.006572479760507122e-02 9.999604293909428732e-01 9.999911624538068144e-01 1.534523195430139775e-04
5.010772625246318057e-02 1.000255574177663309e+00 9.999911526216326285e-01 1.534523195430139775e-04
5.014972769276937470e-02 9.999845810739441676e-01 9.999911427894614402e-01 1.534523195430139775e-04
5.019172914762748405e-02 9.999150628087332127e-01 9.999911329572868102e-01 1.534523195430139775e-04
5.023373058793367818e-02 1.000129844696228565e+00 9.999911231251159549e-01 1.535182373476427905e-04
5.027573204279178753e-02 1.000013964733790006e+00 9.999911132929415469e-01 1.534526581500131066e-04
5.031773347582202405e-02 9.997951729828179479e-01 9.999911034607723570e-01 1.534523195430139775e-04
5.035973492340417579e-02 9.999077491588793665e-01 9.999910936285997254e-01 1.534523195430139775e-04
5.040173637098632753e-02 1.000209225088399156e+00 9.999910837964268717e-01 1.534543519890812721e-04
5.044373781856847927e-02 9.997012180547003579e-01 9.999910739642542401e-01 1.534523195430139775e-04
5.048573926615063101e-02 1.000190791133256818e+00 9.999910641320816085e-01 1.534523195430139775e-04
5.052774070645682514e-02 9.999390342205082272e-01 9.999910542999104202e-01 1.534544943130170848e-04
5.056974216131493449e-02 1.000159156900484625e+00 9.999910444677362342e-01 1.534523195430139775e-04
5.061174360162112862e-02 9.999297908537255752e-01 9.999910346355651569e-01 1.534523195430139775e-04
5.065374505647923797e-02 9.998600412093678891e-01 9.999910248033907489e-01 1.534523195430139775e-04
5.069574649678543210e-02 9.999660119575184414e-01 9.999910151326688590e-01 1.534523195430139775e-04
5.073774795164354146e-02 1.000017395678686194e+00 9.999910071611425311e-01 1.534610244910932625e-04
5.077974938467377797e-02 1.000059421095766510e+00 9.999909991896204220e-01 1.534523195430139775e-04
5.082175083225592971e-02 1.000057968401534492e+00 9.999909912180955374e-01 1.534523195430139775e-04
5.086375227983808145e-02 9.999448925320629789e-01 9.999909832465707638e-01 1.534679918995020275e-04
5.090575372014427558e-02 9.999678734027227511e-01 9.999909752750471004e-01 1.534523195430139775e-04
5.094775517500238493e-02 9.999781841972278373e-01 9.999909673035208835e-01 1.534523195430139775e-04
5.098975661530857906e-02 1.000108857396810658e+00 9.999909593319974421e-01 1.534523195430139775e-04
5.103175807016668841e-02 1.000207226346153888e+00 9.999909513604710032e-01 1.534523195430139775e-04
5.107375951047288254e-02 1.000075948596488296e+00 9.999909433889477839e-01 1.534523195430139775e-04
5.111576096533099189e-02 9.999685629335061110e-01 9.999909354174214560e-01 1.534938393351667062e-04
5.115776240563718602e-02 1.000283158867579125e+00 9.999909274458979036e-01 1.534529785769383884e-04
5.119976385321933776e-02 1.000088814923829839e+00 9.999909194743729079e-01 1.534523195430139775e-04
5.124176529352553189e-02 9.999096418071082848e-01 9.999909115028492446e-01 1.534596786643262841e-04
5.128376674110768363e-02 1.000132243321799841e+00 9.999909035313245820e-01 1.534523636039645579e-04
5.132576818868983537e-02 1.000137928285925293e+00 9.999908955597998084e-01 1.534523195430139775e-04
5.136776962899602950e-02 1.000174639259437281e+00 9.999908875882761450e-01 1.534523195430139775e-04
5.140977108385413885e-02 1.000098903393161986e+00 9.999908796167499281e-01 1.534523195430139775e-04
5.145177252416033298e-02 1.000139779358424352e+00 9.999908716452262647e-01 1.534523195430139775e-04
5.149377397901844233e-02 9.998909434164746646e-01 9.999908636737000478e-01 1.534523195430139775e-04
5.153577541932463646e-02 9.997775244078586088e-01 9.999908557021766065e-01 1.534523195430139775e-04
5.157777687418274581e-02 1.000214726852917346e+00 9.999908477306502785e-01 1.534523195430139775e-04
5.161977831448893994e-02 1.000171606650811507e+00 9.999908397591269482e-01 1.534523195430139775e-04
5.166177975479513407e-02 1.000078122145283688e+00 9.999908317876032848e-01 1.534523195430139775e-04
5.170378120237728581e-02 1.000036355902626406e+00 9.999908238160782892e-01 1.534604089684840351e-04
5.174578264268347993e-02 1.000103502058613980e+00 9.999908158445547368e-01 1.534682754912221488e-04
5.178778409754158929e-02 9.996785410473181255e-01 9.999908078730286309e-01 1.534523195430139775e-04
5.182978553784778342e-02 9.998276826863605748e-01 9.999907999015051896e-01 1.534931592828002900e-04
5.187178699270589277e-02 9.997607060630290254e-01 9.999907919299789727e-01 1.534523195430139775e-04
5.191378843301208690e-02 1.000066024705291490e+00 9.999907839584553093e-01 1.534523195430139775e-04
5.195578988787019625e-02 1.000045235035429858e+00 9.999907759869290924e-01 1.534523195430139775e-04
5.199779132817639038e-02 1.000003650571699376e+00 9.999907680154054290e-01 1.534523195430139775e-04
5.203979277575854212e-02 9.998501929531062871e-01 9.999907600438806554e-01 1.534523195430139775e-04
5.208179421606473625e-02 1.000196191352227260e+00 9.999907520723573251e-01 1.534523195430139775e-04
5.212379566364688799e-02 9.999553084323811181e-01 9.999907441008323294e-01 1.534523195430139775e-04
5.216579711122903973e-02 1.000003465314486029e+00 9.999907361293073338e-01 1.534523195430139775e-04
5.220779855153523386e-02 1.000079245669760475e+00 9.999907281577837814e-01 1.534523195430139775e-04
5.224980000639334321e-02 1.000101159168865994e+00 9.999907201862574535e-01 1.534523195430139775e-04
5.229180144669953734e-02 1.000292889141098485e+00 9.999907122147340122e-01 1.534523195430139775e-04
5.233380290155764669e-02 9.999666717463993049e-01 9.999907042432077953e-01 1.534523195430139775e-04
5.237580434186384082e-02 1.000253828368246056e+00 9.999906962716843539e-01 1.534523195430139775e-04
5.241780579672195017e-02 9.999301267913784930e-01 9.999906883001581370e-01 1.534523195430139775e-04
5.245980723702814430e-02 9.999606180510757225e-01 9.999906803286344736e-01 1.534523195430139775e-04
5.250180868461029604e-02 9.998005857909781913e-01 9.999906723571097000e-01 1.534523195430139775e-04
5.254381012491649017e-02 1.000018844486774583e+00 9.999906643855861477e-01 1.534800371985163222e-04
5.258581156522268429e-02 9.997679024842466289e-01 9.999906564140627063e-01 1.534523195430139775e-04
5.262781302008079365e-02 9.999907937493622834e-01 9.999906484425363784e-01 1.534523195430139775e-04
5.266981446038698778e-02 1.000165276908942413e+00 9.999906404710128260e-01 1.534523195430139775e-04
5.271181591524509713e-02 9.997233317163380928e-01 9.999906324994864981e-01 1.534523195430139775e-04
5.275381735555129126e-02 9.997811283726280029e-01 9.999906245279630568e-01 1.534574079569193223e-04
5.279581881040940061e-02 9.999028129706583057e-01 9.999906165564368399e-01 1.534523195430139775e-04
5.283782025071559474e-02 9.999281056746343044e-01 9.999906085849133985e-01 1.534523195430139775e-04
5.287982169829774648e-02 9.998037580528273960e-01 9.999906006133884029e-01 1.534784722680944738e-04
5.292182313860394061e-02 1.000049950929866815e+00 9.999905926418648505e-01 1.534523195430139775e-04
5.296382458618609235e-02 1.000032051605771022e+00 9.999905846703398549e-01 1.534523195430139775e-04
5.300582603376824409e-02 1.000009489253546491e+00 9.999905766988150813e-01 1.534523195430139775e-04
5.304782747407443821e-02 9.999157021517387500e-01 9.999905687272917509e-01 1.534523195430139775e-04
5.308982892893254757e-02 9.997950907761067318e-01 9.999905607557654230e-01 1.536022559362468568e-04
5.313183036923874170e-02 9.998099138395112329e-01 9.999905527842418707e-01 1.534523195430139775e-04
5.317383182409685105e-02 9.997802874547356833e-01 9.999905448127155427e-01 1.534523195430139775e-04
5.321583326440304518e-02 9.997611204203145086e-01 9.999905368411921014e-01 1.534523195430139775e-04
5.325783471926115453e-02 9.997821566117746084e-01 9.999905288696658845e-01 1.534523195430139775e-04
5.329983615956734866e-02 9.999302304473246528e-01 9.999905208981422211e-01 1.534523195430139775e-04
5.334183759987354279e-02 1.000015109892701703e+00 9.999905129266187798e-01 1.535281087562698026e-04
5.338383904745569453e-02 9.998143727542054826e-01 9.999905049550938951e-01 1.534523195430139775e-04
5.342584048776188865e-02 9.999751414178398301e-01 9.999904969835704538e-01 1.534523286761000293e-04
5.346784194261999801e-02 9.999200847528053604e-01 9.999904890120441259e-01 1.534633676741877580e-04
5.350984338292619213e-02 9.999365662067667415e-01 9.999904810405207956e-01 1.534523195430139775e-04
5.355184483778430149e-02 1.000000977580595807e+00 9.999904730689944676e-01 1.534523195430139775e-04
5.359384627809049562e-02 1.000011192138352101e+00 9.999904650974708042e-01 1.534523195430139775e-04
5.363584773294860497e-02 1.000022032784217529e+00 9.999904571259445873e-01 1.534523195430139775e-04
5.367784917325479910e-02 1.000127759105225556e+00 9.999904491544209240e-01 1.534523195430139775e-04
5.371985062083695084e-02 9.999318747231608073e-01 9.999904411828960393e-01 1.534523724352505208e-04
5.376185206114314497e-02 1.000022833681986079e+00 9.999904332113728200e-01 1.534523195430139775e-04
5.380385350872529671e-02 1.000029983036625714e+00 9.999904252398478244e-01 1.534523195430139775e-04
5.384585495630744845e-02 9.999244433276772703e-01 9.999904167030863045e-01 1.534523195430139775e-04
5.388785639661364257e-02 1.000127726884371127e+00 9.999904069609747426e-01 1.534523195430139775e-04
5.392985785147175193e-02 9.998807250107928368e-01 9.999903972188598500e-01 1.534984796464407427e-04
5.397185929177794605e-02 9.998135417544695702e-01 9.999903874767482881e-01 1.534523195430139775e-04
5.401386074663605541e-02 9.998096665844832254e-01 9.999903777346337286e-01 1.534523195430139775e-04
5.405586218694224954e-02 1.000076751187642943e+00 9.999903679925221667e-01 1.534523195430139775e-04
5.409786364180035889e-02 1.000094542081992888e+00 9.999903582504070521e-01 1.534523195430139775e-04
5.413986507483059540e-02 1.000069552603511491e+00 9.999903485082974886e-01 1.534523195430139775e-04
5.418186652241274714e-02 9.998211837306868466e-01 9.999903387661843723e-01 1.534523195430139775e-04
5.422386796999489889e-02 9.999011412384797293e-01 9.999903290240710341e-01 1.534523195430139775e-04
5.426586941030109301e-02 9.998828685250077397e-01 9.999903192819594722e-01 1.534523195430139775e-04
5.430787086515920237e-02 9.996741581054158221e-01 9.999903095398445796e-01 1.534523195430139775e-04
5.434987230546539649e-02 1.000029588507777012e+00 9.999902997977332397e-01 1.534599927716270547e-04
5.439187376032350585e-02 9.998570856473331103e-01 9.999902900556181251e-01 1.534523195430139775e-04
5.443387520062969998e-02 9.998881955923308862e-01 9.999902803135067852e-01 1.534523195430139775e-04
5.447587665548780933e-02 9.996481100704106559e-01 9.999902705713918927e-01 1.535093472742033414e-04
5.451787809579400346e-02 1.000058870839725778e+00 9.999902608292803308e-01 1.534523195430139775e-04
5.455987953610019758e-02 9.999730286881099994e-01 9.999902510871687689e-01 1.534523195430139775e-04
5.460188098368234932e-02 1.000013493916086738e+00 9.999902413450558747e-01 1.534523195430139775e-04
5.464388243126450107e-02 1.000139173021786565e+00 9.999902316029425364e-01 1.534523195430139775e-04
5.468588387884665281e-02 9.999407453819459946e-01 9.999902218608291982e-01 1.534544943130170848e-04
5.472788531915284693e-02 9.999552482684201937e-01 9.999902121187178583e-01 1.534523195430139775e-04
5.476988677401095629e-02 9.999806622862447147e-01 9.999902023766029657e-01 1.535027881031013558e-04
5.481188821431715041e-02 1.000193290574061145e+00 9.999901926344914038e-01 1.534523195430139775e-04
5.485388966917525977e-02 9.999245417195897767e-01 9.999901828923767333e-01 1.534523195430139775e-04
5.489589110948145390e-02 9.998493650112354469e-01 9.999901731502651714e-01 1.534523195430139775e-04
5.493789255706360564e-02 9.998683995789192647e-01 9.999901634081518331e-01 1.534523195430139775e-04
5.497989399736979976e-02 9.998806848214494281e-01 9.999901536660402712e-01 1.534523195430139775e-04
5.502189544495195150e-02 9.998975183632993202e-01 9.999901439239273770e-01 1.534523159368951560e-04
5.506389689253410324e-02 9.999938980195293148e-01 9.999901341818141498e-01 1.534523195430139775e-04
5.510589833284029737e-02 1.000130629251551273e+00 9.999901244397024769e-01 1.534523195430139775e-04
5.514789978769840673e-02 9.996771211756388942e-01 9.999901146975879174e-01 1.534523195430139775e-04
5.518990122800460085e-02 9.999117010079254797e-01 9.999901049554763555e-01 1.534530067211570877e-04
5.523190268286271021e-02 1.000032812711724617e+00 9.999900952133614629e-01 1.534523195430139775e-04
5.527390412316890433e-02 1.000142645279858078e+00 9.999900854712501230e-01 1.534523195430139775e-04
5.531590557075105608e-02 9.997320053251764760e-01 9.999900757291367848e-01 1.534523195430139775e-04
5.535790701105725020e-02 9.998484003479993776e-01 9.999900659870252229e-01 1.534762836647900544e-04
5.539990845863940194e-02 9.996858015717321466e-01 9.999900562449121066e-01 1.534845840632640985e-04
5.544190990622155368e-02 1.000037810588474407e+00 9.999900465027989904e-01 1.534783417558531330e-04
5.548391135380370542e-02 9.996983702942606742e-01 9.999900367606856522e-01 1.534523195430139775e-04
5.552591280138585716e-02 1.000229389658073176e+00 9.999900270185725359e-01 1.534523195430139775e-04
5.556791424169205129e-02 1.000105377838785392e+00 9.999900172764611961e-01 1.534523195430139775e-04
5.560991569655016065e-02 9.997418658697836413e-01 9.999900075343460815e-01 1.534523195430139775e-04
5.565191713685635477e-02 9.998458971310048016e-01 9.999899977922345196e-01 1.534523195430139775e-04
5.569391858443850651e-02 9.999392165073376360e-01 9.999899880501214033e-01 1.534523195430139775e-04
5.573592002474470064e-02 1.000045845871389671e+00 9.999899783080100635e-01 1.534523195430139775e-04
5.577792147960281000e-02 9.999667717910909470e-01 9.999899685658949489e-01 1.534523195430139775e-04
5.581992291990900412e-02 9.998428355858839378e-01 9.999899588237836090e-01 1.534523195430139775e-04
5.586192436749115586e-02 9.999000743257341339e-01 9.999899490816704928e-01 1.534523195430139775e-04
5.590392581507330760e-02 9.998814629864367642e-01 9.999899393395571545e-01 1.534523195430139775e-04
5.594592725537950173e-02 9.997583839319353904e-01 9.999899295974455926e-01 1.534523195430139775e-04
5.598792871023761109e-02 9.999003510519341997e-01 9.999899198553310331e-01 1.534523195430139775e-04
5.602993014326784760e-02 9.998771934841140796e-01 9.999899101132211365e-01 1.534523195430139775e-04
5.607193159812595695e-02 9.997803723322141733e-01 9.999899003711061329e-01 1.534523195430139775e-04
5.611393303843215108e-02 9.997814327195775341e-01 9.999898906289946821e-01 1.535174977618445605e-04
5.615593449329026043e-02 9.999785038354037647e-01 9.999898808868799005e-01 1.534523195430139775e-04
5.619793593359645456e-02 9.997570409730127672e-01 9.999898711447683386e-01 1.534523195430139775e-04
5.623993738117860630e-02 9.998569656768591107e-01 9.999898614026552224e-01 1.535790375070645534e-04
5.628193882876075804e-02 1.000123406519329849e+00 9.999898516605421062e-01 1.534611099466924838e-04
5.632394027634290978e-02 9.998929298235392782e-01 9.999898419184287679e-01 1.535047921461275822e-04
5.636594172392506152e-02 9.999511237570005706e-01 9.999898321763158737e-01 1.534523195430139775e-04
5.640794315695529804e-02 9.997562628717717725e-01 9.999898224342058661e-01 1.535148758065330574e-04
5.644994461181340739e-02 9.998233407879859591e-01 9.999898126920909736e-01 1.534541711708598737e-04
5.649194605211960152e-02 9.999856879165632817e-01 9.999898029499794117e-01 1.534523195430139775e-04
5.653394750697771087e-02 9.996864079869677289e-01 9.999897932078647411e-01 1.534547488366856107e-04
5.657594894728390500e-02 9.998906211614757567e-01 9.999897834657531792e-01 1.534523195430139775e-04
5.661795040214201435e-02 9.999997328959607801e-01 9.999897737236382866e-01 1.534523195430139775e-04
5.665995184244820848e-02 1.000112073731454387e+00 9.999897639815267247e-01 1.534523195430139775e-04
5.670195329003036022e-02 1.000129948381091038e+00 9.999897542394136085e-01 1.534523195430139775e-04
5.674395473761251196e-02 9.999336046153822766e-01 9.999897444973002703e-01 1.534523195430139775e-04
5.678595617064274848e-02 9.998962340216976941e-01 9.999897347551904847e-01 1.534523195430139775e-04
5.682795762550085783e-02 9.997191985091773425e-01 9.999897250130758142e-01 1.534559020824687958e-04
5.686995906580705196e-02 9.999470245507295907e-01 9.999897152709642523e-01 1.534523195430139775e-04
5.691196052066516131e-02 1.000017781832216235e+00 9.999897055288493597e-01 1.535303748652991774e-04
5.695396196097135544e-02 9.998617996917807949e-01 9.999896957867377978e-01 1.535985378802849784e-04
5.699596341582946479e-02 9.998269492649469736e-01 9.999896860446230162e-01 1.534523195430139775e-04
5.703796485613565892e-02 1.000103303040132730e+00 9.999896763025113433e-01 1.534523195430139775e-04
5.707996630371781066e-02 9.999760433772373336e-01 9.999896665603983381e-01 1.534523195430139775e-04
5.712196774402400479e-02 1.000105668420194771e+00 9.999896568182868872e-01 1.534523195430139775e-04
5.716396919160615653e-02 9.996824948715876680e-01 9.999896470761736600e-01 1.534523195430139775e-04
5.720597063918830827e-02 1.000094908322739062e+00 9.999896373340605438e-01 1.534523195430139775e-04
5.724797207949450240e-02 1.000332995450475382e+00 9.999896275919489819e-01 1.534523195430139775e-04
5.728997353435261175e-02 1.000055983798126880e+00 9.999896178498340893e-01 1.534523195430139775e-04
5.733197497465880588e-02 1.000100892433568589e+00 9.999896081077225274e-01 1.534523195430139775e-04
5.737397642951691523e-02 1.000024797994361281e+00 9.999895983656078569e-01 1.534523195430139775e-04
5.741597786982310936e-02 9.999953182125429496e-01 9.999895886234962950e-01 1.534781368210875508e-04
5.745797931740526110e-02 9.999181884986529933e-01 9.999895788813829567e-01 1.534523195430139775e-04
5.749998075771145523e-02 9.998348245565849002e-01 9.999895691392716168e-01 1.535286772143101266e-04
5.754198220529360697e-02 1.000213118038080884e+00 9.999895593971585006e-01 1.534712221400155784e-04
5.758398365287575871e-02 1.000085940299158205e+00 9.999895500822610916e-01 1.534523195430139775e-04
5.762598509318195283e-02 9.999652804885312829e-01 9.999895417902768813e-01 1.534544943130170848e-04
5.766798654804006219e-02 9.998017306715495378e-01 9.999895334982895623e-01 1.534523195430139775e-04
5.770998798834625632e-02 9.997029640939265605e-01 9.999895252063047968e-01 1.534523195430139775e-04
5.775198944320436567e-02 1.000329854102474769e+00 9.999895169143174778e-01 1.534523195430139775e-04
5.779399087623460218e-02 9.999018116194593464e-01 9.999895086223345997e-01 1.534914551521726904e-04
5.783599233109271154e-02 9.997913641363719295e-01 9.999895003303472807e-01 1.534523195430139775e-04
5.787799377139890566e-02 9.997695426279495923e-01 9.999894920383629593e-01 1.534523195430139775e-04
5.791999521898105741e-02 9.999691860274503297e-01 9.999894837463769726e-01 1.534528092742472186e-04
5.796199666656320915e-02 9.999676472170500041e-01 9.999894754543912079e-01 1.534523195430139775e-04
5.800399811414536089e-02 1.000124154642107133e+00 9.999894671624051101e-01 1.534523195430139775e-04
5.804599956172751263e-02 9.999056008042334076e-01 9.999894588704193454e-01 1.534523195430139775e-04
5.808800100203370675e-02 9.999255864242281300e-01 9.999894505784346910e-01 1.534533969689962042e-04
5.813000245689181611e-02 1.000007869408076511e+00 9.999894422864475940e-01 1.534576739919298310e-04
5.817200388992205262e-02 9.997273608640471210e-01 9.999894339944643828e-01 1.534523195430139775e-04
5.821400534478016198e-02 1.000005860187754836e+00 9.999894257024770639e-01 1.534523195430139775e-04
5.825600678508635610e-02 1.000167021753460839e+00 9.999894174104928535e-01 1.534616731072298659e-04
5.829800823994446546e-02 1.000284875883634017e+00 9.999894091185054235e-01 1.535235391385763671e-04
5.834000968025065958e-02 9.998986069965263290e-01 9.999894008265207690e-01 1.534523195430139775e-04
5.838201112783281133e-02 9.999336990460933050e-01 9.999893925345352264e-01 1.534523195430139775e-04
5.842401257541496307e-02 9.999922903475719771e-01 9.999893842425492396e-01 1.534523195430139775e-04
5.846601401572115719e-02 1.000084609190595719e+00 9.999893759505644741e-01 1.534523195430139775e-04
5.850801546330330893e-02 1.000151196589796676e+00 9.999893676585789315e-01 1.534523195430139775e-04
5.855001690360950306e-02 9.998848176329919735e-01 9.999893593665941660e-01 1.534930217594209683e-04
5.859201835846761242e-02 9.998901736884721059e-01 9.999893510746068470e-01 1.534523195430139775e-04
5.863401979877380654e-02 1.000170009760533052e+00 9.999893427826226366e-01 1.534523195430139775e-04
5.867602125363191590e-02 1.000167734777998030e+00 9.999893344906353176e-01 1.535063021738401257e-04
5.871802269393811002e-02 1.000049657953334004e+00 9.999893261986505522e-01 1.534523195430139775e-04
5.876002414152026176e-02 9.997830774333771320e-01 9.999893179066650095e-01 1.534523195430139775e-04
5.880202558182645589e-02 9.997440932045528195e-01 9.999893096146803551e-01 1.534523195430139775e-04
5.884402702940860763e-02 9.998946897036955495e-01 9.999893013226944793e-01 1.534523195430139775e-04
5.888602847699075937e-02 1.000106727731312928e+00 9.999892930307087147e-01 1.534523195430139775e-04
5.892802991729695350e-02 1.000043826672820879e+00 9.999892847387240602e-01 1.534523195430139775e-04
5.897003137215506285e-02 9.998670871929122850e-01 9.999892764467367412e-01 1.534605001762164283e-04
5.901203281246125698e-02 9.998943219237728108e-01 9.999892681547524198e-01 1.534523195430139775e-04
5.905403426731936634e-02 9.999990088604190364e-01 9.999892598627651008e-01 1.534740953524032342e-04
5.909603570762556046e-02 9.999594169226454499e-01 9.999892515707804463e-01 1.534523195430139775e-04
5.913803715520771220e-02 1.000098535348842077e+00 9.999892432787947927e-01 1.535337418897919453e-04
5.918003859551390633e-02 1.000078808044534640e+00 9.999892349868101382e-01 1.534523195430139775e-04
5.922204004309605807e-02 9.999546685105595856e-01 9.999892266948243735e-01 1.534523195430139775e-04
5.926404149067820981e-02 1.000240994776375736e+00 9.999892184028386088e-01 1.534532997110604768e-04
5.930604293098440394e-02 9.998095190884731531e-01 9.999892101108540654e-01 1.534523195430139775e-04
5.934804438584251329e-02 1.000004187715339166e+00 9.999892018188665244e-01 1.534563380615272337e-04
5.939004582614870742e-02 1.000070985092259557e+00 9.999891935268823140e-01 1.534523195430139775e-04
5.943204728100681677e-02 9.997323864258579329e-01 9.999891852348948840e-01 1.534523195430139775e-04
5.947404871403705329e-02 1.000080915893049038e+00 9.999891769429120059e-01 1.534523195430139775e-04
5.951605016889516264e-02 1.000143014501808203e+00 9.999891686509244648e-01 1.534523195430139775e-04
5.955805160920135677e-02 1.000173170671782463e+00 9.999891603589399214e-01 1.534523195430139775e-04
5.960005305678350851e-02 9.998092545908316975e-01 9.999891520669541567e-01 1.534523195430139775e-04
5.964205450436566025e-02 9.999510628163758019e-01 9.999891437749683920e-01 1.534523195430139775e-04
5.968405595194781199e-02 9.999060791094102063e-01 9.999891354829824053e-01 1.534523195430139775e-04
5.972605739952996373e-02 1.000626438001541718e+00 9.999891271909963075e-01 1.535650168642524373e-04
5.976805883983615786e-02 1.000111829864008151e+00 9.999891188990120972e-01 1.534523195430139775e-04
5.981006028741830960e-02 1.000124318113973176e+00 9.999891106070261104e-01 1.534703078909170322e-04
5.985206172772450373e-02 9.999108599315438273e-01 9.999891023150417890e-01 1.534523195430139775e-04
5.989406318258261308e-02 9.999606721583809144e-01 9.999890940230542480e-01 1.534855201489708769e-04
5.993606462288880721e-02 9.998683725386111609e-01 9.999890857310698156e-01 1.534523195430139775e-04
5.997806607774691656e-02 9.998432174054877608e-01 9.999890774390824966e-01 1.534523195430139775e-04
6.002006751805311069e-02 9.999272973804376186e-01 9.999890691470981752e-01 1.534755278066094299e-04
6.006206896563526243e-02 9.998001140809167353e-01 9.999890608551121884e-01 1.534523195430139775e-04
6.010407040594145656e-02 1.000053771490406973e+00 9.999890525631279781e-01 1.534523195430139775e-04
6.014607184624765068e-02 1.000095927420599828e+00 9.999890442711432126e-01 1.535546106331795466e-04
6.018807330110576004e-02 1.000002638307491365e+00 9.999890359791558936e-01 1.534523195430139775e-04
6.023007474141195416e-02 1.000037788152256413e+00 9.999890276871716832e-01 1.534523195430139775e-04
6.027207619627006352e-02 9.999658246535301220e-01 9.999890193951843642e-01 1.534523692741413426e-04
6.031407763657625765e-02 1.000195283459812678e+00 9.999890111031995987e-01 1.534523195430139775e-04
6.035607909143436700e-02 9.998902850195635628e-01 9.999890028112122797e-01 1.534523195430139775e-04
6.039808053174056113e-02 9.999391576394216496e-01 9.999889945192280694e-01 1.534523195430139775e-04
6.044008197204675525e-02 9.995688393652760739e-01 9.999889862272433039e-01 1.534523195430139775e-04
6.048208341962890700e-02 9.997181758237945193e-01 9.999889779352577612e-01 1.534523195430139775e-04
6.052408486721105874e-02 9.998446044144881917e-01 9.999889696432717745e-01 1.534801132904306672e-04
6.056608631479321048e-02 9.998003182262752420e-01 9.999889613512856767e-01 1.534523195430139775e-04
6.060808775509940460e-02 1.000138899071275400e+00 9.999889530593014664e-01 1.534523195430139775e-04
6.065008920995751396e-02 1.000018361613827844e+00 9.999889447673141474e-01 1.534523195430139775e-04
6.069209065026370808e-02 1.000027370656045411e+00 9.999889364753293819e-01 1.534523195430139775e-04
6.073409209784585983e-02 1.000072006543070824e+00 9.999889281833438393e-01 1.535236957838631967e-04
6.077609353815205395e-02 9.999136592259409984e-01 9.999889198913591848e-01 1.534523195430139775e-04
6.081809499301016331e-02 1.000184527266114509e+00 9.999889115993718658e-01 1.534523195430139775e-04
6.086009643331635743e-02 9.999040473559088760e-01 9.999889033073873224e-01 1.534523195430139775e-04
6.090209788089850917e-02 9.998550128715664176e-01 9.999888950154015577e-01 1.534523195430139775e-04
6.094409932848066092e-02 1.000059907814238258e+00 9.999888867234155709e-01 1.534524298981273713e-04
6.098610076878685504e-02 1.000050211883591889e+00 9.999888771616862737e-01 1.534523195430139775e-04
6.102810222364496440e-02 1.000027559173678693e+00 9.999888675196740850e-01 1.534528624660501232e-04
6.107010365667520091e-02 9.997986129079677875e-01 9.999888578776668924e-01 1.534523195430139775e-04
6.111210511153331026e-02 9.998913378125395823e-01 9.999888482356547037e-01 1.534523195430139775e-04
6.115410655183950439e-02 9.999554478546150982e-01 9.999888385936457347e-01 1.534523195430139775e-04
6.119610800669761375e-02 9.999509884705219953e-01 9.999888289516337680e-01 1.534523195430139775e-04
6.123810944700380787e-02 9.999656101635103767e-01 9.999888193096249100e-01 1.534523195430139775e-04
6.128011089458595961e-02 9.998506879854677232e-01 9.999888096676143867e-01 1.534523195430139775e-04
6.132211234216811135e-02 1.000079665030459086e+00 9.999887995159849607e-01 1.535031460562960018e-04
6.136411378247430548e-02 9.999330478823439394e-01 9.999887883472775574e-01 1.534523195430139775e-04
6.140611523005645722e-02 9.998929111011446436e-01 9.999887771785684887e-01 1.534523195430139775e-04
6.144811667036265135e-02 9.997094836256947836e-01 9.999887660098608633e-01 1.534523195430139775e-04
6.149011812522076070e-02 9.998231532929229282e-01 9.999887548411495741e-01 1.534523195430139775e-04
6.153211956552695483e-02 1.000042019401442994e+00 9.999887436724423928e-01 1.534523195430139775e-04
6.157412102038506418e-02 1.000116928358919077e+00 9.999887325037311037e-01 1.534523195430139775e-04
6.161612246069125831e-02 1.000028206100618045e+00 9.999887213350237003e-01 1.534529836762745165e-04
6.165812390827341005e-02 9.999957685965495946e-01 9.999887101663144096e-01 1.534523195430139775e-04
6.170012534857960418e-02 9.998507483658395367e-01 9.999886989976072282e-01 1.534523195430139775e-04
6.174212679616175592e-02 9.998238548600656417e-01 9.999886878288977154e-01 1.534523195430139775e-04
6.178412824374390766e-02 1.000071965906186522e+00 9.999886766601883137e-01 1.534523195430139775e-04
6.182612968405010179e-02 9.999793270252372857e-01 9.999886654914810213e-01 1.534523195430139775e-04
6.186813113890821114e-02 9.996788703118096864e-01 9.999886543227698432e-01 1.534652403069348416e-04
6.191013257921440527e-02 9.997470706738194046e-01 9.999886431540623288e-01 1.534523195430139775e-04
6.195213402679655701e-02 9.998383729826774147e-01 9.999886319853531491e-01 1.534523195430139775e-04
6.199413546710275114e-02 1.000130421319936014e+00 9.999886208166458568e-01 1.534523195430139775e-04
6.203613692196086049e-02 9.997958130395707688e-01 9.999886096479346786e-01 1.534523195430139775e-04
6.207813836226705462e-02 1.000162897875490620e+00 9.999885984792269422e-01 1.534523195430139775e-04
6.212013980984920636e-02 1.000085550823376801e+00 9.999885873105177625e-01 1.535435131439872529e-04
6.216214125743135810e-02 1.000006083872679419e+00 9.999885761418084718e-01 1.534523195430139775e-04
6.220414270501350984e-02 1.000143052786643727e+00 9.999885649730990700e-01 1.534562666146509864e-04
6.224614414531970397e-02 9.999908072857102148e-01 9.999885538043917776e-01 1.534523195430139775e-04
6.228814558562589809e-02 9.999227827713059735e-01 9.999885426356845963e-01 1.534523195430139775e-04
6.233014704048400745e-02 9.999588436548618731e-01 9.999885314669733072e-01 1.534530420745585549e-04
6.237214848079020157e-02 1.000001665406518025e+00 9.999885202982656818e-01 1.534523195430139775e-04
6.241414993564831093e-02 1.000209766684071244e+00 9.999885091295545037e-01 1.534523195430139775e-04
6.245615137595450506e-02 9.998591987657794444e-01 9.999884979608472113e-01 1.534523195430139775e-04
6.249815283081261441e-02 1.000211660111880452e+00 9.999884867921360332e-01 1.534523195430139775e-04
6.254015426384285092e-02 1.000314445922438233e+00 9.999884756234305172e-01 1.534523195430139775e-04
6.258215571142500266e-02 1.000119988341548805e+00 9.999884644547210044e-01 1.534523195430139775e-04
6.262415715900715441e-02 9.998883602007876403e-01 9.999884532860120467e-01 1.534523195430139775e-04
6.266615859931334853e-02 9.999972013581890362e-01 9.999884421173043103e-01 1.533771062995867599e-04
6.270816005417145789e-02 1.000161138650603743e+00 9.999884309485931322e-01 1.533737524365505901e-04
6.275016149447765201e-02 1.000091890808654016e+00 9.999884197798858398e-01 1.533737524365505901e-04
6.279216294933576137e-02 1.000204696844312569e+00 9.999884086111746617e-01 1.533737524365505901e-04
6.283416438236599788e-02 9.996660734637845547e-01 9.999883974424691457e-01 1.533876369270253362e-04
6.287616583722410724e-02 9.999611342082473930e-01 9.999883862737579676e-01 1.533737524365505901e-04
6.291816727753030136e-02 9.998358485709742949e-01 9.999883751050507863e-01 1.533737524365505901e-04
6.296016872511245310e-02 9.999909153749675372e-01 9.999883639363412735e-01 1.533966388204394788e-04
6.300217017269460484e-02 9.999072278437151073e-01 9.999883527676318717e-01 1.533737524365505901e-04
6.304417162027675658e-02 1.000174060595459213e+00 9.999883415989225810e-01 1.533827181404711921e-04
6.308617306785890833e-02 9.999108078293995616e-01 9.999883304302134013e-01 1.533737524365505901e-04
6.312817450088914484e-02 1.000087033553359372e+00 9.999883192615078853e-01 1.533794672098923932e-04
6.317017595574725419e-02 1.000158084298582661e+00 9.999883080927967072e-01 1.533737524365505901e-04
6.321217739605344832e-02 1.000008960470814223e+00 9.999882969240894148e-01 1.533737524365505901e-04
6.325417885091155767e-02 1.000052444188606504e+00 9.999882857553782367e-01 1.533737524365505901e-04
6.329618029121775180e-02 1.000048292874553990e+00 9.999882745866705003e-01 1.533737524365505901e-04
6.333818174607586116e-02 9.998002614180332426e-01 9.999882634179593222e-01 1.533999241676782565e-04
6.338018318638205528e-02 1.000026688272750652e+00 9.999882522492520298e-01 1.533972590118782653e-04
6.342218462668824941e-02 1.000099150509578205e+00 9.999882410805448485e-01 1.533737524365505901e-04
6.346418607427040115e-02 9.998150887405995446e-01 9.999882299118353357e-01 1.533737524365505901e-04
6.350618751457659528e-02 9.998534468007923559e-01 9.999882187431281544e-01 1.533737524365505901e-04
6.354818896943470463e-02 1.000148971750568494e+00 9.999882075744168652e-01 1.533737524365505901e-04
6.359019040974089876e-02 9.999076694924129427e-01 9.999881964057092398e-01 1.533737524365505901e-04
6.363219186459900811e-02 1.000011072227622755e+00 9.999881852369979507e-01 1.533737524365505901e-04
6.367419330490520224e-02 1.000007432235818117e+00 9.999881740682907694e-01 1.534308417232181437e-04
6.371619475248735398e-02 9.999803467167200921e-01 9.999881628995812566e-01 1.533993056628635634e-04
6.375819619279354811e-02 9.999902687686044178e-01 9.999881517308740753e-01 1.534426496311506571e-04
6.380019764037569985e-02 1.000048315865057935e+00 9.999881405621645625e-01 1.533737524365505901e-04
6.384219908795785159e-02 9.998284596622354359e-01 9.999881293934556048e-01 1.533737524365505901e-04
6.388420053554000333e-02 1.000179573938701161e+00 9.999881182247460920e-01 1.533737524365505901e-04
6.392620198312215507e-02 9.999220821114213065e-01 9.999881070560366902e-01 1.533737524365505901e-04
6.396820342342834920e-02 1.000030358131913433e+00 9.999880958873293979e-01 1.533737524365505901e-04
6.401020487101050094e-02 1.000178122835492456e+00 9.999880847186199961e-01 1.533737524365505901e-04
6.405220631131669506e-02 1.000422225800444931e+00 9.999880735499127038e-01 1.533737524365505901e-04
6.409420776617480442e-02 1.000086580087424570e+00 9.999880623812015257e-01 1.533737524365505901e-04
6.413620920648099855e-02 9.999968616248204878e-01 9.999880512124942333e-01 1.533737524365505901e-04
6.417821065406315029e-02 1.000049508161222622e+00 9.999880400437848316e-01 1.533744147585499999e-04
6.422021210164530203e-02 1.000234138782915672e+00 9.999880288750753188e-01 1.535186508437494759e-04
6.426221354195149615e-02 9.998200555866583183e-01 9.999880177063681375e-01 1.533737615580599376e-04
6.430421498953364789e-02 1.000288761022233519e+00 9.999880065376586247e-01 1.533737524365505901e-04
6.434621642983984202e-02 9.998951096748296408e-01 9.999879953689514434e-01 1.533737524365505901e-04
6.438821788469795138e-02 1.000097195166795849e+00 9.999879842002401542e-01 1.533737524365505901e-04
6.443021932500414550e-02 9.999686564944320066e-01 9.999879730315329729e-01 1.534602102698604811e-04
6.447222077986225486e-02 1.000099553340226821e+00 9.999879618628215727e-01 1.533738288925790829e-04
6.451422222016844898e-02 1.000154446460663982e+00 9.999879506941140583e-01 1.533737488448402462e-04
6.455622366775060073e-02 1.000256623215673768e+00 9.999879395254047676e-01 1.533764750980078540e-04
6.459822510805679485e-02 1.000035618263087178e+00 9.999879283566973642e-01 1.533737524365505901e-04
6.464022655563894659e-02 9.999518201887641622e-01 9.999879171879882955e-01 1.533474027655962050e-04
6.468222800322109833e-02 1.000206563503095225e+00 9.999879060192788938e-01 1.533737524365505901e-04
6.472422945080325007e-02 9.999044209558822782e-01 9.999878960987068632e-01 1.533737524365505901e-04
6.476623089838540182e-02 1.000110647840374734e+00 9.999878877289247736e-01 1.534506768341979438e-04
6.480823233869159594e-02 1.000122612875572914e+00 9.999878793591440163e-01 1.533737524365505901e-04
6.485023378627374768e-02 9.997706816819440512e-01 9.999878709893614825e-01 1.533737524365505901e-04
6.489223522657994181e-02 9.998653466522923194e-01 9.999878626195807252e-01 1.533737524365505901e-04
6.493423668143805116e-02 9.998927230380192377e-01 9.999878542497968592e-01 1.533780746792819311e-04
6.497623812174424529e-02 1.000030289916176596e+00 9.999878458800159908e-01 1.533737524365505901e-04
6.501823956932639703e-02 9.996702982286488348e-01 9.999878375102336792e-01 1.533737524365505901e-04
6.506024101690854877e-02 1.000059934193325617e+00 9.999878291404513675e-01 1.533737524365505901e-04
6.510224245721474290e-02 1.000135067414630541e+00 9.999878207706703881e-01 1.533737615580599376e-04
6.514424390479689464e-02 9.999834071454171136e-01 9.999878124008880764e-01 1.533737524365505901e-04
6.518624534510308877e-02 9.999469544549695055e-01 9.999878040311070970e-01 1.533737488448402462e-04
6.522824679996119812e-02 1.000141394839090925e+00 9.999877956613234531e-01 1.533743471196033644e-04
6.527024824026739225e-02 9.999508373045046250e-01 9.999877872915424737e-01 1.533737524365505901e-04
6.531224969512550160e-02 9.999318021540940515e-01 9.999877789217588298e-01 1.533737524365505901e-04
6.535425113543169573e-02 1.000005329750002669e+00 9.999877705519777393e-01 1.533737524365505901e-04
6.539625258301384747e-02 1.000127443099009028e+00 9.999877621821954277e-01 1.533787345402278445e-04
6.543825402332004160e-02 9.998994443696835877e-01 9.999877538124146703e-01 1.533737524365505901e-04
6.548025547090219334e-02 1.000083668983126062e+00 9.999877454426321366e-01 1.533737524365505901e-04
6.552225691848434508e-02 1.000069366963343587e+00 9.999877370728498249e-01 1.534153079571258451e-04
6.556425836606649682e-02 9.998180322938430287e-01 9.999877287030675133e-01 1.534309821455361229e-04
6.560625981364864856e-02 9.999168117083022667e-01 9.999877203332852016e-01 1.533737524365505901e-04
6.564826124667888507e-02 1.000132530209506765e+00 9.999877119635059985e-01 1.533737524365505901e-04
6.569026270153699443e-02 1.000132922795312407e+00 9.999877035937221326e-01 1.533737524365505901e-04
6.573226414184318855e-02 1.000097494025110390e+00 9.999876952239410421e-01 1.533737524365505901e-04
6.577426559670129791e-02 1.000217909297449470e+00 9.999876868541571762e-01 1.534195486036174657e-04
6.581626703700749204e-02 1.000070942413241459e+00 9.999876784843761968e-01 1.533737524365505901e-04
6.585826848458964378e-02 9.999004021170658785e-01 9.999876705258018417e-01 1.533737524365505901e-04
6.590026992489583790e-02 1.000147028369902324e+00 9.999876629568966724e-01 1.533737524365505901e-04
6.594227137247798964e-02 1.000126159079371968e+00 9.999876553879900598e-01 1.533737524365505901e-04
6.598427282006014138e-02 1.000003502200829564e+00 9.999876478190833362e-01 1.533737524365505901e-04
6.602627426036633551e-02 9.998342500843200309e-01 9.999876402501782779e-01 1.533737524365505901e-04
6.606827571522444487e-02 9.999026770897857519e-01 9.999876326812702221e-01 1.533824801061922725e-04
6.611027715553063899e-02 9.999384406787217294e-01 9.999876251123652748e-01 1.533741937231514923e-04
6.615227861038874835e-02 1.000160639471440405e+00 9.999876175434571079e-01 1.533795605445203969e-04
6.619428004341898486e-02 9.997288402068804647e-01 9.999876099745534930e-01 1.533737524365505901e-04
6.623628149827709422e-02 1.000021908074552934e+00 9.999876024056453261e-01 1.533759268339746952e-04
6.627828293858328834e-02 9.999021230882422229e-01 9.999875948367403788e-01 1.533737524365505901e-04
6.632028438616544008e-02 9.998938886655251990e-01 9.999875872678335442e-01 1.533737524365505901e-04
6.636228583374759182e-02 9.999164702934032478e-01 9.999875796989270427e-01 1.533737524365505901e-04
6.640428728132974356e-02 9.999694612302797436e-01 9.999875721300204301e-01 1.533737524365505901e-04
6.644628872163593769e-02 9.997892866652129396e-01 9.999875645611152608e-01 1.533786989226665625e-04
6.648829016194213182e-02 9.998986455174901922e-01 9.999875569922099805e-01 1.533737524365505901e-04
6.653029161680024117e-02 9.999064054700953497e-01 9.999875494233021467e-01 1.533752354604708650e-04
6.657229305710643530e-02 1.000064059521939663e+00 9.999875418543969774e-01 1.533737524365505901e-04
6.661429451196454465e-02 1.000031901568778636e+00 9.999875342854888105e-01 1.533737524365505901e-04
6.665629595227073878e-02 1.000149351301228284e+00 9.999875267165838633e-01 1.533737524365505901e-04
6.669829739257693291e-02 9.999563959169520677e-01 9.999875191476783609e-01 1.533781882429863784e-04
6.674029884015908465e-02 1.000304003048881007e+00 9.999875115787720814e-01 1.533737524365505901e-04
6.678230028774123639e-02 9.999693846920622020e-01 9.999875040098652468e-01 1.533737524365505901e-04
6.682430173532338813e-02 9.999521518328043923e-01 9.999874964409589673e-01 1.534425924098852792e-04
6.686630317562958226e-02 1.000000782993886173e+00 9.999874888720534649e-01 1.533881361492488464e-04
6.690830463048769161e-02 1.000187096088065219e+00 9.999874813031456311e-01 1.533737524365505901e-04
6.695030606351792812e-02 1.000029878289596441e+00 9.999874737342416831e-01 1.533737524365505901e-04
6.699230751837603748e-02 9.998277128460065777e-01 9.999874661653338492e-01 1.533741059164953134e-04
6.703430895868223161e-02 1.000088236616523130e+00 9.999874585964286799e-01 1.534254635811389735e-04
6.707631041354034096e-02 1.000085711101298624e+00 9.999874510275207351e-01 1.534379289726343876e-04
6.711831185384653509e-02 1.000008909783052014e+00 9.999874434586155658e-01 1.533807226802234424e-04
6.716031330142868683e-02 9.997736439884065129e-01 9.999874358897087312e-01 1.533737524365505901e-04
6.720231474901083857e-02 9.994971529244559560e-01 9.999874283208024517e-01 1.533737524365505901e-04
6.724431618931703269e-02 9.999704075843752760e-01 9.999874207518969493e-01 1.533737524365505901e-04
6.728631763689918444e-02 1.000110118369109680e+00 9.999874131829906698e-01 1.533737524365505901e-04
6.732831907720537856e-02 1.000139070180567913e+00 9.999874056140851675e-01 1.533737524365505901e-04
6.737032053206348792e-02 1.000138144924652472e+00 9.999873980451775557e-01 1.533737524365505901e-04
6.741232197236968204e-02 1.000124483595583147e+00 9.999873904762721644e-01 1.533737524365505901e-04
6.745432342722779140e-02 1.000047849960857604e+00 9.999873829073642195e-01 1.533737524365505901e-04
6.749632486025802791e-02 1.000046885478031333e+00 9.999873753384603825e-01 1.533737524365505901e-04
6.753832630784017965e-02 1.000050646777163488e+00 9.999873677695535479e-01 1.533737524365505901e-04
6.758032775542233139e-02 9.999744751258928810e-01 9.999873602006472684e-01 1.533740210163470139e-04
6.762232920300448313e-02 1.000288916128960315e+00 9.999873526317404338e-01 1.533737524365505901e-04
6.766433065058663487e-02 9.997634029753215135e-01 9.999873450628341542e-01 1.533810534975467389e-04
6.770633209089282900e-02 1.000274399966958105e+00 9.999873374939286519e-01 1.533737524365505901e-04
6.774833353847498074e-02 9.998638893743651002e-01 9.999873299250223724e-01 1.533737524365505901e-04
6.779033497878117487e-02 9.997955982988938617e-01 9.999873223561169810e-01 1.533737524365505901e-04
6.783233643363928422e-02 1.000041763833126707e+00 9.999873147872092582e-01 1.533737524365505901e-04
6.787433787394547835e-02 9.998510657774751786e-01 9.999873072183038669e-01 1.533737524365505901e-04
6.791633932880358770e-02 9.995292249025531373e-01 9.999872996493959221e-01 1.533737524365505901e-04
6.795834076910978183e-02 9.998399836819714670e-01 9.999872920804907528e-01 1.534308997564674381e-04
6.800034220941597596e-02 9.998763868698623547e-01 9.999872845115854725e-01 1.533737524365505901e-04
6.804234365699812770e-02 9.997277922887919388e-01 9.999872769426789709e-01 1.533737524365505901e-04
6.808434510458027944e-02 9.999774434043519067e-01 9.999872693737723583e-01 1.533798096523692476e-04
6.812634655216243118e-02 9.998431517756672937e-01 9.999872618048658568e-01 1.533737524365505901e-04
6.816834799246862531e-02 9.997222792371942557e-01 9.999872542359604655e-01 1.533759268339746952e-04
6.821034944732673466e-02 9.997321063691118059e-01 9.999872466670527427e-01 1.533737524365505901e-04
6.825235088035697117e-02 9.998822558969526764e-01 9.999872390981486836e-01 1.533858609079587958e-04
6.829435233521508053e-02 9.996860955402696591e-01 9.999872316564814012e-01 1.533737524365505901e-04
6.833635377552127466e-02 9.994902610513775043e-01 9.999872246433372247e-01 1.533737524365505901e-04
6.837835522310342640e-02 9.997496652114613580e-01 9.999872176301920490e-01 1.533740244658513409e-04
6.842035667068557814e-02 9.998158611468104251e-01 9.999872106170467623e-01 1.533737524365505901e-04
6.846235811826772988e-02 9.998497404855027915e-01 9.999872036039015866e-01 1.533737524365505901e-04
6.850435955857392401e-02 1.000129452950119679e+00 9.999871965907574101e-01 1.533737524365505901e-04
6.854636099888011813e-02 1.000186937032239376e+00 9.999871895776134556e-01 1.533737524365505901e-04
6.858836245373822749e-02 9.998639200257589676e-01 9.999871825644669476e-01 1.534003261661111978e-04
6.863036389404442161e-02 1.000040263471861479e+00 9.999871755513229932e-01 1.533737524365505901e-04
6.867236534890253097e-02 9.997239929194217112e-01 9.999871685381764852e-01 1.533737524365505901e-04
6.871436678920872509e-02 9.999503677950423164e-01 9.999871615250325307e-01 1.534510407845704688e-04
6.875636823679087684e-02 9.999476073645872098e-01 9.999871545118873550e-01 1.533737524365505901e-04
6.879836967709707096e-02 1.000050921519380909e+00 9.999871470166940002e-01 1.533737524365505901e-04
6.884037112467922270e-02 9.999237177053884595e-01 9.999871387313205018e-01 1.533742991760269551e-04
6.888237257226137444e-02 1.000034289983632085e+00 9.999871304459471144e-01 1.533854187043169007e-04
6.892437401256756857e-02 9.999137354054117299e-01 9.999871221605752813e-01 1.534029797588544431e-04
6.896637546742567793e-02 9.998639585455910694e-01 9.999871138752003397e-01 1.533737524365505901e-04
6.900837690045591444e-02 9.999238834721002611e-01 9.999871055898298389e-01 1.533737524365505901e-04
6.905037835531402379e-02 1.000083026512208040e+00 9.999870973044548972e-01 1.533737524365505901e-04
6.909237979562021792e-02 1.000301366376966206e+00 9.999870890190828421e-01 1.533794900872839163e-04
6.913438125047832727e-02 1.000116155849865018e+00 9.999870807337082335e-01 1.533737524365505901e-04
6.917638269078452140e-02 1.000163942367293446e+00 9.999870724483361784e-01 1.533737524365505901e-04
6.921838413109071553e-02 1.000192345230664914e+00 9.999870641629641232e-01 1.533868829301399280e-04
6.926038557867286727e-02 1.000078047589670227e+00 9.999870558775907359e-01 1.533738024670160377e-04
6.930238702625501901e-02 9.998502373165114587e-01 9.999870475922173485e-01 1.533737524365505901e-04
6.934438847383717075e-02 1.000064089907305220e+00 9.999870393068439611e-01 1.533737524365505901e-04
6.938638991414336488e-02 1.000020798831754654e+00 9.999870310214719060e-01 1.533737524365505901e-04
6.942839136900147423e-02 9.998551966332515084e-01 9.999870227360970754e-01 1.533737524365505901e-04
6.947039280203171074e-02 1.000051829773196177e+00 9.999870144507264635e-01 1.533737524365505901e-04
6.951239425688982010e-02 1.000126776386287997e+00 9.999870061653516329e-01 1.533737524365505901e-04
6.955439569719601423e-02 1.000072173194905822e+00 9.999869978799795778e-01 1.534325014452819758e-04
6.959639715205412358e-02 1.000246742155763924e+00 9.999869895946046361e-01 1.533737524365505901e-04
6.963839859236031771e-02 1.000062288979800096e+00 9.999869813092328030e-01 1.533737524365505901e-04
6.968040003994246945e-02 1.000022210547966806e+00 9.999869730238591936e-01 1.534497784656303917e-04
6.972240148024866357e-02 9.996807446947792997e-01 9.999869647384871385e-01 1.533750073660966389e-04
6.976440292055485770e-02 9.999278820558137326e-01 9.999869564531153054e-01 1.533737524365505901e-04
6.980640437541296706e-02 9.999461987691827813e-01 9.999869481677404748e-01 1.533737524365505901e-04
6.984840581571916118e-02 1.000025675651033286e+00 9.999869398823684197e-01 1.534163452657563026e-04
6.989040727057727054e-02 9.999041028712777335e-01 9.999869315969937000e-01 1.534360716554610373e-04
6.993240871088346466e-02 1.000013465168082760e+00 9.999869233116216449e-01 1.533737524365505901e-04
6.997441015846561641e-02 1.000102190770755906e+00 9.999869150262482576e-01 1.533737524365505901e-04
7.001641159877181053e-02 9.999243911590389722e-01 9.999869067408762024e-01 1.533737524365505901e-04
7.005841304635396227e-02 9.999445811535313533e-01 9.999868984555028151e-01 1.533737524365505901e-04
7.010041449393611401e-02 1.000005121872470371e+00 9.999868901701294277e-01 1.533737524365505901e-04
7.014241594151826575e-02 1.000150079864883246e+00 9.999868818847559293e-01 1.533737524365505901e-04
7.018441738182445988e-02 1.000201331407483574e+00 9.999868735993840962e-01 1.533737524365505901e-04
7.022641882213065401e-02 9.998700956330113243e-01 9.999868653140120411e-01 1.533737524365505901e-04
7.026842027698876336e-02 9.999876161653663553e-01 9.999868570286370995e-01 1.533786227792133391e-04
7.031042171729495749e-02 9.997617501617240832e-01 9.999868487432652664e-01 1.533737524365505901e-04
7.035242317215306684e-02 9.999448807209043721e-01 9.999868404578901027e-01 1.533737524365505901e-04
7.039442461245926097e-02 1.000125129290972303e+00 9.999868321725182696e-01 1.533737524365505901e-04
7.043642606004141271e-02 1.000135161784784010e+00 9.999868238871447712e-01 1.533737524365505901e-04
7.047842750034760684e-02 1.000194722487945054e+00 9.999868156017729381e-01 1.533873656130534775e-04
7.052042894792975858e-02 9.998386127471260432e-01 9.999868073163995508e-01 1.533737524365505901e-04
7.056243039551191032e-02 1.000162945852832497e+00 9.999867990310259414e-01 1.533737524365505901e-04
7.060443183581810445e-02 1.000075567000373811e+00 9.999867907456538862e-01 1.533737524365505901e-04
7.064643329067621380e-02 9.998995275868490795e-01 9.999867824602791666e-01 1.533737524365505901e-04
7.068843472370645031e-02 9.998497259437600926e-01 9.999867741749084438e-01 1.533737524365505901e-04
7.073043617856455967e-02 9.998401711160387340e-01 9.999867658895337241e-01 1.533737524365505901e-04
7.077243761887075379e-02 9.997738710765640135e-01 9.999867576041616690e-01 1.533929972078435877e-04
7.081443907372886315e-02 9.999178741841839857e-01 9.999867493187870604e-01 1.533759436950853745e-04
7.085644051403505728e-02 9.998898910789374428e-01 9.999867410334150053e-01 1.533889258682792503e-04
7.089844195434125140e-02 1.000091806846088671e+00 9.999867327480429502e-01 1.533958770585554384e-04
7.094044340192340314e-02 9.995532310703973966e-01 9.999867244626695628e-01 1.533737524365505901e-04
7.098244484950555488e-02 9.998963043309598842e-01 9.999867161772961754e-01 1.533737524365505901e-04
7.102444629708770663e-02 1.000036301311124198e+00 9.999867078919225660e-01 1.533737524365505901e-04
7.106644773739390075e-02 9.996731405730691078e-01 9.999866996065507330e-01 1.533737524365505901e-04
7.110844919225201011e-02 9.999014907644987460e-01 9.999866913211759023e-01 1.534261398941123714e-04
7.115045062528224662e-02 9.999763106165866500e-01 9.999866830358052905e-01 1.533737524365505901e-04
7.119245208014035597e-02 1.000129084177083350e+00 9.999866747504302378e-01 1.533737524365505901e-04
7.123445352044655010e-02 1.000065602614052640e+00 9.999866664650584047e-01 1.533737524365505901e-04
7.127645497530465946e-02 9.998367369108962510e-01 9.999865729463542907e-01 1.533737524365505901e-04
7.131845641561085358e-02 9.998123543496345578e-01 9.999858986864053056e-01 1.533759268339746952e-04
7.136045785591704771e-02 1.000039346533392104e+00 9.999838464667903937e-01 1.533737524365505901e-04
7.140245930349919945e-02 1.000165775303601290e+00 9.999795369829569402e-01 1.533737524365505901e-04
7.144446074380539358e-02 9.999399783512138429e-01 9.999689566451611666e-01 1.533921602073602881e-04
7.148646219866350293e-02 9.999483307296439527e-01 9.999553178086814098e-01 1.533745775247043685e-04
7.152846363896969706e-02 9.998652594113143222e-01 9.999401024516715308e-01 1.533737524365505901e-04
7.157046509382780641e-02 9.998306265705042550e-01 9.999232829465819483e-01 1.533737524365505901e-04
7.161246652685804293e-02 9.998437870373739766e-01 9.999038581465280462e-01 1.533737524365505901e-04
7.165446798171615228e-02 1.000138398259253991e+00 9.998825825339341389e-01 1.533737524365505901e-04
7.169646942202234641e-02 9.997282163263334631e-01 9.998608301467470927e-01 1.534656330630142641e-04
7.173847086960449815e-02 9.998417461900327430e-01 9.998378605353233084e-01 1.534020011107369019e-04
7.178047231718664989e-02 9.997753339619004365e-01 9.998137531896530428e-01 1.533737524365505901e-04
7.182247375749284402e-02 9.996452796347461422e-01 9.997885935860404416e-01 1.533737524365505901e-04
7.186447520507499576e-02 9.999360336837420649e-01 9.997624474114205073e-01 1.533737524365505901e-04
7.190647664538118988e-02 9.998177474206665361e-01 9.997352255702972590e-01 1.533737524365505901e-04
7.194847810023929924e-02 1.000011290597845326e+00 9.997072661037362806e-01 1.533737524365505901e-04
7.199047954054549336e-02 9.995885613624357902e-01 9.996785709497458816e-01 1.533737524365505901e-04
7.203248099540360272e-02 9.995944887756889052e-01 9.996493860825670374e-01 1.533737524365505901e-04
7.207448242843383923e-02 9.995612963238028614e-01 9.996188431147184916e-01 1.533737524365505901e-04
7.211648388329194859e-02 9.995620486942052851e-01 9.995883088352665036e-01 1.533737524365505901e-04
7.215848532359814271e-02 9.995577126585204475e-01 9.995578804687950125e-01 1.534049131522996490e-04
7.220048677118029445e-02 9.997233725445362484e-01 9.995256119722347732e-01 1.533737524365505901e-04
7.224248821876244619e-02 9.997681947928674928e-01 9.994935166795898551e-01 1.533947745598117449e-04
7.228448965179268271e-02 9.996135595966431087e-01 9.994607052570286809e-01 1.533737524365505901e-04
7.232649110665079206e-02 9.994241157508572115e-01 9.994270408079460877e-01 1.533737524365505901e-04
7.236849254695698619e-02 9.993322416111731776e-01 9.993924415833086439e-01 1.533911762958835268e-04
7.241049400181509554e-02 9.996251015711815624e-01 9.993569106345588926e-01 1.533737524365505901e-04
7.245249544212128967e-02 9.993563146927033625e-01 9.993221409169059655e-01 1.534396339031547727e-04
7.249449689697939903e-02 9.994426315874340716e-01 9.992870271183447173e-01 1.533895645000510647e-04
7.253649833000963554e-02 9.991553128416351681e-01 9.992525096092526038e-01 1.533812067701235255e-04
7.257849977759178728e-02 9.992626798214551131e-01 9.992171760995479657e-01 1.533737524365505901e-04
7.262050122517393902e-02 9.993180285364249293e-01 9.991820387424142913e-01 1.533737524365505901e-04
7.266250267275609076e-02 9.993263513248751284e-01 9.991461635978295952e-01 1.533737524365505901e-04
7.270450412033824250e-02 9.989430712516429445e-01 9.991097489306691726e-01 1.534450198261573908e-04
7.274650555336847901e-02 9.992238030371212165e-01 9.990723980166752449e-01 1.533737524365505901e-04
7.278850700822658837e-02 9.989495974864021077e-01 9.990368466569384820e-01 1.533737524365505901e-04
7.283050844853278250e-02 9.989030354499370823e-01 9.990001232557416122e-01 1.533828085372945468e-04
7.287250990339089185e-02 9.987344379072518041e-01 9.989639542711965525e-01 1.533740948068719738e-04
7.291451134369708598e-02 9.987814477943429692e-01 9.989278564122555659e-01 1.534043250146571930e-04
7.295651279127923772e-02 9.990115567498928373e-01 9.988927531378400948e-01 1.533737524365505901e-04
7.299851423158543184e-02 9.988635482234929919e-01 9.988570246356788251e-01 1.533737524365505901e-04
7.304051567916758358e-02 9.989998994601725357e-01 9.988216122755758652e-01 1.533826092299544108e-04
7.308251712674973533e-02 9.989450591427829762e-01 9.987860870578489925e-01 1.533836345062180120e-04
7.312451856705592945e-02 9.986319070131560727e-01 9.987505178704839670e-01 1.533737524365505901e-04
7.316652002191403881e-02 9.986528694126912686e-01 9.987149817797603690e-01 1.533737524365505901e-04
7.320852145494427532e-02 9.987445534854517692e-01 9.986801432494315511e-01 1.533737524365505901e-04
7.325052290980238467e-02 9.984531609477582670e-01 9.986468998648593276e-01 1.533737524365505901e-04
7.329252435010857880e-02 9.985185790076277490e-01 9.986143041965702682e-01 1.533748045822239104e-04
7.333452580496668816e-02 9.984785119552122001e-01 9.985810103532132276e-01 1.534825804694660647e-04
7.337652724527288228e-02 9.985409971060775769e-01 9.985484558482419226e-01 1.533737524365505901e-04
7.341852868557907641e-02 9.981953336316595760e-01 9.985176253975666105e-01 1.533737524365505901e-04
7.346053013316122815e-02 9.983586540256506048e-01 9.984876066598490363e-01 1.533737524365505901e-04
7.350253158074337989e-02 9.983420504070046331e-01 9.984577125823648203e-01 1.533759268339746952e-04
7.354453302832553163e-02 9.983149855923528770e-01 9.984279575946293228e-01 1.533947862049952061e-04
7.358653446863172576e-02 9.983618377474876571e-01 9.983995629583797271e-01 1.533837796722124173e-04
7.362853591621387750e-02 9.983861979173175305e-01 9.983717068090897095e-01 1.533771000267097396e-04
7.367053735652007163e-02 9.984097091245729416e-01 9.983458338378227159e-01 1.533737524365505901e-04
7.371253881137818098e-02 9.980332241390124093e-01 9.983205434125881350e-01 1.533737524365505901e-04
7.375454025168437511e-02 9.985428755679331969e-01 9.982964928489802547e-01 1.533737524365505901e-04
7.379654170654248446e-02 9.982127211594011840e-01 9.982741541453515888e-01 1.533737524365505901e-04
7.383854314684867859e-02 9.982829964714797777e-01 9.982535877272172842e-01 1.533737524365505901e-04
7.388054458715487272e-02 9.980395246700161094e-01 9.982354288131798370e-01 1.533737524365505901e-04
7.392254603473702446e-02 9.980295614895571266e-01 9.982209870919920291e-01 1.533737524365505901e-04
7.396454747504321858e-02 9.980748116588056273e-01 9.982087587047634436e-01 1.533737524365505901e-04
7.400654892990132794e-02 9.981000270733129121e-01 9.982014660441543841e-01 1.533763014755932315e-04
7.404855037020752206e-02 9.981531797795532013e-01 9.981966374058059976e-01 1.533741441290824878e-04
7.409055181778967381e-02 9.981974638014772250e-01 9.981928424846677750e-01 1.533737524365505901e-04
7.413255325809586793e-02 9.981930848441060711e-01 9.981896790179568546e-01 1.533737615580599376e-04
7.417455471295397729e-02 9.982611273319919043e-01 9.981866275237362141e-01 1.533737524365505901e-04
7.421655615326017141e-02 9.981043336306277824e-01 9.981836751656076867e-01 1.533737524365505901e-04
7.425855760084232315e-02 9.980722518181061043e-01 9.981808377977042790e-01 1.533737524365505901e-04
7.430055904114851728e-02 9.981265202164549821e-01 9.981781148642161483e-01 1.533737524365505901e-04
7.434256048873066902e-02 9.981770302032053621e-01 9.981754337415321698e-01 1.533737524365505901e-04
7.438456193631282076e-02 9.980733823456690024e-01 9.981727688635088080e-01 1.534055572529934909e-04
7.442656337661901489e-02 9.982256566758025418e-01 9.981701525169511813e-01 1.533797075514666724e-04
7.446856483147712424e-02 9.981808002676102465e-01 9.981676181251858404e-01 1.533737524365505901e-04
7.451056626450736076e-02 9.982626124220818076e-01 9.981651580630803711e-01 1.534184174517211948e-04
7.455256771936547011e-02 9.981250007661740531e-01 9.981627527252144860e-01 1.533844790239262997e-04
7.459456915967166424e-02 9.983003118710893631e-01 9.981603867497628180e-01 1.533737524365505901e-04
7.463657061452977359e-02 9.982136538915008517e-01 9.981580277371435717e-01 1.533737524365505901e-04
7.467857205483596772e-02 9.982182830488349756e-01 9.981557172599870853e-01 1.533737524365505901e-04
7.472057349514216185e-02 9.982557016457509480e-01 9.981534686423526592e-01 1.533737524365505901e-04
7.476257494272431359e-02 9.980802499410358353e-01 9.981513322667634469e-01 1.533737524365505901e-04
7.480457638303050771e-02 9.984164180874561811e-01 9.981492359621251254e-01 1.533737524365505901e-04
7.484657783788861707e-02 9.979323360297945866e-01 9.981471781430932833e-01 1.533980941977108403e-04
7.488857927819481120e-02 9.980465486060398073e-01 9.981451573382642550e-01 1.533737524365505901e-04
7.493058072577696294e-02 9.979871888087521459e-01 9.981432068671459712e-01 1.533737524365505901e-04
7.497258216608315706e-02 9.980988365805633089e-01 9.981413196578191593e-01 1.533737524365505901e-04
7.501458362094126642e-02 9.979012885668410160e-01 9.981394498454116970e-01 1.533737524365505901e-04
7.505658506124746054e-02 9.979566180846259904e-01 9.981375830517077441e-01 1.534037658741277974e-04
7.509858650882961228e-02 9.980510836105932482e-01 9.981357471354594946e-01 1.533737524365505901e-04
7.514058794913580641e-02 9.982096432649031348e-01 9.981339410755151187e-01 1.533858720208721739e-04
7.518258939671795815e-02 9.981859637218334358e-01 9.981321639079251407e-01 1.533737524365505901e-04
7.522459084430010989e-02 9.979762103655033245e-01 9.981304014259394508e-01 1.533737524365505901e-04
7.526659228460630402e-02 9.979848369035532185e-01 9.981286308016308340e-01 1.533737524365505901e-04
7.530859373946441337e-02 9.983353900320206531e-01 9.981268630361467276e-01 1.533934892982790992e-04
7.535059517249464989e-02 9.981690128194075085e-01 9.981251219081783699e-01 1.533737524365505901e-04
7.539259662735275924e-02 9.980546139747956680e-01 9.981234066658228876e-01 1.533737524365505901e-04
7.543459806765895337e-02 9.979824337683252944e-01 9.981217165960508675e-01 1.533737524365505901e-04
7.547659952251706272e-02 9.981947619987505682e-01 9.981200510163388273e-01 1.533737524365505901e-04
7.551860096282325685e-02 9.980626031602667370e-01 9.981184092774667560e-01 1.533737524365505901e-04
7.556060241040540859e-02 9.978523474550464734e-01 9.981167907571760756e-01 1.533737524365505901e-04
7.560260385071160272e-02 9.978501152348537850e-01 9.981151948617673630e-01 1.533847588356053080e-04
7.564460529101779684e-02 9.981084077278759015e-01 9.981136720680551244e-01 1.533737524365505901e-04
7.568660674587590620e-02 9.980437917915181423e-01 9.981121967191998179e-01 1.533737524365505901e-04
7.572860818618210033e-02 9.982354481206763275e-01 9.981107410294942639e-01 1.534165790208607411e-04
7.577060964104020968e-02 9.981866092912218269e-01 9.981093045248277118e-01 1.533935393111493278e-04
7.581261107407044619e-02 9.981415793049376317e-01 9.981078867523762721e-01 1.533737524365505901e-04
7.585461252892855555e-02 9.979803849850629183e-01 9.981064872745498695e-01 1.533793101914215223e-04
7.589661396923474967e-02 9.980043610990106950e-01 9.981051056733835081e-01 1.533740980892611184e-04
7.593861541681690142e-02 9.980486394447312115e-01 9.981037274335118337e-01 1.533737524365505901e-04
7.598061686439905316e-02 9.978745288792030266e-01 9.981023496516637783e-01 1.533737524365505901e-04
7.602261830470524728e-02 9.981196327072945351e-01 9.981010406180599315e-01 1.533737524365505901e-04
7.606461975228739902e-02 9.979922288281167786e-01 9.980997475859170187e-01 1.533753986681855148e-04
7.610662119259359315e-02 9.980822204854036261e-01 9.980984205267449116e-01 1.533737524365505901e-04
7.614862264745170251e-02 9.980522550568298179e-01 9.980970273120053360e-01 1.534224059420545843e-04
7.619062408775789663e-02 9.982194560594366273e-01 9.980956510922835978e-01 1.533737524365505901e-04
7.623262553534004837e-02 9.978279193090026089e-01 9.980943257563720250e-01 1.533737524365505901e-04
7.627462697564624250e-02 9.980428877325770998e-01 9.980930469150016693e-01 1.533737524365505901e-04
7.631662843050435185e-02 9.980484115441650150e-01 9.980917533449370493e-01 1.533737524365505901e-04
7.635862987081054598e-02 9.980657539263821931e-01 9.980904928647006402e-01 1.533747656985274090e-04
7.640063131111674011e-02 9.980216094284707351e-01 9.980892621287945632e-01 1.533737524365505901e-04
7.644263275869889185e-02 9.980510727242535296e-01 9.980880841625220379e-01 1.533737524365505901e-04
7.648463419900508597e-02 9.979222435853476458e-01 9.980869163306635983e-01 1.533737524365505901e-04
7.652663565386319533e-02 9.982966302248240664e-01 9.980857403317426879e-01 1.533737524365505901e-04
7.656863709416938946e-02 9.979325108752328255e-01 9.980845778150490011e-01 1.533740816237955985e-04
7.661063854175154120e-02 9.982793261265674456e-01 9.980834285317961019e-01 1.533737524365505901e-04
7.665263998205773532e-02 9.981087854109191859e-01 9.980822922415789611e-01 1.533737524365505901e-04
7.669464143691584468e-02 9.982587920069330156e-01 9.980811700259842878e-01 1.533737524365505901e-04
7.673664287722203881e-02 9.982081794314193735e-01 9.980801055020366297e-01 1.533737524365505901e-04
7.677864432480419055e-02 9.981410533009459352e-01 9.980790795740319687e-01 1.533737524365505901e-04
7.682064576511038467e-02 9.982843076939835747e-01 9.980780666994437667e-01 1.533737524365505901e-04
7.686264721269253641e-02 9.981560213290978645e-01 9.980770643997789460e-01 1.534304079967976420e-04
7.690464866027468815e-02 9.981181502775262615e-01 9.980760546468193661e-01 1.533737524365505901e-04
7.694665010058088228e-02 9.983874507052580283e-01 9.980750193395062642e-01 1.533737524365505901e-04
7.698865155543899164e-02 9.978359882433717187e-01 9.980739900374532292e-01 1.533737524365505901e-04
7.703065298846922815e-02 9.980123557421045621e-01 9.980729361351745599e-01 1.533737524365505901e-04
7.707265444332733750e-02 9.980991016954207096e-01 9.980718932279746269e-01 1.533737524365505901e-04
7.711465588363353163e-02 9.981466940037105884e-01 9.980708611416900800e-01 1.533737524365505901e-04
7.715665733849164099e-02 9.979977810763012158e-01 9.980698397049238002e-01 1.533737524365505901e-04
7.719865877879783511e-02 9.981577544639269606e-01 9.980688419984196091e-01 1.533966198838293592e-04
7.724066021910402924e-02 9.980933331070764858e-01 9.980678628718089307e-01 1.533737524365505901e-04
7.728266166668618098e-02 9.979021688305811377e-01 9.980668937210136482e-01 1.533737524365505901e-04
7.732466310699237511e-02 9.980802236325315713e-01 9.980659343939911610e-01 1.533737524365505901e-04
7.736666456185048446e-02 9.981140336215051923e-01 9.980649847415047349e-01 1.533737524365505901e-04
7.740866600215667859e-02 9.981452793953450309e-01 9.980640446189854575e-01 1.533737524365505901e-04
7.745066744973883033e-02 9.981271901085640996e-01 9.980631138841112859e-01 1.533737524365505901e-04
7.749266889004502445e-02 9.981140833372870169e-01 9.980621923986545685e-01 1.534015657420653950e-04
7.753467034490313381e-02 9.982844140600320992e-01 9.980612782367159763e-01 1.533926141007377613e-04
7.757667178520932794e-02 9.980040581414957312e-01 9.980603480705295683e-01 1.533737524365505901e-04
7.761867323279147968e-02 9.984722062888219396e-01 9.980594269688048970e-01 1.533737524365505901e-04
7.766067467309767380e-02 9.980781044403562730e-01 9.980585148028936482e-01 1.533737524365505901e-04
7.770267612067982554e-02 9.979899334413051548e-01 9.980576114463387549e-01 1.533737524365505901e-04
7.774467756826197729e-02 9.978767044428309418e-01 9.980567167758973568e-01 1.533737524365505901e-04
7.778667900856817141e-02 9.979912076722167180e-01 9.980558306709726990e-01 1.533737524365505901e-04
7.782868046342628077e-02 9.983369968951020246e-01 9.980549530129311231e-01 1.533737524365505901e-04
7.787068189645651728e-02 9.981352048207978722e-01 9.980541313769941691e-01 1.533737524365505901e-04
7.791268335131462663e-02 9.982989691221438866e-01 9.980533372971563955e-01 1.533737524365505901e-04
7.795468479162082076e-02 9.981981220202520433e-01 9.980525211066687552e-01 1.533742029729214960e-04
7.799668624647893012e-02 9.981285371999272238e-01 9.980516871438996906e-01 1.533737524365505901e-04
7.803868767950916663e-02 9.981995053271204288e-01 9.980508609522884544e-01 1.533737524365505901e-04
7.808068912709131837e-02 9.978663498395479170e-01 9.980500413557407136e-01 1.534069861951258625e-04
7.812269057467347011e-02 9.982309123212468327e-01 9.980492091699610935e-01 1.533737524365505901e-04
7.816469201497966424e-02 9.979085991292897528e-01 9.980483845615019112e-01 1.533773276581145133e-04
7.820669346983777359e-02 9.979584559686272005e-01 9.980475674322822899e-01 1.533737524365505901e-04
7.824869490286801010e-02 9.982196874736094516e-01 9.980467576872601443e-01 1.533737524365505901e-04
7.829069635772611946e-02 9.982002795015770813e-01 9.980459552316991445e-01 1.533737524365505901e-04
7.833269779803231359e-02 9.979744097390124136e-01 9.980451599742030666e-01 1.533737524365505901e-04
7.837469925289042294e-02 9.980641158916957467e-01 9.980444052701052948e-01 1.533737524365505901e-04
7.841670069319661707e-02 9.977486696698257829e-01 9.980436823253033829e-01 1.533737524365505901e-04
7.845870213350281119e-02 9.983282932556633016e-01 9.980429658163272322e-01 1.533737524365505901e-04
7.850070358108496293e-02 9.980463655786543375e-01 9.980422556637281728e-01 1.533986212394869203e-04
7.854270502866711468e-02 9.980508573520170401e-01 9.980415173849624955e-01 1.533737524365505901e-04
7.858470647624926642e-02 9.979869991740486501e-01 9.980407835740707778e-01 1.533737524365505901e-04
7.862670791655546054e-02 9.977013683755552309e-01 9.980400495613840350e-01 1.533818583729286856e-04
7.866870936413761228e-02 9.981196233756404190e-01 9.980393190024255956e-01 1.533737524365505901e-04
7.871071080444380641e-02 9.981111651002193552e-01 9.980385948071012203e-01 1.533737524365505901e-04
7.875271225930191576e-02 9.980073998546408198e-01 9.980378768994909722e-01 1.533737524365505901e-04
7.879471369960810989e-02 9.981079074894126935e-01 9.980371652058769305e-01 1.533737524365505901e-04
7.883671514719026163e-02 9.981201790946361285e-01 9.980364596529698318e-01 1.534381891757976299e-04
7.887871658749645576e-02 9.981095429558600740e-01 9.980357601693607972e-01 1.533737524365505901e-04
7.892071803507860750e-02 9.981380640118644454e-01 9.980350666843886831e-01 1.533737524365505901e-04
7.896271948266075924e-02 9.977937130245351227e-01 9.980343791289607580e-01 1.533737524365505901e-04
7.900472092296695337e-02 9.980629877467391831e-01 9.980336974351550205e-01 1.533737524365505901e-04
7.904672237054910511e-02 9.979792366270587856e-01 9.980330215358435009e-01 1.533898707307328007e-04
7.908872381085529923e-02 9.979453780474203395e-01 9.980323504081360930e-01 1.533779426479463866e-04
7.913072526571340859e-02 9.978587916578346428e-01 9.980316720202814240e-01 1.533737524365505901e-04
7.917272670601960272e-02 9.981170895869599935e-01 9.980310337598486958e-01 1.533737524365505901e-04
7.921472816087771207e-02 9.981275812132144321e-01 9.980303867953236319e-01 1.533737524365505901e-04
7.925672959390794858e-02 9.979034060879568013e-01 9.980297451863531233e-01 1.533737524365505901e-04
7.929873104149010032e-02 9.979830869993441267e-01 9.980291088730026683e-01 1.533737524365505901e-04
7.934073248907225206e-02 9.980372648975371908e-01 9.980284762688729217e-01 1.534117484389286971e-04
7.938273393665440381e-02 9.975517029141044434e-01 9.980278446257292435e-01 1.533737524365505901e-04
7.942473537696059793e-02 9.975599046020521277e-01 9.980272180850149333e-01 1.533737524365505901e-04
7.946673681726679206e-02 9.977240849705921732e-01 9.980265965917205495e-01 1.533737524365505901e-04
7.950873827212490141e-02 9.979937604553942299e-01 9.980259781194767976e-01 1.533737524365505901e-04
7.955073971243109554e-02 9.980421238080472435e-01 9.980253513875526616e-01 1.533737524365505901e-04
7.959274116728920490e-02 9.981130367974191397e-01 9.980247296143518465e-01 1.533737524365505901e-04
7.963474260031944141e-02 9.980695600850806315e-01 9.980241269765850465e-01 1.533737524365505901e-04
7.967674405517755076e-02 9.978409295231512877e-01 9.980235334815024117e-01 1.533737524365505901e-04
7.971874549548374489e-02 9.979671638879822337e-01 9.980229600584314964e-01 1.533737533376043714e-04
7.976074694306589663e-02 9.980061120633347826e-01 9.980224112073354803e-01 1.533737524365505901e-04
7.980274838337209076e-02 9.979287495164916866e-01 9.980218666899488555e-01 1.534229018275279203e-04
7.984474982367828488e-02 9.980757947035735489e-01 9.980212961409936634e-01 1.533737524365505901e-04
7.988675127853639424e-02 9.979631312987018443e-01 9.980207275921726406e-01 1.533737524365505901e-04
7.992875271884258837e-02 9.981403512814219781e-01 9.980201636100429763e-01 1.533737524365505901e-04
7.997075417370069772e-02 9.978811133896914320e-01 9.980196024606244887e-01 1.533737524365505901e-04
8.001275560673093423e-02 9.981664588280699801e-01 9.980190377567018656e-01 1.533737524365505901e-04
8.005475706158904359e-02 9.979340392161997197e-01 9.980184775780458484e-01 1.533737524365505901e-04
8.009675850189523771e-02 9.979024796224951199e-01 9.980179218793084894e-01 1.533737524365505901e-04
8.013875994947738945e-02 9.981411799607314839e-01 9.980173706150230473e-01 1.533737524365505901e-04
8.018076139705954120e-02 9.978080885397767608e-01 9.980168237407525123e-01 1.533737524365505901e-04
8.022276283736573532e-02 9.978353747960491127e-01 9.980162812126874838e-01 1.533737524365505901e-04
8.026476428494788706e-02 9.978989516819777306e-01 9.980157429873557362e-01 1.533737524365505901e-04
8.030676572525408119e-02 9.979495531083527604e-01 9.980152352259181736e-01 1.533737524365505901e-04
8.034876718011219054e-02 9.982073750789615119e-01 9.980147481687157152e-01 1.533737524365505901e-04
8.039076861314242706e-02 9.982358092701274499e-01 9.980142649471618332e-01 1.533909795645000914e-04
8.043277006800053641e-02 9.978340966030646575e-01 9.980137855230807320e-01 1.534842585807233038e-04
8.047477150830673054e-02 9.978576072212008707e-01 9.980133098597321339e-01 1.533737524365505901e-04
8.051677296316483989e-02 9.980746912324922615e-01 9.980128379201377298e-01 1.533961255803352811e-04
8.055877440347103402e-02 9.979600543961182346e-01 9.980123696684737311e-01 1.534730184280118283e-04
8.060077584377722815e-02 9.980386972287557112e-01 9.980118978886739489e-01 1.533737524365505901e-04
8.064277729135937989e-02 9.980354711924894762e-01 9.980114289202690614e-01 1.533758093201213920e-04
8.068477873166557401e-02 9.980883343573914157e-01 9.980109156120122726e-01 1.533737524365505901e-04
8.072678018652368337e-02 9.980776464379825796e-01 9.980104062215880978e-01 1.534871701016177984e-04
8.076878161955391988e-02 9.978483445375940786e-01 9.980099062337595139e-01 1.533737524365505901e-04
8.081078307441202924e-02 9.976267485110561495e-01 9.980094182742020870e-01 1.533737524365505901e-04
8.085278451471822336e-02 9.978507223499123446e-01 9.980089340360421835e-01 1.533737524365505901e-04
8.089478596957633272e-02 9.981324856834774550e-01 9.980084534841671129e-01 1.533737524365505901e-04
8.093678740988252684e-02 9.981885700988273324e-01 9.980079765845808470e-01 1.533737524365505901e-04
8.097878885018872097e-02 9.980109601301456745e-01 9.980075033032269616e-01 1.533737524365505901e-04
8.102079029777087271e-02 9.976352917908128948e-01 9.980070336065673953e-01 1.533737524365505901e-04
8.106279174535302445e-02 9.978893990010073711e-01 9.980065865722479446e-01 1.534209078442190218e-04
8.110479319293517619e-02 9.977872728120342760e-01 9.980061528532971904e-01 1.533737524365505901e-04
8.114679462596541271e-02 9.980378322398505420e-01 9.980057224552923989e-01 1.534630980433679978e-04
8.118879608082352206e-02 9.980237857232148180e-01 9.980052953474416455e-01 1.533737524365505901e-04
8.123079752112971619e-02 9.978984585639441018e-01 9.980048715000751081e-01 1.533737524365505901e-04
8.127279897598782554e-02 9.979792981356215842e-01 9.980044508832293104e-01 1.533758816243788626e-04
8.131480041629401967e-02 9.979648820833707523e-01 9.980040334678924596e-01 1.533762177606138655e-04
8.135680186387617141e-02 9.976124815317314320e-01 9.980036192249024385e-01 1.534194352925194395e-04
8.139880330418236554e-02 9.980458544661615639e-01 9.980031997146895373e-01 1.534340413286183519e-04
8.144080475176451728e-02 9.980591822007257585e-01 9.980027709025637295e-01 1.533737524365505901e-04
8.148280619934666902e-02 9.978072833389927121e-01 9.980023453240188802e-01 1.533737524365505901e-04
8.152480763237690553e-02 9.980242944614603484e-01 9.980019229502550271e-01 1.533737524365505901e-04
8.156680908723501489e-02 9.979140327720248393e-01 9.980015037523102261e-01 1.533737524365505901e-04
8.160881052754120901e-02 9.981840825456361754e-01 9.980010877022935656e-01 1.533737524365505901e-04
8.165081198239931837e-02 9.980220716229309952e-01 9.980006747719986082e-01 1.533737524365505901e-04
8.169281342270551249e-02 9.979372730189306484e-01 9.980002649341255250e-01 1.533762577420668554e-04
8.173481487028766423e-02 9.978646332164065047e-01 9.979998506014461368e-01 1.533739787310682741e-04
8.177681631059385836e-02 9.977909975476180193e-01 9.979994285584571356e-01 1.533912269132615459e-04
8.181881775817601010e-02 9.979243251715448348e-01 9.979990249082090203e-01 1.533737524365505901e-04
8.186081920575816184e-02 9.979082034012090041e-01 9.979986419212300008e-01 1.533737524365505901e-04
8.190282064606435597e-02 9.976862164758220075e-01 9.979982611857077801e-01 1.533737615580599376e-04
8.194482209364650771e-02 9.978286362707805557e-01 9.979978693400000100e-01 1.533737524365505901e-04
8.198682353395270184e-02 9.979539875041323338e-01 9.979974804023673540e-01 1.533737524365505901e-04
8.202882498881081119e-02 9.977009203866897824e-01 9.979970943474857359e-01 1.533737524365505901e-04
8.207082642911700532e-02 9.980633342881477521e-01 9.979967111507878075e-01 1.533737524365505901e-04
8.211282787669915706e-02 9.980222438655299566e-01 9.979963307875194811e-01 1.533737524365505901e-04
8.215482931700535119e-02 9.981764683425784490e-01 9.979959532335365147e-01 1.533737524365505901e-04
8.219683077186346054e-02 9.978587546565713673e-01 9.979955784646409311e-01 1.533737524365505901e-04
8.223883221216965467e-02 9.978560584656873678e-01 9.979952064573586190e-01 1.533737524365505901e-04
8.228083365247584879e-02 9.977600751042720040e-01 9.979948371880901226e-01 1.533737524365505901e-04
8.232283510005800053e-02 9.979061206557353625e-01 9.979944846912613965e-01 1.533737524365505901e-04
8.236483654036419466e-02 9.975951961331709361e-01 9.979941417517347313e-01 1.533737524365505901e-04
8.240683799522230402e-02 9.980587590321724489e-01 9.979937882287339690e-01 1.533737524365505901e-04
8.244883942825254053e-02 9.979612878908633578e-01 9.979934310844568168e-01 1.533737524365505901e-04
8.249084088311064988e-02 9.979758644510964283e-01 9.979930535377871115e-01 1.533855051205919697e-04
8.253284232341684401e-02 9.980612768751194741e-01 9.979926788078203881e-01 1.534410562158587199e-04
8.257484377827495337e-02 9.980065969181221019e-01 9.979923206564451643e-01 1.533759268339746952e-04
8.261684521858114749e-02 9.980511562939867742e-01 9.979919693077461407e-01 1.533737524365505901e-04
8.265884665888734162e-02 9.979963123580741780e-01 9.979916205637294757e-01 1.533737524365505901e-04
8.270084810646949336e-02 9.980716552131838615e-01 9.979912744026747662e-01 1.533737524365505901e-04
8.274284955405164510e-02 9.981133079370935191e-01 9.979909478743824724e-01 1.533831801139947824e-04
8.278485100163379684e-02 9.983361940727960571e-01 9.979906254657516795e-01 1.533737524365505901e-04
8.282685243466403335e-02 9.982439168296135534e-01 9.979902930984495546e-01 1.533762538372134996e-04
8.286885388952214271e-02 9.981432340802033343e-01 9.979899631022742801e-01 1.533780532081979872e-04
8.291085532982833683e-02 9.978906557238610420e-01 9.979896354583194240e-01 1.533737615580599376e-04
8.295285678468644619e-02 9.979978944263440122e-01 9.979893328280556863e-01 1.533737584787838186e-04
8.299485821771668270e-02 9.981950971529610639e-01 9.979890393346743105e-01 1.533737524365505901e-04
8.303685966529883444e-02 9.978157590382971120e-01 9.979887419647145430e-01 1.533900300938625353e-04
8.307886111288098618e-02 9.980544929448963432e-01 9.979884460243403366e-01 1.533821670782882464e-04
8.312086256046313792e-02 9.981856365941632614e-01 9.979881522075049194e-01 1.533737524365505901e-04
8.316286400804528967e-02 9.978620094281054342e-01 9.979878445534351439e-01 1.533737524365505901e-04
8.320486544107552618e-02 9.981853411628597295e-01 9.979875379369985700e-01 1.533737524365505901e-04
8.324686689593363553e-02 9.979209112636165946e-01 9.979872335226136482e-01 1.533737524365505901e-04
8.328886833623982966e-02 9.979693870215844420e-01 9.979869312929534608e-01 1.533737524365505901e-04
8.333086979109793901e-02 9.982476285873770339e-01 9.979866506629239131e-01 1.534054817000843742e-04
8.337287122412817553e-02 9.979737561701879089e-01 9.979863722665299752e-01 1.533737524365505901e-04
8.341487267898628488e-02 9.979439526160519547e-01 9.979860624169171190e-01 1.533737524365505901e-04
8.345687411929247901e-02 9.980987329228240279e-01 9.979857460645066292e-01 1.533737524365505901e-04
8.349887556687463075e-02 9.980138291144707852e-01 9.979854523103495190e-01 1.533737524365505901e-04
8.354087700718082488e-02 9.978859196108275098e-01 9.979851628287759180e-01 1.533737524365505901e-04
8.358287845476297662e-02 9.980249973097475857e-01 9.979848754134775790e-01 1.534165109029094387e-04
8.362487990234512836e-02 9.982576078243595719e-01 9.979845900482700038e-01 1.533737524365505901e-04
8.366688134265132248e-02 9.978615639201489085e-01 9.979843067171277893e-01 1.533878905082211184e-04
8.370888279750943184e-02 9.977655229216518817e-01 9.979840254039858971e-01 1.533737524365505901e-04
8.375088423053966835e-02 9.978900763630332849e-01 9.979837460933259630e-01 1.533737524365505901e-04
8.379288568539777771e-02 9.979087905638919231e-01 9.979834687692482609e-01 1.535326170146493951e-04
8.383488712570397183e-02 9.980481073707085926e-01 9.979831934165359630e-01 1.533737524365505901e-04
8.387688857328612357e-02 9.979936482138843656e-01 9.979829200197376515e-01 1.533913776056341615e-04
8.391889001359231770e-02 9.980131152925797444e-01 9.979826485637866007e-01 1.533737524365505901e-04
8.396089146117446944e-02 9.978592920524329557e-01 9.979823790335745626e-01 1.533737524365505901e-04
8.400289290875662118e-02 9.982217945884492849e-01 9.979821114142766181e-01 1.533747646546978355e-04
8.404489434906281531e-02 9.980952919199624906e-01 9.979818456912091795e-01 1.533737524365505901e-04
8.408689579664496705e-02 9.980378960533327071e-01 9.979815818496907687e-01 1.533737524365505901e-04
8.412889723695116118e-02 9.978516814161565440e-01 9.979813198753614278e-01 1.533737524365505901e-04
8.417089869180927053e-02 9.980300216023808568e-01 9.979810597537707162e-01 1.533737524365505901e-04
8.421290013211546466e-02 9.980612852792607459e-01 9.979808014709192765e-01 1.533737524365505901e-04
8.425490157969761640e-02 9.981166416794645668e-01 9.979805450126253419e-01 1.533737524365505901e-04
8.429690302000381052e-02 9.981436541921401284e-01 9.979802903650630830e-01 1.534101089692463697e-04
8.433890446758596227e-02 9.980790669997660070e-01 9.979800375143580426e-01 1.533737524365505901e-04
8.438090591516811401e-02 9.979201480266244317e-01 9.979797864468978874e-01 1.533877618949543262e-04
8.442290736275026575e-02 9.980796110916998476e-01 9.979795371491523293e-01 1.533795276100645888e-04
8.446490880305645987e-02 9.981322136203488737e-01 9.979792896077582798e-01 1.533737524365505901e-04
8.450691024336265400e-02 9.981547535866549525e-01 9.979790438093909533e-01 1.533737524365505901e-04
8.454891169822076336e-02 9.981514246898484100e-01 9.979787997408070543e-01 1.533737524365505901e-04
8.459091313852695748e-02 9.979954197605251931e-01 9.979785573891356565e-01 1.533737524365505901e-04
8.463291458610910922e-02 9.981056491776209016e-01 9.979783167413309730e-01 1.533737524365505901e-04
8.467491602641530335e-02 9.979254507150895348e-01 9.979780777846744000e-01 1.533737524365505901e-04
8.471691747399745509e-02 9.977946243691427908e-01 9.979778405063974844e-01 1.533737524365505901e-04
8.475891892157960683e-02 9.979719973528241583e-01 9.979776023645237082e-01 1.533922037150361030e-04
8.480092036188580096e-02 9.979350742666021068e-01 9.979773615574402124e-01 1.534360573781995624e-04
8.484292180946795270e-02 9.979125957007847214e-01 9.979771224366855709e-01 1.533737524365505901e-04
8.488492324977414683e-02 9.979676074538851305e-01 9.979768855482320511e-01 1.533737524365505901e-04
8.492692470463225618e-02 9.980635519196151551e-01 9.979766533752671975e-01 1.533737524365505901e-04
8.496892613766249269e-02 9.981307329152315777e-01 9.979764228594103503e-01 1.533737524365505901e-04
8.501092759252060205e-02 9.980938150156605237e-01 9.979761957054065213e-01 1.533737524365505901e-04
8.505292903282679617e-02 9.979766382315776729e-01 9.979759721056787880e-01 1.533737524365505901e-04
8.509493048768490553e-02 9.978805976201364780e-01 9.979757500244900159e-01 1.533737524365505901e-04
8.513693192071514204e-02 9.980276341699614306e-01 9.979755294511132302e-01 1.533737524365505901e-04
8.517893336829729378e-02 9.981362786372712792e-01 9.979753149753453068e-01 1.533737524365505901e-04
8.522093481587944552e-02 9.978470228792319929e-01 9.979751059490221676e-01 1.533737524365505901e-04
8.526293626346159726e-02 9.981286120062055067e-01 9.979748983842859911e-01 1.533737524365505901e-04
8.530493771104374900e-02 9.980465668532281232e-01 9.979746922703893741e-01 1.533752608244146661e-04
8.534693914407398552e-02 9.981369158081626614e-01 9.979744829865373479e-01 1.533851145358894222e-04
8.538894059893209487e-02 9.981404285074861882e-01 9.979742607108990082e-01 1.533737524365505901e-04
8.543094203923828900e-02 9.977711615031314984e-01 9.979740400101223541e-01 1.533737524365505901e-04
8.547294349409639835e-02 9.980575495344179426e-01 9.979738208723988313e-01 1.533737524365505901e-04
8.551494492712663487e-02 9.979877903421987551e-01 9.979736032863641970e-01 1.533737524365505901e-04
8.555694637470878661e-02 9.979472095875427939e-01 9.979733872403749873e-01 1.534223028373067003e-04
8.559894782229093835e-02 9.982096177085361122e-01 9.979731824522477535e-01 1.533737524365505901e-04
8.564094926987309009e-02 9.983068067825461300e-01 9.979729815276027205e-01 1.533787345402278445e-04
8.568295071017928421e-02 9.980135525230697802e-01 9.979727820425740026e-01 1.533737524365505901e-04
8.572495215048547834e-02 9.981665294447247261e-01 9.979725839864147519e-01 1.533737524365505901e-04
8.576695360534358770e-02 9.979552761013830153e-01 9.979723873484368513e-01 1.533737524365505901e-04
8.580895504564978182e-02 9.981663000586291634e-01 9.979721921182469480e-01 1.533737524365505901e-04
8.585095649323193356e-02 9.981113879792531396e-01 9.979719982853023641e-01 1.533737524365505901e-04
8.589295793353812769e-02 9.979853557580958823e-01 9.979718155410123304e-01 1.533737524365505901e-04
8.593495938839623705e-02 9.981881655742730342e-01 9.979716358174621771e-01 1.533737524365505901e-04
8.597696082870243117e-02 9.979467364260781181e-01 9.979714574594541476e-01 1.533737524365505901e-04
8.601896226900862530e-02 9.983433182907432979e-01 9.979712804564627726e-01 1.533737524365505901e-04
8.606096371659077704e-02 9.982886297863546865e-01 9.979711022920079166e-01 1.533783572336025567e-04
8.610296516417292878e-02 9.979473803792654474e-01 9.979709158055014573e-01 1.533737524365505901e-04
8.614496661175508052e-02 9.982700053098552129e-01 9.979707306667895406e-01 1.533737524365505901e-04
8.618696804478531703e-02 9.979690422685371098e-01 9.979705468660514667e-01 1.533737524365505901e-04
8.622896949964342639e-02 9.979288361754279357e-01 9.979703643933259816e-01 1.533737524365505901e-04
8.627097093994962052e-02 9.980704648923801603e-01 9.979701832390501792e-01 1.533737524365505901e-04
8.631297239480772987e-02 9.979843696682173526e-01 9.979700033934586489e-01 1.533737524365505901e-04
8.635497382783796638e-02 9.979170411217804793e-01 9.979698157469597541e-01 1.533854479138851230e-04
8.639697527542011812e-02 9.980780342330854982e-01 9.979696281760175314e-01 1.533737524365505901e-04
8.643897672300226986e-02 9.981964635090754268e-01 9.979694418759471608e-01 1.533737524365505901e-04
8.648097817058442160e-02 9.983070146585091287e-01 9.979692540963573943e-01 1.533737524365505901e-04
8.652297961089061573e-02 9.983859811179331967e-01 9.979690623426795693e-01 1.533737524365505901e-04
8.656498105119680986e-02 9.978044111253888682e-01 9.979688829159333308e-01 1.533748918549675754e-04
8.660698250605491921e-02 9.981372674595494487e-01 9.979687051960105526e-01 1.534588371598315628e-04
8.664898394636111334e-02 9.980753514104027113e-01 9.979685286806915245e-01 1.533737524365505901e-04
8.669098539394326508e-02 9.978716869831081304e-01 9.979683533614311930e-01 1.533737524365505901e-04
8.673298683424945921e-02 9.980284468724067715e-01 9.979681792299071041e-01 1.533737524365505901e-04
8.677498828910756856e-02 9.979440485426253060e-01 9.979680062777114280e-01 1.533737524365505901e-04
8.681698972941376269e-02 9.978815287549785973e-01 9.979678344967159997e-01 1.533759268339746952e-04
8.685899116971995682e-02 9.980878224380157482e-01 9.979676638786780796e-01 1.533737524365505901e-04
8.690099261730210856e-02 9.980953867779073230e-01 9.979674944154524052e-01 1.533882328157518821e-04
8.694299406488426030e-02 9.980740414669653227e-01 9.979673260990171713e-01 1.533737524365505901e-04
8.698499551246641204e-02 9.980314036672693900e-01 9.979671589213864324e-01 1.533737524365505901e-04
8.702699694549664855e-02 9.979055683529407528e-01 9.979669928746949248e-01 1.533737524365505901e-04
8.706899840035475791e-02 9.978463359862712601e-01 9.979668279509404938e-01 1.534250987329447010e-04
8.711099984066095203e-02 9.980527903818473545e-01 9.979666641424701501e-01 1.533820466211662675e-04
8.715300129551906139e-02 9.978244616718298099e-01 9.979665014414367263e-01 1.534471368639754986e-04
8.719500272854929790e-02 9.979792261694068189e-01 9.979663398403082475e-01 1.533737524365505901e-04
8.723700417613144964e-02 9.980266257018086673e-01 9.979661793313334694e-01 1.533737524365505901e-04
8.727900562371360138e-02 9.980831512431892483e-01 9.979660248834969494e-01 1.533737524365505901e-04
8.732100707129575312e-02 9.980718184555326111e-01 9.979658732382858943e-01 1.533964853197257656e-04
8.736300851160194725e-02 9.980269984379118720e-01 9.979657226455727059e-01 1.533737524365505901e-04
8.740500995190814137e-02 9.978546258544861436e-01 9.979655730978621575e-01 1.533737524365505901e-04
8.744701140676625073e-02 9.980634956662720603e-01 9.979654245876929952e-01 1.533741665964266079e-04
8.748901284707244486e-02 9.979443861016475958e-01 9.979652771078163509e-01 1.533737524365505901e-04
8.753101429465459660e-02 9.978186783567478679e-01 9.979651306508613429e-01 1.533737524365505901e-04
8.757301573496079072e-02 9.981845936405976394e-01 9.979649852096416085e-01 1.534387938864317086e-04
8.761501718981890008e-02 9.980998749856878627e-01 9.979648407769016183e-01 1.533737524365505901e-04
8.765701863012509421e-02 9.980343953466984663e-01 9.979646973456172132e-01 1.533737524365505901e-04
8.769902007043128833e-02 9.979953084991920464e-01 9.979645402024381884e-01 1.533962560324359002e-04
8.774102151801344007e-02 9.979123317281987093e-01 9.979643806879633372e-01 1.533737524365505901e-04
8.778302295831963420e-02 9.979802991490857034e-01 9.979642222265835416e-01 1.533737524365505901e-04
8.782502441317774355e-02 9.982447798743321332e-01 9.979640648112773071e-01 1.533938209646698212e-04
8.786702584620798007e-02 9.980183957976314080e-01 9.979639084352952549e-01 1.533737524365505901e-04
8.790902730106608942e-02 9.980896667016848633e-01 9.979637530916420918e-01 1.533737524365505901e-04
8.795102874137228355e-02 9.979675025100224195e-01 9.979635987736743541e-01 1.533737524365505901e-04
8.799303019623039290e-02 9.979442259280522087e-01 9.979634454745585082e-01 1.533737524365505901e-04
8.803503162926062942e-02 9.977640246938376256e-01 9.979632931877517876e-01 1.533743810890971404e-04
8.807703307684278116e-02 9.979419411060590495e-01 9.979631419064988185e-01 1.534487188745577938e-04
8.811903452442493290e-02 9.979771551961628129e-01 9.979630108404888844e-01 1.533948228966762852e-04
8.816103597200708464e-02 9.979469146655255418e-01 9.979628807277606262e-01 1.533981570322391923e-04
8.820303741231327876e-02 9.978679299084993737e-01 9.979627515367255342e-01 1.533737524365505901e-04
8.824503885261947289e-02 9.980277227407970964e-01 9.979626232609163372e-01 1.533794725559153068e-04
8.828704030747758225e-02 9.979076874084635840e-01 9.979624958938928536e-01 1.533737524365505901e-04
8.832904174778377637e-02 9.978811525830195706e-01 9.979623694293970892e-01 1.533737524365505901e-04
8.837104319536592811e-02 9.979176969564603761e-01 9.979622442782843939e-01 1.533772622080385446e-04
8.841304463567212224e-02 9.979065742777353254e-01 9.979621201004417186e-01 1.533737524365505901e-04
8.845504609053023160e-02 9.975989997000637155e-01 9.979619968048631939e-01 1.533737524365505901e-04
8.849704753083642572e-02 9.981478726400928592e-01 9.979618743854332674e-01 1.533737524365505901e-04
8.853904897114261985e-02 9.977507207974093406e-01 9.979617528359560064e-01 1.533969153181722559e-04
8.858105041872477159e-02 9.979356524960332209e-01 9.979616325307909541e-01 1.533799510015958960e-04
8.862305185903096572e-02 9.978896054327088816e-01 9.979615170202076335e-01 1.533737524365505901e-04
8.866505331388907507e-02 9.980072349569094614e-01 9.979614008602132325e-01 1.533752849221302968e-04
8.870705474691931158e-02 9.978214809635043148e-01 9.979612778673725426e-01 1.533737524365505901e-04
8.874905620177742094e-02 9.978711351469936597e-01 9.979611557265336552e-01 1.533737524365505901e-04
8.879105764208361506e-02 9.978369495443775161e-01 9.979610396584679410e-01 1.533737524365505901e-04
8.883305909694172442e-02 9.978654909128671369e-01 9.979609290917255127e-01 1.533737524365505901e-04
8.887506052997196093e-02 9.980842620440748547e-01 9.979608193373132874e-01 1.533737524365505901e-04
8.891706197755411267e-02 9.980428637477577469e-01 9.979607103895046238e-01 1.534487133049318159e-04
8.895906342513626441e-02 9.979649508314391015e-01 9.979606022427494061e-01 1.533737524365505901e-04
8.900106487271841615e-02 9.979369856672506423e-01 9.979604948915010709e-01 1.533737524365505901e-04
8.904306631302461028e-02 9.977902566270044904e-01 9.979603883302742284e-01 1.533761269412068577e-04
8.908506775333080441e-02 9.981092739117213286e-01 9.979602825535870414e-01 1.534198825492744816e-04
8.912706920818891376e-02 9.979672634672285270e-01 9.979601775559819865e-01 1.534405801299683369e-04
8.916907064849510789e-02 9.979688050594833770e-01 9.979600733321506434e-01 1.533737524365505901e-04
8.921107209607725963e-02 9.980177539794027330e-01 9.979599698766985494e-01 1.533737524365505901e-04
8.925307353638345376e-02 9.977358797802876600e-01 9.979598671843616930e-01 1.533737524365505901e-04
8.929507499124156311e-02 9.978459250820080895e-01 9.979597622409416280e-01 1.533972371856688057e-04
8.933707643154775724e-02 9.981787349071876703e-01 9.979596522292044636e-01 1.533737524365505901e-04
8.937907787185395136e-02 9.977025919549357136e-01 9.979595429907704984e-01 1.533737524365505901e-04
8.942107931943610311e-02 9.981009902439970105e-01 9.979594336726050896e-01 1.533737524365505901e-04
8.946308075974229723e-02 9.978306008202109112e-01 9.979593246950411167e-01 1.533808029857533820e-04
8.950508221460040659e-02 9.980761500351886806e-01 9.979592164766892814e-01 1.533737524365505901e-04
8.954708364763064310e-02 9.981159369224759104e-01 9.979591090127821751e-01 1.533799703487142045e-04
8.958908510248875245e-02 9.979727634205437514e-01 9.979590022983836350e-01 1.533737524365505901e-04
8.963108654279494658e-02 9.978817178640035923e-01 9.979589057024426113e-01 1.534186830021388689e-04
8.967308799037709832e-02 9.978244261941013882e-01 9.979588103813663569e-01 1.533737524365505901e-04
8.971508943068329245e-02 9.979383501238293652e-01 9.979587157544170806e-01 1.533737524365505901e-04
8.975709087826544419e-02 9.978986056962698692e-01 9.979586218167374456e-01 1.533737524365505901e-04
8.979909232584759593e-02 9.979346411957338292e-01 9.979585285635548253e-01 1.533737524365505901e-04
8.984109376615379006e-02 9.979554083130746100e-01 9.979584359901330082e-01 1.533737524365505901e-04
8.988309521373594180e-02 9.978524985728808305e-01 9.979583440917224602e-01 1.534330167349044706e-04
8.992509665404213592e-02 9.981023488468832028e-01 9.979582565088199742e-01 1.533737524365505901e-04
8.996709810890024528e-02 9.981886138192248570e-01 9.979581666001094975e-01 1.534138279536455068e-04
9.000909954193048179e-02 9.978952728503431846e-01 9.979580773815392991e-01 1.533745302553812015e-04
9.005110099678859115e-02 9.978394458579455950e-01 9.979579888480124561e-01 1.534119948209891485e-04
9.009310243709478527e-02 9.979982582094966137e-01 9.979579009946383250e-01 1.533738391462446482e-04
9.013510389195289463e-02 9.978973507337411952e-01 9.979578138164257872e-01 1.533737524365505901e-04
9.017710532498313114e-02 9.978330680542032427e-01 9.979577273085575850e-01 1.533737524365505901e-04
9.021910677256528288e-02 9.977597279056485968e-01 9.979576414661019967e-01 1.533737524365505901e-04
9.026110822014743462e-02 9.976782675546113088e-01 9.979575562842691872e-01 1.533737524365505901e-04
9.030310966045362875e-02 9.976115817638094851e-01 9.979574663615450314e-01 1.533737524365505901e-04
9.034511110803578049e-02 9.979344444287613358e-01 9.979573764468558927e-01 1.534165659041648064e-04
9.038711254834197462e-02 9.980652250392723079e-01 9.979572922934655255e-01 1.533737524365505901e-04
9.042911400320008397e-02 9.975917477265290323e-01 9.979572087568747696e-01 1.533737524365505901e-04
9.047111544350627810e-02 9.978052078716050932e-01 9.979571258328967520e-01 1.533808101641636462e-04
9.051311689108842984e-02 9.978625489477925825e-01 9.979570418412758714e-01 1.533737524365505901e-04
9.055511833139462397e-02 9.980525075557903358e-01 9.979569567842787592e-01 1.533737524365505901e-04
9.059711977897677571e-02 9.978678579895230438e-01 9.979568723389325990e-01 1.533848175555993444e-04
9.063912121928296983e-02 9.978093144158489691e-01 9.979567885012256001e-01 1.533737524365505901e-04
9.068112266686512157e-02 9.978529356297596298e-01 9.979567052671179939e-01 1.533737524365505901e-04
9.072312411444727331e-02 9.977940739724467933e-01 9.979566226326435086e-01 1.533874831224751585e-04
9.076512555475346744e-02 9.979140528928945875e-01 9.979565405938657374e-01 1.533737524365505901e-04
9.080712700233561918e-02 9.981253368518369085e-01 9.979564591468353951e-01 1.533787345402278445e-04
9.084912844264181331e-02 9.981481501052016370e-01 9.979563782876892386e-01 1.533767173898331561e-04
9.089112989749992266e-02 9.979530151832423090e-01 9.979562980125232796e-01 1.533737524365505901e-04
9.093313133780611679e-02 9.979633054720774554e-01 9.979562183175607615e-01 1.533737524365505901e-04
9.097513278538826853e-02 9.977024107165335387e-01 9.979561391989558716e-01 1.533737524365505901e-04
9.101713422569446266e-02 9.977067954552970575e-01 9.979560606529606082e-01 1.533737524365505901e-04
9.105913567327661440e-02 9.977602830796790112e-01 9.979559826758018781e-01 1.533737524365505901e-04
9.110113712085876614e-02 9.981429470188666331e-01 9.979559052637745342e-01 1.533737524365505901e-04
9.114313855388900265e-02 9.978198460239546819e-01 9.979558284132149515e-01 1.534977716336619123e-04
9.118514000874711201e-02 9.978801781181585451e-01 9.979557521203954451e-01 1.533759359553547787e-04
9.122714144905330613e-02 9.981514986829453928e-01 9.979556763817469811e-01 1.533737524365505901e-04
9.126914290391141549e-02 9.976308606823164338e-01 9.979556011936107085e-01 1.533737524365505901e-04
9.131114433694165200e-02 9.979012466731532749e-01 9.979555265524727714e-01 1.533737524365505901e-04
9.135314579179976135e-02 9.978722834072241143e-01 9.979554524547030736e-01 1.534571744826557184e-04
9.139514723210595548e-02 9.979232718767484522e-01 9.979553772578741988e-01 1.533737524365505901e-04
9.143714867241214961e-02 9.978777903022694185e-01 9.979553009289083843e-01 1.533737524365505901e-04
9.147915011999430135e-02 9.978132649933919573e-01 9.979552251680026131e-01 1.533737524365505901e-04
9.152115156757645309e-02 9.980129071930091689e-01 9.979551499714920393e-01 1.533737524365505901e-04
9.156315301515860483e-02 9.978756128449286500e-01 9.979550753357282478e-01 1.533741498146078076e-04
9.160515444818884134e-02 9.981207107640954757e-01 9.979550012571143380e-01 1.533893053801663631e-04
9.164715590304695070e-02 9.979776109932343431e-01 9.979549277319936795e-01 1.533737524365505901e-04
9.168915734335314482e-02 9.978897353168437734e-01 9.979548547568640737e-01 1.533737524365505901e-04
9.173115879821125418e-02 9.979449417432614267e-01 9.979547823281355035e-01 1.533737524365505901e-04
9.177316023124149069e-02 9.980267888556090261e-01 9.979547104423601711e-01 1.533737524365505901e-04
9.181516168609960005e-02 9.978120376342244358e-01 9.979546390959783686e-01 1.533872636970668140e-04
9.185716312640579417e-02 9.978407639220268077e-01 9.979545682855955890e-01 1.533737524365505901e-04
9.189916456671198830e-02 9.979883743192510259e-01 9.979545039177547539e-01 1.533737524365505901e-04
9.194116601429414004e-02 9.979506241886691997e-01 9.979544404632134658e-01 1.533737524365505901e-04
9.198316745460033417e-02 9.978085006902089882e-01 9.979543774829759961e-01 1.533737524365505901e-04
9.202516890945844352e-02 9.978630599493756304e-01 9.979543149737533092e-01 1.533964737960594670e-04
9.206717034248868003e-02 9.980770384444568322e-01 9.979542529323678357e-01 1.533752197961327658e-04
9.210917179734678939e-02 9.980176937894419398e-01 9.979541913555493027e-01 1.533737524365505901e-04
9.215117323765298352e-02 9.976077856843283964e-01 9.979541302401698788e-01 1.533737524365505901e-04
9.219317469251109287e-02 9.977846900223940052e-01 9.979540695830316777e-01 1.534041233053632313e-04
9.223517612554132938e-02 9.977792526692560449e-01 9.979540093810559398e-01 1.533737524365505901e-04
9.227717757312348112e-02 9.979550776606191942e-01 9.979539496310831925e-01 1.533737524365505901e-04
9.231917902070563287e-02 9.980449672802683692e-01 9.979538903300529951e-01 1.533737524365505901e-04
9.236118046828778461e-02 9.981569134626318007e-01 9.979538314749072381e-01 1.533737524365505901e-04
9.240318190859397873e-02 9.979163669430647365e-01 9.979537730626216741e-01 1.533737524365505901e-04
9.244518334890017286e-02 9.982152573059691614e-01 9.979537150901779397e-01 1.533737524365505901e-04
9.248718480375828221e-02 9.978633581295024424e-01 9.979536575545691068e-01 1.534586523881887254e-04
9.252918623678851873e-02 9.979524391855502108e-01 9.979535984050470487e-01 1.533737524365505901e-04
9.257118769164662808e-02 9.978168708273134069e-01 9.979535364749163584e-01 1.533737524365505901e-04
9.261318913195282221e-02 9.979184002000786036e-01 9.979534750043241864e-01 1.533911908508320547e-04
9.265519058681093156e-02 9.979924248609894910e-01 9.979534139902245249e-01 1.533737524365505901e-04
9.269719201984116808e-02 9.980420387313596597e-01 9.979533534296910480e-01 1.533737524365505901e-04
9.273919346742331982e-02 9.980998942669356833e-01 9.979532933197158284e-01 1.533737524365505901e-04
9.278119491500547156e-02 9.979633887687561211e-01 9.979532336573884166e-01 1.533737524365505901e-04
9.282319635531166568e-02 9.978897850254545565e-01 9.979531744398114634e-01 1.533737524365505901e-04
9.286519780289381742e-02 9.980010690349206959e-01 9.979531156640802925e-01 1.533737524365505901e-04
9.290719924320001155e-02 9.978081765844385442e-01 9.979530573273549532e-01 1.533737524365505901e-04
9.294920069805812091e-02 9.978452939435541458e-01 9.979529994267672954e-01 1.533737524365505901e-04
9.299120213108835742e-02 9.979121438216921325e-01 9.979529419595536410e-01 1.533737524365505901e-04
9.303320358594646677e-02 9.978400583466554563e-01 9.979528849228634924e-01 1.533792885212563754e-04
9.307520502625266090e-02 9.978650869913647803e-01 9.979528283139771361e-01 1.533744293857413580e-04
9.311720647383481264e-02 9.979063077530608838e-01 9.979527721301207910e-01 1.533737524365505901e-04
9.315920791414100677e-02 9.979693072836662848e-01 9.979527163685908420e-01 1.533737524365505901e-04
9.320120936172315851e-02 9.976787457270498427e-01 9.979526610266676867e-01 1.533896855903144508e-04
9.324321080930531025e-02 9.978264863508774507e-01 9.979526061016841254e-01 1.533737524365505901e-04
9.328521224961150438e-02 9.978695112412105939e-01 9.979525515909936084e-01 1.533737524365505901e-04
9.332721369719365612e-02 9.980029171998111570e-01 9.979524974919442570e-01 1.533737524365505901e-04
9.336921513749985024e-02 9.981253668362171094e-01 9.979524438019442556e-01 1.533744987368654039e-04
9.341121659235795960e-02 9.977632362168590285e-01 9.979523905183764754e-01 1.533737524365505901e-04
9.345321802538819611e-02 9.978042784502009210e-01 9.979523376387200440e-01 1.533737524365505901e-04
9.349521948024630547e-02 9.980314707288108211e-01 9.979522851603744860e-01 1.533737524365505901e-04
9.353722092055249959e-02 9.978122383284695474e-01 9.979522330808616726e-01 1.533737524365505901e-04
9.357922236813465133e-02 9.978514708275847411e-01 9.979521813976522937e-01 1.533737524365505901e-04
9.362122380844084546e-02 9.979095575446230715e-01 9.979521301082838747e-01 1.533737524365505901e-04
9.366322524874703959e-02 9.976539047955216288e-01 9.979520792102878346e-01 1.534076038504301250e-04
9.370522670360514894e-02 9.978287592835939357e-01 9.979520287012084712e-01 1.533787345402278445e-04
9.374722813663538545e-02 9.979084957927891741e-01 9.979519785786723496e-01 1.533748716584418356e-04
9.378922959149349481e-02 9.979933408749133150e-01 9.979519288402312061e-01 1.533737524365505901e-04
9.383123103179968894e-02 9.979032495828723537e-01 9.979518794835533502e-01 1.533737524365505901e-04
9.387323248665779829e-02 9.980974841715496426e-01 9.979518305062502481e-01 1.533737524365505901e-04
9.391523391968803480e-02 9.980661766323765116e-01 9.979517819060300665e-01 1.533737524365505901e-04
9.395723536727018654e-02 9.980967976178732881e-01 9.979517336805382444e-01 1.533737524365505901e-04
9.399923681485233828e-02 9.978533122419448453e-01 9.979516858274988245e-01 1.533737524365505901e-04
9.404123826243449003e-02 9.978560758647675444e-01 9.979516383446400685e-01 1.533742912864839052e-04
9.408323970274068415e-02 9.981474862874093468e-01 9.979515912297172164e-01 1.533737524365505901e-04
9.412524114304687828e-02 9.979838572644118555e-01 9.979515444804913926e-01 1.533737524365505901e-04
9.416724259790498763e-02 9.978412621696512996e-01 9.979514980947353786e-01 1.534031850931271942e-04
9.420924403093522415e-02 9.979488854094931138e-01 9.979514520702967850e-01 1.533737524365505901e-04
9.425124548579333350e-02 9.978938791749292214e-01 9.979514064049571642e-01 1.533737524365505901e-04
9.429324692609952763e-02 9.980033792270364135e-01 9.979513610966039838e-01 1.533737524365505901e-04
9.433524838095763698e-02 9.978225937421199010e-01 9.979513161430748625e-01 1.533737524365505901e-04
9.437724981398787349e-02 9.980438422365965900e-01 9.979512715422951263e-01 1.533737524365505901e-04
9.441925126157002524e-02 9.979440217172594885e-01 9.979512272921342575e-01 1.533737524365505901e-04
9.446125270915217698e-02 9.977684294477290328e-01 9.979511833905344576e-01 1.533737524365505901e-04
9.450325414218241349e-02 9.979565434072744656e-01 9.979511398354569129e-01 1.533737524365505901e-04
9.454525559704052284e-02 9.978576367742897357e-01 9.979510966248298365e-01 1.533737524365505901e-04
9.458725703734671697e-02 9.979515008038474244e-01 9.979510537566755879e-01 1.533854498719125048e-04
9.462925849220482633e-02 9.981548264893091993e-01 9.979510112289683432e-01 1.533737524365505901e-04
9.467125992523506284e-02 9.978368269865954820e-01 9.979509690397680988e-01 1.534389679249765419e-04
9.471326138009317219e-02 9.978294439742684263e-01 9.979509271870727893e-01 1.533737524365505901e-04
9.475526282039936632e-02 9.979591692310890716e-01 9.979508856689798257e-01 1.533737524365505901e-04
9.479726426070556045e-02 9.979145906231161600e-01 9.979508444835548664e-01 1.533737524365505901e-04
9.483926570828771219e-02 9.977414950411842565e-01 9.979508036288891049e-01 1.533737524365505901e-04
9.488126715586986393e-02 9.981584610587193040e-01 9.979507631031072634e-01 1.533737524365505901e-04
9.492326860345201567e-02 9.979879978321989364e-01 9.979507229043449446e-01 1.533823561759039319e-04
9.496527003648225218e-02 9.980375502600006277e-01 9.979506830307705023e-01 1.533737524365505901e-04
9.500727149134036154e-02 9.979829041152483704e-01 9.979506418571133519e-01 1.533737524365505901e-04
9.504927293164655566e-02 9.980039448829768345e-01 9.979505996227010511e-01 1.533819177111101623e-04
9.509127438650466502e-02 9.981315417899829789e-01 9.979505577305723962e-01 1.533737524365505901e-04
9.513327581953490153e-02 9.980712309844869123e-01 9.979505161791226708e-01 1.533737524365505901e-04
9.517527727439301088e-02 9.980197082406387921e-01 9.979504749666834318e-01 1.533737524365505901e-04
9.521727871469920501e-02 9.981720958958542056e-01 9.979504340916830474e-01 1.533737615580599376e-04
9.525928015500539914e-02 9.979761857204710873e-01 9.979503935525160241e-01 1.533737524365505901e-04
9.530128160258755088e-02 9.978955348299274331e-01 9.979503533476012933e-01 1.533844551334996619e-04
9.534328304289374501e-02 9.978734339926669250e-01 9.979503134753945348e-01 1.533737524365505901e-04
9.538528449775185436e-02 9.980074932132623200e-01 9.979502739343337758e-01 1.533737524365505901e-04
9.542728593078209087e-02 9.980026014072829188e-01 9.979502347229282089e-01 1.533737524365505901e-04
9.546928738564020023e-02 9.980550349545681543e-01 9.979501958396285177e-01 1.533737524365505901e-04
9.551128882594639435e-02 9.980431986474381789e-01 9.979501572829765355e-01 1.533808101641636462e-04
9.555329027352854609e-02 9.980154110117108734e-01 9.979501190514752373e-01 1.534298169491218878e-04
9.559529171383474022e-02 9.981384415644116714e-01 9.979500811436793350e-01 1.533737524365505901e-04
9.563729316141689196e-02 9.982153370605277853e-01 9.979500435581309947e-01 1.533737524365505901e-04
9.567929460899904370e-02 9.980995686520838239e-01 9.979500062934095750e-01 1.533803464165187872e-04
9.572129604930523783e-02 9.980346581379697657e-01 9.979499693481100886e-01 1.534220686561386720e-04
9.576329749688738957e-02 9.977087946470076796e-01 9.979499327208236625e-01 1.533737524365505901e-04
9.580529893719358370e-02 9.976469168139531218e-01 9.979498964101838343e-01 1.533763014755932315e-04
9.584730038477573544e-02 9.981078054956714629e-01 9.979498595361585567e-01 1.533737524365505901e-04
9.588930182508192956e-02 9.975319488376048760e-01 9.979498220311751044e-01 1.533937618660379085e-04
9.593130327994003892e-02 9.982271071528415751e-01 9.979497848724107056e-01 1.533773630081560651e-04
9.597330472024623305e-02 9.979655558688363959e-01 9.979497480586523306e-01 1.533836630405231390e-04
9.601530616782838479e-02 9.975487123472590589e-01 9.979497115886568626e-01 1.533737524365505901e-04
9.605730760813457891e-02 9.978902316865853050e-01 9.979496754612282583e-01 1.533737524365505901e-04
9.609930905571673065e-02 9.980019927993905027e-01 9.979496396751584841e-01 1.533787785720372118e-04
9.614131049602292478e-02 9.978122599829117867e-01 9.979496042292802516e-01 1.533737524365505901e-04
9.618331193632911891e-02 9.977258240813390300e-01 9.979495691224220533e-01 1.534454326659798586e-04
9.622531339118722826e-02 9.980231662309348994e-01 9.979495343534202645e-01 1.534000573805957058e-04
9.626731483149342239e-02 9.977519765861158074e-01 9.979494999211618866e-01 1.533737524365505901e-04
9.630931627907557413e-02 9.976963392556711385e-01 9.979494658245067207e-01 1.533797388103900735e-04
9.635131771938176826e-02 9.977631241063469325e-01 9.979494320623585324e-01 1.534919607888249760e-04
9.639331917423987761e-02 9.980617505029715231e-01 9.979493986336054334e-01 1.533737524365505901e-04
9.643532060727011412e-02 9.978649216556584323e-01 9.979493655371969307e-01 1.533737524365505901e-04
9.647732205485226586e-02 9.980683333875872698e-01 9.979493327720387885e-01 1.534362210272131736e-04
9.651932350243441761e-02 9.979371822739729891e-01 9.979493003370907278e-01 1.533737524365505901e-04
9.656132495001656935e-02 9.979286415876986727e-01 9.979492682313156893e-01 1.533737524365505901e-04
9.660332639032276347e-02 9.978457451224375108e-01 9.979492364536954874e-01 1.533737524365505901e-04
9.664532783062895760e-02 9.980908061143952681e-01 9.979492070922705294e-01 1.533737524365505901e-04
9.668732928548706695e-02 9.978171278033616254e-01 9.979491787925615087e-01 1.533746199830164896e-04
9.672933071851730347e-02 9.977918228960106495e-01 9.979491508034341596e-01 1.533737524365505901e-04
9.677133217337541282e-02 9.978379064631582862e-01 9.979491231238410975e-01 1.533807901774696786e-04
9.681333361368160695e-02 9.978192697155970903e-01 9.979490957528029949e-01 1.533737524365505901e-04
9.685533506126375869e-02 9.977909009470765644e-01 9.979490686893164320e-01 1.533737615580599376e-04
9.689733650156995282e-02 9.979245584825962023e-01 9.979490419324155148e-01 1.533737524365505901e-04
9.693933794915210456e-02 9.978554032762646520e-01 9.979490154811319069e-01 1.533737524365505901e-04
9.698133939673425630e-02 9.979559102737955989e-01 9.979489893345242502e-01 1.533737524365505901e-04
9.702334082976449281e-02 9.979881559228669374e-01 9.979489634916706153e-01 1.533737524365505901e-04
9.706534228462260216e-02 9.979765296263751750e-01 9.979489379516318648e-01 1.533737524365505901e-04
9.710734372492879629e-02 9.982074474683221288e-01 9.979489127135283688e-01 1.534280410679194869e-04
9.714934517251094803e-02 9.977966829888682554e-01 9.979488877764589594e-01 1.533737524365505901e-04
9.719134661281714216e-02 9.978953885327231932e-01 9.979488631395587728e-01 1.533737524365505901e-04
9.723334806767525151e-02 9.979041603423062234e-01 9.979488388019559508e-01 1.533737524365505901e-04
9.727534950798144564e-02 9.979668241087805702e-01 9.979488147628221562e-01 1.533737524365505901e-04
9.731735094828763977e-02 9.982236010879947941e-01 9.979487897472909541e-01 1.533737524365505901e-04
9.735935239586979151e-02 9.980790783041494363e-01 9.979487643234585814e-01 1.533737524365505901e-04
9.740135384345194325e-02 9.980759385924230509e-01 9.979487391751660219e-01 1.533746161856250790e-04
9.744335528375813738e-02 9.980691155939510617e-01 9.979487143016231299e-01 1.533793391741822124e-04
9.748535672406433150e-02 9.980016362880738123e-01 9.979486897020456437e-01 1.533737524365505901e-04
9.752735817892244086e-02 9.979380801442088167e-01 9.979486653756595160e-01 1.533737524365505901e-04
9.756935961922863498e-02 9.979502390512628995e-01 9.979486413217298901e-01 1.533739084370307562e-04
9.761136106681078672e-02 9.984339688819793279e-01 9.979486175395071434e-01 1.533737524365505901e-04
9.765336250711698085e-02 9.981578030698060600e-01 9.979485940282759593e-01 1.533737524365505901e-04
9.769536396197509021e-02 9.978192134355380327e-01 9.979485707873158029e-01 1.533777747387198790e-04
9.773736539500532672e-02 9.978525974793033271e-01 9.979485478159509926e-01 1.533737524365505901e-04
9.777936684258747846e-02 9.980377754779905519e-01 9.979485251134811996e-01 1.534280709237008269e-04
9.782136829016963020e-02 9.980931939960498989e-01 9.979485026792477287e-01 1.533737524365505901e-04
9.786336972319986671e-02 9.979174375614766612e-01 9.979484805126052072e-01 1.535050181484039916e-04
9.790537117805797607e-02 9.980267408559072573e-01 9.979484586128959389e-01 1.533737524365505901e-04
9.794737261836417019e-02 9.978120694326778617e-01 9.979484369795137422e-01 1.533737524365505901e-04
9.798937407322227955e-02 9.977560300899328549e-01 9.979484156118330063e-01 1.533737524365505901e-04
9.803137550625251606e-02 9.980227124426317431e-01 9.979483945092754160e-01 1.533737524365505901e-04
9.807337696111062542e-02 9.983449447036032431e-01 9.979483736712360109e-01 1.533737524365505901e-04
9.811537840141681954e-02 9.979037738793731238e-01 9.979483530971635652e-01 1.533737524365505901e-04
9.815737984172301367e-02 9.981311075278991307e-01 9.979483327864959730e-01 1.533874279878865864e-04
9.819938128930516541e-02 9.977450894319038754e-01 9.979483127386885588e-01 1.533737524365505901e-04
9.824138273688731715e-02 9.980758149137894941e-01 9.979482929532162983e-01 1.533737524365505901e-04
9.828338417719351128e-02 9.980019121876807509e-01 9.979482734295702651e-01 1.533737524365505901e-04
9.832538561749970540e-02 9.975486777361473045e-01 9.979482541672459739e-01 1.533737524365505901e-04
9.836738707235781476e-02 9.981925880917811300e-01 9.979482351657510408e-01 1.534301613742044992e-04
9.840938851266400889e-02 9.976442661995699179e-01 9.979482164246261666e-01 1.533737524365505901e-04
9.845138996024616063e-02 9.976314828710526328e-01 9.979481979434036143e-01 1.533737524365505901e-04
9.849339140055235475e-02 9.979366175274148043e-01 9.979481797216435135e-01 1.533737524365505901e-04
9.853539285541046411e-02 9.978758556696989412e-01 9.979481617589063269e-01 1.533737524365505901e-04
9.857739428844070062e-02 9.977721521986873121e-01 9.979481440547899318e-01 1.533737524365505901e-04
9.861939573602285236e-02 9.977241004925375689e-01 9.979481266088742197e-01 1.533737524365505901e-04
9.866139718360500410e-02 9.979621468501566062e-01 9.979481094207759417e-01 1.534544424998457370e-04
9.870339862391119823e-02 9.977744357255843299e-01 9.979480924901211747e-01 1.533765323720394000e-04
9.874540007149334997e-02 9.979039199824557560e-01 9.979480758165407694e-01 1.533737524365505901e-04
9.878740151179954410e-02 9.978462241132661781e-01 9.979480593996918891e-01 1.533737524365505901e-04
9.882940296665765345e-02 9.979061563623763398e-01 9.979480432392300315e-01 1.533696948646083862e-04
9.887140439968788996e-02 9.979123832972597308e-01 9.979480273348468877e-01 1.533737524365505901e-04
9.891340585454599932e-02 9.978961315826250233e-01 9.979480116862174954e-01 1.533737524365505901e-04
9.895540729485219344e-02 9.979716769617476002e-01 9.979479962930606352e-01 1.533737524365505901e-04
9.899740873515838757e-02 9.979237110247081155e-01 9.979479811550889812e-01 1.533737524365505901e-04
9.903941018274053931e-02 9.982700709932510463e-01 9.979479662720328603e-01 1.533737524365505901e-04
9.908141163032269105e-02 9.979862099377041496e-01 9.979479516436400299e-01 1.533737524365505901e-04
9.912341307790484279e-02 9.979292761272288148e-01 9.979479372696700157e-01 1.533746451168960321e-04
9.916541451093507931e-02 9.980156131876956049e-01 9.979479231499001068e-01 1.533737524365505901e-04
9.920741596579318866e-02 9.978575449272985010e-01 9.979479092841047061e-01 1.533737524365505901e-04
9.924941740609938279e-02 9.978182353159418261e-01 9.979478956720958527e-01 1.533737524365505901e-04
9.929141885368153453e-02 9.979764948856371110e-01 9.979478823136788135e-01 1.533737524365505901e-04
9.933342029398772866e-02 9.976872444531749151e-01 9.979478692086857228e-01 1.534235819764761773e-04
9.937542174884583801e-02 9.979145318759511385e-01 9.979478563569497140e-01 1.533737524365505901e-04
9.941742318187607452e-02 9.982142784763050614e-01 9.979478437583356731e-01 1.533761433662161596e-04
9.945942462945822626e-02 9.980281510477866380e-01 9.979478314126999372e-01 1.533737524365505901e-04
9.950142607704037800e-02 9.977876815439278291e-01 9.979478193199273761e-01 1.533737524365505901e-04
9.954342751734657213e-02 9.977323273734127751e-01 9.979478074799142950e-01 1.533759268339746952e-04
9.958542896492872387e-02 9.977201464063069070e-01 9.979477958925641046e-01 1.533737524365505901e-04
9.962743040523491800e-02 9.980254162041148902e-01 9.979477845578020867e-01 1.534353845124938095e-04
9.966943186009302735e-02 9.977072561586320942e-01 9.979477734755564100e-01 1.533737524365505901e-04
9.971143329312326387e-02 9.979998310162810915e-01 9.979477626457851080e-01 1.533759268339746952e-04
9.975343474798137322e-02 9.981549522301322863e-01 9.979477520684378877e-01 1.533737524365505901e-04
9.979543618828756735e-02 9.979855334986234006e-01 9.979477417434990949e-01 1.533737524365505901e-04
9.983743762859376147e-02 9.979357740968886059e-01 9.979477316709532975e-01 1.533737524365505901e-04
9.987943907617591321e-02 9.978294715959790118e-01 9.979477218508004954e-01 1.533828693029771529e-04
9.992144052375806496e-02 9.977032472176307065e-01 9.979477122830576752e-01 1.533737524365505901e-04
9.996344196406425908e-02 9.978954588112441959e-01 9.979477029677553679e-01 1.533737524365505901e-04
1.000054434043704532e-01 9.981176742639192856e-01 9.979476939049333195e-01 1.533737524365505901e-04
1.000474448592285626e-01 9.980773647927764225e-01 9.979476850946445987e-01 1.533737524365505901e-04
1.000894462995347567e-01 9.979488946963253060e-01 9.979476765369642566e-01 1.533737524365505901e-04
1.001314477471169084e-01 9.980196778467619323e-01 9.979476682319701197e-01 1.533919655561233461e-04
1.001734491874231026e-01 9.979260002665600870e-01 9.979476601797612201e-01 1.533737524365505901e-04
1.002154506422812119e-01 9.978624696327115240e-01 9.979476523804423627e-01 1.533737524365505901e-04
1.002574520753114484e-01 9.982842413571552109e-01 9.979476462015499649e-01 1.533737524365505901e-04
1.002994535228936002e-01 9.979237406147339895e-01 9.979476408655542086e-01 1.533745269181231870e-04
1.003414549704757519e-01 9.980520707891512577e-01 9.979476358196013308e-01 1.533737524365505901e-04
1.003834564035059884e-01 9.977530735977908627e-01 9.979476310638396575e-01 1.533737524365505901e-04
1.004254578583640978e-01 9.978861235331263346e-01 9.979476265984220662e-01 1.533737524365505901e-04
1.004674592986702919e-01 9.980875047638536612e-01 9.979476224235240833e-01 1.533737524365505901e-04
1.005094607535284013e-01 9.978402357500030240e-01 9.979476185393255649e-01 1.533737524365505901e-04
1.005514621865586378e-01 9.978581853291007553e-01 9.979476149460259071e-01 1.533737524365505901e-04
1.005934636414167471e-01 9.980499977483667795e-01 9.979476116438296129e-01 1.533737524365505901e-04
1.006354650817229412e-01 9.978321025841077052e-01 9.979476086329613915e-01 1.533737524365505901e-04
1.006774665220291354e-01 9.978248942619656336e-01 9.979476059136533905e-01 1.533737524365505901e-04
1.007194679696112871e-01 9.978351011141538551e-01 9.979476034861520795e-01 1.533737524365505901e-04
1.007614694171934389e-01 9.979505436346783886e-01 9.979476013507163623e-01 1.533737524365505901e-04
1.008034708574996330e-01 9.981427492489849396e-01 9.979475995076195760e-01 1.533833912040244885e-04
1.008454722978058271e-01 9.979639938201705363e-01 9.979475979571444944e-01 1.534028317165662438e-04
1.008874737526639365e-01 9.980216264313606089e-01 9.979475966995885461e-01 1.533750339701162990e-04
1.009294751856941730e-01 9.980671669216601982e-01 9.979475957352625937e-01 1.534148698955196770e-04
1.009714766405522823e-01 9.978820240276462528e-01 9.979475950644880466e-01 1.533737524365505901e-04
1.010134780808584765e-01 9.980431503768878443e-01 9.979475946876011916e-01 1.533759240941749615e-04
1.010554795357165858e-01 9.979228834089245437e-01 9.979475946049493063e-01 1.533737524365505901e-04
1.010974809687468223e-01 9.981580643002712083e-01 9.979475948168937682e-01 1.534079290802738322e-04
1.011394824163289741e-01 9.977486745180067507e-01 9.979475953238077235e-01 1.533737524365505901e-04
1.011814838639111258e-01 9.978727394015319829e-01 9.979475961260775296e-01 1.533737524365505901e-04
1.012234852969413623e-01 9.978762126712904523e-01 9.979475972241022008e-01 1.533756350520159662e-04
1.012654867517994717e-01 9.980644402062955889e-01 9.979475986182945180e-01 1.533737524365505901e-04
1.013074881921056658e-01 9.979059750776635429e-01 9.979476003090778091e-01 1.533737524365505901e-04
1.013494896396878175e-01 9.978804031909658256e-01 9.979476022968906124e-01 1.533768212771576532e-04
1.013914910799940117e-01 9.979619505533657842e-01 9.979476045821827901e-01 1.533849495734780155e-04
1.014334925348521210e-01 9.978083418293071105e-01 9.979476071654189706e-01 1.533737524365505901e-04
1.014754939678823575e-01 9.979443547936339698e-01 9.979476100470721089e-01 1.533737524365505901e-04
1.015174954154645093e-01 9.978368292168302567e-01 9.979476132276352551e-01 1.533737524365505901e-04
1.015594968630466610e-01 9.981498963652408740e-01 9.979476167076082316e-01 1.533767139525542928e-04
1.016014983106288128e-01 9.978670562278894041e-01 9.979476204875062928e-01 1.533737524365505901e-04
1.016434997509350069e-01 9.979139015825447823e-01 9.979476245678565727e-01 1.533737524365505901e-04
1.016855011912412010e-01 9.978836265292935215e-01 9.979476289492007490e-01 1.533824098628600713e-04
1.017275026460993104e-01 9.980233753314829981e-01 9.979476336320939334e-01 1.533737524365505901e-04
1.017695040791295469e-01 9.976429877142800606e-01 9.979476386170990088e-01 1.533737524365505901e-04
1.018115055339876562e-01 9.980002411087290914e-01 9.979476439048016179e-01 1.533737524365505901e-04
1.018535069742938504e-01 9.978187409918728434e-01 9.979476494957896238e-01 1.533737524365505901e-04
1.018955084218760021e-01 9.978913220917934312e-01 9.979476553906715397e-01 1.533747940061192753e-04
1.019375098621821962e-01 9.981725030635822948e-01 9.979476615900656489e-01 1.534182727487267350e-04
1.019795113097643480e-01 9.981410965137573754e-01 9.979476680946050005e-01 1.533737524365505901e-04
1.020215127500705421e-01 9.981114591054215390e-01 9.979476749049337458e-01 1.533737524365505901e-04
1.020635141903767362e-01 9.981462400666636370e-01 9.979476820217110244e-01 1.533737524365505901e-04
1.021055156452348456e-01 9.979139167366062324e-01 9.979476894456115188e-01 1.533839763772390876e-04
1.021475170782650821e-01 9.981124163651114989e-01 9.979476971773134641e-01 1.533737524365505901e-04
1.021895185331231914e-01 9.976799957601318880e-01 9.979477052175237395e-01 1.533995880869980439e-04
1.022315199734293856e-01 9.979784640801360185e-01 9.979477135669464483e-01 1.533737524365505901e-04
1.022735214282874949e-01 9.976368462939596560e-01 9.979477222263122282e-01 1.534051198991904152e-04
1.023155228613177314e-01 9.979641721763042872e-01 9.979477311963518282e-01 1.533737524365505901e-04
1.023575243088998832e-01 9.976996482570515967e-01 9.979477404778241967e-01 1.533737524365505901e-04
1.023995257564820349e-01 9.976501968477357041e-01 9.979477500714915017e-01 1.533737524365505901e-04
1.024415271967882290e-01 9.976555534717674867e-01 9.979477599781301222e-01 1.533737524365505901e-04
1.024835286443703808e-01 9.980730514518979524e-01 9.979477701985348670e-01 1.533737524365505901e-04
1.025255300846765749e-01 9.977333538161948789e-01 9.979477807335084272e-01 1.533737524365505901e-04
1.025675315322587267e-01 9.978172929434504512e-01 9.979477915838719237e-01 1.533737524365505901e-04
1.026095329725649208e-01 9.978356028082068230e-01 9.979478027504548043e-01 1.533764646982053342e-04
1.026515344274230301e-01 9.978355914702947693e-01 9.979478142341082769e-01 1.533737524365505901e-04
1.026935358604532667e-01 9.976725393666813213e-01 9.979478260356816621e-01 1.534584622946971321e-04
1.027355373080354184e-01 9.978265389543388153e-01 9.979478381560582534e-01 1.533737524365505901e-04
1.027775387556175701e-01 9.977952197557998781e-01 9.979478505961207890e-01 1.533737524365505901e-04
1.028195401959237643e-01 9.979099568948015531e-01 9.979478633567673285e-01 1.534054691553623042e-04
1.028615416435059160e-01 9.980252582052961952e-01 9.979478764389164702e-01 1.533737524365505901e-04
1.029035430838121101e-01 9.979842598894795858e-01 9.979478898434910317e-01 1.533737524365505901e-04
1.029455445313942619e-01 9.980105062023479912e-01 9.979479035714377000e-01 1.533737524365505901e-04
1.029875459717004560e-01 9.981319243249097140e-01 9.979479176237072702e-01 1.533737524365505901e-04
1.030295474265585653e-01 9.977138661901431282e-01 9.979479320012764054e-01 1.533743789987809933e-04
1.030715488668647595e-01 9.978161175997442012e-01 9.979479467051184383e-01 1.533737524365505901e-04
1.031135503144469112e-01 9.980707204026888490e-01 9.979479617362378985e-01 1.533737524365505901e-04
1.031555517547531053e-01 9.978048704680237968e-01 9.979479770956409812e-01 1.533737524365505901e-04
1.031975532023352571e-01 9.977787455910575032e-01 9.979479927843578624e-01 1.533737524365505901e-04
1.032395546426414512e-01 9.979312558772609476e-01 9.979480088034228258e-01 1.533737524365505901e-04
1.032815560902236030e-01 9.979079355881297353e-01 9.979480251538945801e-01 1.533737524365505901e-04
1.033235575378057547e-01 9.978083271088745709e-01 9.979480418368374961e-01 1.533737524365505901e-04
1.033655589708359912e-01 9.979823655295217977e-01 9.979480588533277130e-01 1.533737524365505901e-04
1.034075604256941006e-01 9.977989648760458019e-01 9.979480762044754538e-01 1.534059602225511427e-04
1.034495618660002947e-01 9.981051238835668693e-01 9.979480938913763977e-01 1.533737524365505901e-04
1.034915633135824464e-01 9.978285464238755287e-01 9.979481119151641932e-01 1.533737524365505901e-04
1.035335647538886406e-01 9.979923416573107664e-01 9.979481302769708240e-01 1.533737524365505901e-04
1.035755662014707923e-01 9.978080026667438540e-01 9.979481489779558068e-01 1.533737524365505901e-04
1.036175676417769864e-01 9.978361171352716497e-01 9.979481680192809900e-01 1.533737524365505901e-04
1.036595690893591382e-01 9.977788199142562098e-01 9.979481874021343124e-01 1.533813493162154804e-04
1.037015705369412899e-01 9.979038078043875881e-01 9.979482071277093747e-01 1.534442186201607420e-04
1.037435719699715264e-01 9.980716077698337241e-01 9.979482271972103247e-01 1.533737524365505901e-04
1.037855734248296358e-01 9.977258967356222863e-01 9.979482476118805012e-01 1.533737524365505901e-04
1.038275748651358299e-01 9.977299796805149112e-01 9.979482683729428150e-01 1.533737524365505901e-04
1.038695763127179816e-01 9.979102631415510682e-01 9.979482894816629202e-01 1.534548553096382983e-04
1.039115777530241758e-01 9.978248516707273197e-01 9.979483104781956548e-01 1.533737524365505901e-04
1.039535792078822851e-01 9.979550402663187603e-01 9.979483248945433260e-01 1.533790590107103635e-04
1.039955806409125216e-01 9.975533119619702793e-01 9.979483396027892805e-01 1.533737524365505901e-04
1.040375820884946734e-01 9.978923348332320309e-01 9.979483546042317021e-01 1.533737524365505901e-04
1.040795835360768251e-01 9.981258958449812368e-01 9.979483699001649999e-01 1.533737524365505901e-04
1.041215849836589769e-01 9.977012251837931167e-01 9.979483854919041219e-01 1.534170657126744902e-04
1.041635864239651710e-01 9.978632393128999967e-01 9.979484013807754517e-01 1.533829857927672706e-04
1.042055878642713651e-01 9.979587465443584549e-01 9.979484175681256897e-01 1.533737524365505901e-04
1.042475893191294745e-01 9.978333511241472831e-01 9.979484340553194111e-01 1.533737524365505901e-04
1.042895907521597110e-01 9.982605146526973838e-01 9.979484508437154178e-01 1.533737524365505901e-04
1.043315922070178203e-01 9.979769527948219032e-01 9.979484679347202514e-01 1.533737524365505901e-04
1.043735936473240145e-01 9.978526323319866220e-01 9.979484853297224678e-01 1.533737524365505901e-04
1.044155950876302086e-01 9.980521000079451976e-01 9.979485030301467052e-01 1.533737524365505901e-04
1.044575965352123603e-01 9.982412378237432993e-01 9.979485210374290372e-01 1.534216953669644153e-04
1.044995979827945121e-01 9.977080699527022256e-01 9.979485393530151960e-01 1.534557306076922520e-04
1.045415994231007062e-01 9.976515623632695728e-01 9.979485579783661242e-01 1.533737524365505901e-04
1.045836008634069003e-01 9.979831768039788553e-01 9.979485769149636365e-01 1.533799440457443383e-04
1.046256023182650097e-01 9.978167362901421145e-01 9.979485961643091985e-01 1.533737524365505901e-04
1.046676037512952462e-01 9.981416856060899567e-01 9.979486157278959491e-01 1.533822187572822840e-04
1.047096052061533555e-01 9.979563835787740311e-01 9.979486356072684305e-01 1.533737524365505901e-04
1.047516066464595497e-01 9.979165576003287130e-01 9.979486558039512012e-01 1.533737524365505901e-04
1.047936080940417014e-01 9.978886832242297444e-01 9.979486763195104526e-01 1.534327091102472235e-04
1.048356095343478955e-01 9.977521223229923741e-01 9.979486971555107111e-01 1.533737524365505901e-04
1.048776109819300473e-01 9.981226980358756107e-01 9.979487183135465900e-01 1.533737524365505901e-04
1.049196124222362414e-01 9.979615780305921557e-01 9.979487397952142569e-01 1.534316530559470359e-04
1.049616138698183931e-01 9.977194894602318120e-01 9.979487616021396335e-01 1.533737524365505901e-04
1.050036153174005449e-01 9.979445945491213221e-01 9.979487837359541924e-01 1.533737524365505901e-04
1.050456167504307814e-01 9.977742105728211186e-01 9.979488061983011749e-01 1.533737524365505901e-04
1.050876182052888907e-01 9.979997553268011856e-01 9.979488289908665655e-01 1.533737488448402462e-04
1.051296196455950849e-01 9.979638663679284427e-01 9.979488521153134784e-01 1.534391689483200481e-04
1.051716210931772366e-01 9.979267252804377986e-01 9.979488755733525451e-01 1.533737524365505901e-04
1.052136225334834307e-01 9.978978901202194551e-01 9.979488993666915109e-01 1.533746253038539289e-04
1.052556239810655825e-01 9.980451330888772121e-01 9.979489234970694289e-01 1.533737524365505901e-04
1.052976254213717766e-01 9.978472063549582716e-01 9.979489479662263518e-01 1.533737524365505901e-04
1.053396268689539284e-01 9.978569658746646587e-01 9.979489727759344175e-01 1.533737524365505901e-04
1.053816283165360801e-01 9.981603563702690085e-01 9.979489979279706491e-01 1.533737524365505901e-04
1.054236297495663166e-01 9.978691505605371548e-01 9.979490234241230606e-01 1.533737524365505901e-04
1.054656312044244260e-01 9.979536707146048347e-01 9.979490492662278500e-01 1.534080132254129580e-04
1.055076326447306201e-01 9.978022419237926322e-01 9.979490783380841057e-01 1.533737524365505901e-04
1.055496340923127718e-01 9.978357307019380951e-01 9.979491176327202062e-01 1.533737524365505901e-04
1.055916355326189660e-01 9.979814429370493789e-01 9.979491573508644242e-01 1.533737524365505901e-04
1.056336369874770753e-01 9.976486387784583298e-01 9.979491974944436627e-01 1.533737524365505901e-04
1.056756384277832694e-01 9.975738929341322336e-01 9.979492380653524064e-01 1.533737524365505901e-04
1.057176398680894636e-01 9.979990688880224781e-01 9.979492790655459800e-01 1.534631425323773981e-04
1.057596413156716153e-01 9.977655393125034466e-01 9.979493204969887010e-01 1.533737524365505901e-04
1.058016427632537670e-01 9.979014921550182216e-01 9.979493583035977666e-01 1.533737524365505901e-04
1.058436442035599612e-01 9.981797975532894496e-01 9.979493946516629910e-01 1.533737524365505901e-04
1.058856456438661553e-01 9.978898637247445302e-01 9.979494314032469893e-01 1.533737524365505901e-04
1.059276470987242647e-01 9.983640326623949290e-01 9.979494685605494464e-01 1.533737524365505901e-04
1.059696485317545012e-01 9.979606001766592183e-01 9.979495061257450672e-01 1.533737524365505901e-04
1.060116499866126105e-01 9.980141587228392730e-01 9.979495441010977075e-01 1.533737524365505901e-04
1.060536514269188046e-01 9.980264002615258923e-01 9.979495824888197086e-01 1.533737524365505901e-04
1.060956528672249988e-01 9.974848399891828032e-01 9.979496212911880271e-01 1.533737524365505901e-04
1.061376543148071505e-01 9.979845047476147979e-01 9.979496605104938300e-01 1.533737524365505901e-04
1.061796557623893023e-01 9.979557345150851244e-01 9.979497001490331698e-01 1.533737524365505901e-04
1.062216572026954964e-01 9.978849110407435052e-01 9.979497402091236369e-01 1.534348646644220207e-04
1.062636586430016905e-01 9.979247762052607662e-01 9.979497806931141302e-01 1.533827714734254560e-04
1.063056600978597999e-01 9.979941160540269918e-01 9.979498216033827473e-01 1.533783296643562459e-04
1.063476615308900364e-01 9.978442501750870441e-01 9.979498629422762779e-01 1.533737524365505901e-04
1.063896629857481457e-01 9.978712004320923201e-01 9.979499047122420974e-01 1.533737524365505901e-04
1.064316644260543399e-01 9.980797890066362976e-01 9.979499469156675184e-01 1.533737524365505901e-04
1.064736658736364916e-01 9.980729123157632277e-01 9.979499853961549816e-01 1.533737524365505901e-04
1.065156673139426857e-01 9.979479455490731787e-01 9.979500238025239556e-01 1.533788006318972540e-04
1.065576687615248375e-01 9.980275017954745032e-01 9.979500626297375110e-01 1.534767144533852800e-04
1.065996702018310316e-01 9.979197498861900328e-01 9.979501018801759660e-01 1.533737524365505901e-04
1.066416716494131833e-01 9.979310476435074850e-01 9.979501415562673783e-01 1.533750746343714923e-04
1.066836730969953351e-01 9.982139355909135370e-01 9.979501816604380293e-01 1.533737524365505901e-04
1.067256745300255716e-01 9.980272498447639862e-01 9.979502221951287444e-01 1.533737524365505901e-04
1.067676759848836809e-01 9.977736962810993537e-01 9.979502631628487386e-01 1.533858669947269567e-04
1.068096774251898751e-01 9.979554755851397507e-01 9.979503045660578220e-01 1.534895038008796835e-04
1.068516788727720268e-01 9.979271404688742075e-01 9.979503464072926322e-01 1.533737524365505901e-04
1.068936803130782209e-01 9.979614184170217950e-01 9.979503886890741526e-01 1.533737524365505901e-04
1.069356817606603727e-01 9.979441374672823883e-01 9.979504314139743260e-01 1.533737524365505901e-04
1.069776832009665668e-01 9.978385953835130495e-01 9.979504745845555469e-01 1.533737524365505901e-04
1.070196846485487185e-01 9.979982618817671014e-01 9.979505182034317246e-01 1.533737524365505901e-04
1.070616860961308703e-01 9.980279820018034265e-01 9.979505622732145476e-01 1.533737524365505901e-04
1.071036875291611068e-01 9.978010007347241084e-01 9.979506067965291383e-01 1.533737524365505901e-04
1.071456889840192162e-01 9.979773105207567774e-01 9.979506517760765583e-01 1.534730187985190286e-04
1.071876904243254103e-01 9.979585210865580258e-01 9.979506972145014698e-01 1.533737524365505901e-04
1.072296918719075620e-01 9.979615969527573238e-01 9.979507431145332452e-01 1.533764425980557429e-04
1.072716933122137561e-01 9.983108894526453447e-01 9.979507894788816058e-01 1.533737524365505901e-04
1.073136947670718655e-01 9.976944140225990632e-01 9.979508363103206658e-01 1.533887414043698795e-04
1.073556962001021020e-01 9.979680306769425080e-01 9.979508836115794645e-01 1.534526126076291963e-04
1.073976976476842538e-01 9.980428268626878596e-01 9.979509313854921793e-01 1.534200191449919118e-04
1.074396990952664055e-01 9.980399148285512556e-01 9.979509796348569051e-01 1.533737524365505901e-04
1.074817005282966420e-01 9.980374531782506553e-01 9.979510337656326557e-01 1.533737524365505901e-04
1.075237019831547514e-01 9.978823629437342246e-01 9.979510912941054190e-01 1.533737524365505901e-04
1.075657034234609455e-01 9.977438199101202887e-01 9.979511444222796124e-01 1.533737524365505901e-04
1.076077048710430972e-01 9.981240731258954613e-01 9.979511978726715027e-01 1.533737524365505901e-04
1.076497063113492914e-01 9.979709081512920799e-01 9.979512518382073205e-01 1.533737524365505901e-04
1.076917077662074007e-01 9.979884253388514592e-01 9.979513063222041902e-01 1.533737524365505901e-04
1.077337091992376372e-01 9.980157186308662443e-01 9.979513613279299422e-01 1.533737524365505901e-04
1.077757106468197890e-01 9.980028509621937660e-01 9.979514168587719780e-01 1.535327114576552469e-04
1.078177120944019407e-01 9.978319882434806276e-01 9.979514729180785082e-01 1.533737524365505901e-04
1.078597135347081348e-01 9.978762404603283009e-01 9.979515295092327154e-01 1.533737524365505901e-04
1.079017149822902866e-01 9.981551853159360554e-01 9.979515866356739595e-01 1.533737524365505901e-04
1.079437164225964807e-01 9.982218843959870247e-01 9.979516443008281668e-01 1.533737524365505901e-04
1.079857178701786324e-01 9.982688076451741166e-01 9.979517025081889869e-01 1.533737524365505901e-04
1.080277193104848266e-01 9.980756526706808796e-01 9.979517612612355260e-01 1.533737524365505901e-04
1.080697207653429359e-01 9.979265543917834602e-01 9.979518205635257155e-01 1.533737524365505901e-04
1.081117221983731724e-01 9.980987202334773434e-01 9.979518804185627534e-01 1.533737524365505901e-04
1.081537236532312818e-01 9.976963454579216295e-01 9.979519408299903915e-01 1.533737524365505901e-04
1.081957250862615183e-01 9.979953334940520060e-01 9.979520018013557925e-01 1.533737524365505901e-04
1.082377265338436700e-01 9.980180491893829720e-01 9.979520633363485604e-01 1.533737524365505901e-04
1.082797279814258218e-01 9.979819393799131966e-01 9.979521254386131135e-01 1.533737524365505901e-04
1.083217294144560583e-01 9.978025004997035374e-01 9.979521881118211812e-01 1.533737524365505901e-04
1.083637308693141676e-01 9.978917440061298993e-01 9.979522513597500755e-01 1.533737524365505901e-04
1.084057323096203618e-01 9.978472580785554547e-01 9.979523151860949515e-01 1.533737524365505901e-04
1.084477337572025135e-01 9.977864928797364197e-01 9.979523795946680931e-01 1.533737524365505901e-04
1.084897351975087076e-01 9.980885128034060472e-01 9.979524445892558049e-01 1.533737524365505901e-04
1.085317366523668170e-01 9.976742274866081672e-01 9.979525101737298787e-01 1.533737524365505901e-04
1.085737380853970535e-01 9.980114648440273628e-01 9.979525763518998227e-01 1.533737524365505901e-04
1.086157395329792053e-01 9.977490073615071786e-01 9.979526431277190301e-01 1.533737524365505901e-04
1.086577409805613570e-01 9.980260188988064884e-01 9.979527105050913782e-01 1.533737524365505901e-04
1.086997424208675511e-01 9.977969694985866500e-01 9.979527784879608232e-01 1.533737524365505901e-04
1.087417438684497029e-01 9.981558402004457875e-01 9.979528470803373796e-01 1.533737524365505901e-04
1.087837453087558970e-01 9.978497690954899468e-01 9.979529162862135205e-01 1.534481922975956651e-04
1.088257467563380487e-01 9.979694381972368245e-01 9.979529771989796849e-01 1.533737524365505901e-04
1.088677481966442429e-01 9.980481897509780875e-01 9.979530385268164938e-01 1.533814140296218534e-04
1.089097496515023522e-01 9.978686833706805759e-01 9.979531004485265866e-01 1.533737524365505901e-04
1.089517510845325887e-01 9.979181475027238957e-01 9.979531629682361071e-01 1.534064167325216476e-04
1.089937525393906981e-01 9.979165053293136411e-01 9.979532260902219676e-01 1.534028674097801990e-04
1.090357539796968922e-01 9.978408190412862977e-01 9.979532898186738166e-01 1.533737524365505901e-04
1.090777554200030863e-01 9.981657147609716008e-01 9.979533541578893274e-01 1.533737524365505901e-04
1.091197568675852381e-01 9.980232439513596621e-01 9.979534191121881559e-01 1.533737524365505901e-04
1.091617583078914322e-01 9.978833526631787354e-01 9.979534846858888475e-01 1.533737524365505901e-04
1.092037597554735839e-01 9.979068154019588022e-01 9.979535508833883295e-01 1.533737524365505901e-04
1.092457611957797781e-01 9.979476318521129929e-01 9.979536177090706506e-01 1.533737524365505901e-04
1.092877626506378874e-01 9.981741847063022588e-01 9.979536851674108977e-01 1.533737524365505901e-04
1.093297640836681239e-01 9.980245020972544623e-01 9.979537532628247609e-01 1.533737524365505901e-04
1.093717655385262333e-01 9.979174536304777909e-01 9.979538219998906889e-01 1.533759268339746952e-04
1.094137669788324274e-01 9.978930862873678365e-01 9.979538913830915403e-01 1.533737524365505901e-04
1.094557684191386215e-01 9.981681766358003749e-01 9.979539614170264139e-01 1.534333225874520506e-04
1.094977698667207733e-01 9.978801476468001086e-01 9.979540321063193886e-01 1.533799580872107870e-04
1.095397713143029250e-01 9.980772565748293745e-01 9.979541034556033141e-01 1.533775713955987292e-04
1.095817727546091191e-01 9.978059845226737723e-01 9.979541754695470113e-01 1.533737524365505901e-04
1.096237741949153133e-01 9.980023245897681194e-01 9.979542481528781428e-01 1.533737524365505901e-04
1.096657756497734226e-01 9.980162485157291208e-01 9.979543215103749976e-01 1.533737524365505901e-04
1.097077770828036591e-01 9.979634718701682061e-01 9.979543955467606864e-01 1.533737524365505901e-04
1.097497785376617685e-01 9.978495681491843516e-01 9.979544702669365108e-01 1.533853391321184881e-04
1.097917799706920050e-01 9.980786518210866820e-01 9.979545456756843125e-01 1.533737524365505901e-04
1.098337814255501144e-01 9.978715603386532074e-01 9.979546217779803330e-01 1.533737524365505901e-04
1.098757828658563085e-01 9.979626329766226878e-01 9.979546985786919011e-01 1.533737524365505901e-04
1.099177843061625026e-01 9.978364896153413266e-01 9.979547760828171299e-01 1.533779563399439007e-04
1.099597857537446544e-01 9.978226784550777717e-01 9.979548542953782242e-01 1.533737524365505901e-04
1.100017871940508485e-01 9.979487904360392347e-01 9.979549332213947244e-01 1.533879474578016136e-04
1.100437886416330002e-01 9.980620968367938106e-01 9.979550128659789854e-01 1.533990752635092374e-04
1.100857900819391944e-01 9.976896209244129343e-01 9.979551007922333739e-01 1.533737524365505901e-04
1.101277915367973037e-01 9.982568570763266091e-01 9.979551954786654022e-01 1.533737524365505901e-04
1.101697929698275402e-01 9.980886416228068603e-01 9.979552909401088190e-01 1.534039198876601393e-04
1.102117944246856496e-01 9.979503807615799360e-01 9.979553871818032107e-01 1.533737524365505901e-04
1.102537958649918437e-01 9.978587943228984791e-01 9.979554842088438349e-01 1.533737524365505901e-04
1.102957973052980378e-01 9.979114261057868696e-01 9.979555820264829347e-01 1.533737524365505901e-04
1.103377987528801896e-01 9.980595999777355232e-01 9.979556806399947355e-01 1.533737524365505901e-04
1.103798002004623413e-01 9.977481902472729036e-01 9.979557800546610125e-01 1.533737524365505901e-04
1.104218016407685354e-01 9.981074150994410088e-01 9.979558802758018432e-01 1.533737524365505901e-04
1.104638030810747296e-01 9.980824948247465356e-01 9.979559813088129117e-01 1.534112242661614942e-04
1.105058045359328389e-01 9.983421778821671699e-01 9.979560831591494097e-01 1.533737524365505901e-04
1.105478059689630754e-01 9.984875422088247410e-01 9.979561858321828183e-01 1.533737524365505901e-04
1.105898074238211848e-01 9.980922627479893450e-01 9.979562893335227614e-01 1.533737524365505901e-04
1.106318088641273789e-01 9.979061282605300454e-01 9.979563936686226544e-01 1.533854364490492878e-04
1.106738103117095307e-01 9.979897959511332406e-01 9.979564988431238737e-01 1.533801914240476728e-04
1.107158117520157248e-01 9.979350996712467170e-01 9.979566048626179464e-01 1.533737524365505901e-04
1.107578131923219189e-01 9.981421829060431739e-01 9.979567117327952097e-01 1.533737524365505901e-04
1.107998146399040706e-01 9.977613953626599530e-01 9.979568194593892994e-01 1.533737524365505901e-04
1.108418160802102648e-01 9.982537258834618399e-01 9.979569280481209725e-01 1.533737524365505901e-04
1.108838175277924165e-01 9.982612633354390752e-01 9.979570375048310016e-01 1.533737524365505901e-04
1.109258189680986106e-01 9.979263548866599276e-01 9.979571478353285174e-01 1.533737524365505901e-04
1.109678204229567200e-01 9.979749442380099200e-01 9.979572590455620951e-01 1.533737524365505901e-04
1.110098218559869565e-01 9.978903170627755337e-01 9.979573711413728399e-01 1.533737524365505901e-04
1.110518233108450659e-01 9.978250156341291754e-01 9.979574841288590958e-01 1.533737524365505901e-04
1.110938247511512600e-01 9.981257198921936746e-01 9.979575980139517855e-01 1.533737524365505901e-04
1.111358261914574541e-01 9.980876840480398249e-01 9.979577128027647959e-01 1.533737524365505901e-04
1.111778276390396059e-01 9.980141425967449242e-01 9.979578285014386596e-01 1.533737524365505901e-04
1.112198290866217576e-01 9.978429213310027190e-01 9.979579451161229020e-01 1.533737524365505901e-04
1.112618305269279517e-01 9.982580914311975917e-01 9.979580626530120124e-01 1.533737524365505901e-04
1.113038319672341458e-01 9.979400748540985244e-01 9.979581811183910744e-01 1.533737524365505901e-04
1.113458334220922552e-01 9.980446667124647231e-01 9.979583005186126732e-01 1.533737524365505901e-04
1.113878348551224917e-01 9.978328683700006252e-01 9.979584208599349138e-01 1.533737524365505901e-04
1.114298363099806011e-01 9.979743492949102457e-01 9.979585329297119278e-01 1.533737524365505901e-04
1.114718377430108376e-01 9.979850813500217299e-01 9.979586571334738698e-01 1.533737524365505901e-04
1.115138391978689469e-01 9.979759895397679603e-01 9.979587823157045623e-01 1.533737524365505901e-04
1.115558406381751411e-01 9.981039055950786665e-01 9.979589084830082779e-01 1.533728439352630439e-04
1.115978420784813352e-01 9.980443280844371046e-01 9.979590356421936814e-01 1.533737524365505901e-04
1.116398435260634869e-01 9.980756182005847688e-01 9.979591638000995246e-01 1.533737524365505901e-04
1.116818449663696811e-01 9.980277871231096887e-01 9.979592929635531240e-01 1.533996858952783719e-04
1.117238464139518328e-01 9.980290053998212008e-01 9.979594231395224613e-01 1.533737524365505901e-04
1.117658478542580269e-01 9.979867682509354632e-01 9.979595543349408793e-01 1.533737524365505901e-04
1.118078493091161363e-01 9.977628674408921539e-01 9.979596865569093644e-01 1.533737524365505901e-04
1.118498507421463728e-01 9.982121328633694057e-01 9.979598198124014496e-01 1.533737524365505901e-04
1.118918521970044822e-01 9.982399097737866267e-01 9.979599541086984216e-01 1.533737524365505901e-04
1.119338536373106763e-01 9.978396577037037529e-01 9.979600894528839472e-01 1.533737524365505901e-04
1.119758550776168704e-01 9.978777583125848505e-01 9.979602258522601854e-01 1.533737524365505901e-04
1.120178565251990221e-01 9.982412755666003612e-01 9.979603633141642671e-01 1.533737524365505901e-04
1.120598579727811739e-01 9.979240280755546921e-01 9.979605018459432042e-01 1.533737524365505901e-04
1.121018594130873680e-01 9.982334800894918647e-01 9.979606242660076232e-01 1.533737524365505901e-04
1.121438608533935621e-01 9.979379313381882000e-01 9.979607368101226506e-01 1.533737524365505901e-04
1.121858623009757139e-01 9.980488360484591759e-01 9.979608503764099137e-01 1.533911294174957721e-04
1.122278637412819080e-01 9.978100011466757291e-01 9.979609649727501086e-01 1.533737524365505901e-04
1.122698651961400174e-01 9.979692857781770066e-01 9.979610806071849138e-01 1.533737524365505901e-04
1.123118666291702539e-01 9.979499315459641196e-01 9.979611972876600845e-01 1.533737524365505901e-04
1.123538680840283632e-01 9.982419416484883401e-01 9.979613150224067031e-01 1.533737524365505901e-04
1.123958695243345574e-01 9.980867429430616555e-01 9.979614338194978673e-01 1.533737524365505901e-04
1.124378709646407515e-01 9.979361185572490633e-01 9.979615536872132875e-01 1.533737524365505901e-04
1.124798724122229032e-01 9.977922708193542878e-01 9.979616746338795252e-01 1.533942217958643103e-04
1.125218738525290973e-01 9.982448406913400074e-01 9.979617966678268060e-01 1.533744293857413580e-04
1.125638753001112491e-01 9.983094831094804222e-01 9.979619197975361233e-01 1.533798347383431274e-04
1.126058767404174432e-01 9.979074391747889683e-01 9.979620440314720398e-01 1.534039761934018924e-04
1.126478781952755526e-01 9.980075762871288836e-01 9.979621693782740888e-01 1.533737524365505901e-04
1.126898796283057891e-01 9.978563991515063680e-01 9.979622958464784421e-01 1.533737524365505901e-04
1.127318810831638984e-01 9.977111617705973767e-01 9.979624234449302467e-01 1.533737524365505901e-04
1.127738825161941350e-01 9.979937572042323346e-01 9.979625521822811374e-01 1.533737524365505901e-04
1.128158839637762867e-01 9.980839331553331695e-01 9.979626820674987187e-01 1.533737524365505901e-04
1.128578854113584384e-01 9.978533064286311260e-01 9.979628131094661070e-01 1.533737524365505901e-04
1.128998868516646326e-01 9.979440739726820331e-01 9.979629453171601217e-01 1.533737524365505901e-04
1.129418882992467843e-01 9.981527822075904055e-01 9.979630786997003566e-01 1.533739723744338712e-04
1.129838897395529784e-01 9.981458882981116831e-01 9.979632132661878652e-01 1.533737524365505901e-04
1.130258911871351302e-01 9.980274396081340038e-01 9.979633555855244031e-01 1.534659762792206148e-04
1.130678926274413243e-01 9.979820206004231808e-01 9.979635066127938714e-01 1.533737524365505901e-04
1.131098940822994336e-01 9.982876204341708526e-01 9.979636589016325221e-01 1.533737524365505901e-04
1.131518955153296702e-01 9.980679082051628903e-01 9.979638124614160777e-01 1.533759268339746952e-04
1.131938969701877795e-01 9.980610965616409924e-01 9.979639673018890766e-01 1.533737524365505901e-04
1.132358984032180160e-01 9.978808954061212377e-01 9.979641234325564714e-01 1.533737524365505901e-04
1.132778998508001678e-01 9.977953571863397153e-01 9.979642808632974704e-01 1.533737524365505901e-04
1.133199012983823195e-01 9.979021796083606954e-01 9.979644396038841458e-01 1.533737524365505901e-04
1.133619027314125560e-01 9.983045109214710999e-01 9.979645996641679506e-01 1.533737524365505901e-04
1.134039041862706654e-01 9.979214718237856552e-01 9.979647610542772274e-01 1.533737524365505901e-04
1.134459056265768595e-01 9.978593237259104631e-01 9.979649237841458076e-01 1.533737524365505901e-04
1.134879070741590112e-01 9.981498728496100981e-01 9.979650878640144995e-01 1.533737524365505901e-04
1.135299085144652054e-01 9.981166630918484328e-01 9.979652533040690443e-01 1.533737524365505901e-04
1.135719099693233147e-01 9.981716183855705582e-01 9.979654201147231118e-01 1.533737524365505901e-04
1.136139114023535512e-01 9.977968797659542144e-01 9.979655883062477084e-01 1.533737524365505901e-04
1.136559128499357030e-01 9.979901287232191276e-01 9.979657578892900949e-01 1.533737524365505901e-04
1.136979142975178547e-01 9.980417744671198355e-01 9.979659288743835122e-01 1.533737524365505901e-04
1.137399157378240488e-01 9.979353517092609538e-01 9.979661012721795510e-01 1.533737524365505901e-04
1.137819171854062006e-01 9.981762905277590248e-01 9.979662750935097693e-01 1.533737524365505901e-04
1.138239186184364371e-01 9.977924845359996686e-01 9.979664611341487745e-01 1.533737524365505901e-04
1.138659200732945465e-01 9.979343567285098304e-01 9.979666499068138297e-01 1.533737524365505901e-04
1.139079215136007406e-01 9.980920830807954447e-01 9.979668401583295934e-01 1.533737524365505901e-04
1.139499229611828923e-01 9.981039264933131427e-01 9.979670325306619905e-01 1.533865253397733493e-04
1.139919244014890864e-01 9.978122449474468025e-01 9.979672264714265495e-01 1.533737524365505901e-04
1.140339258563471958e-01 9.979243909215977926e-01 9.979674219094397669e-01 1.533737524365505901e-04
1.140759272893774323e-01 9.980326111343572615e-01 9.979676188555151040e-01 1.533737524365505901e-04
1.141179287369595841e-01 9.980011877057911596e-01 9.979678173209025616e-01 1.533737615580599376e-04
1.141599301845417358e-01 9.980681655631835625e-01 9.979680173167083668e-01 1.534091986739376744e-04
1.142019316175719723e-01 9.981255291586523803e-01 9.979682188541361132e-01 1.533737524365505901e-04
1.142439330724300817e-01 9.981006825850461395e-01 9.979684219447307880e-01 1.533737524365505901e-04
1.142859345054603182e-01 9.980643462073631733e-01 9.979686265997513850e-01 1.533737524365505901e-04
1.143279359603184275e-01 9.980966879976934658e-01 9.979688328309822554e-01 1.533737524365505901e-04
1.143699374006246217e-01 9.981956015152936290e-01 9.979690349052625642e-01 1.533737524365505901e-04
1.144119388482067734e-01 9.983466142679210398e-01 9.979692260208344878e-01 1.533737524365505901e-04
1.144539402885129675e-01 9.980726512208030199e-01 9.979694185886370805e-01 1.533737524365505901e-04
1.144959417360951193e-01 9.980596094969881316e-01 9.979696126194181893e-01 1.533737524365505901e-04
1.145379431764013134e-01 9.981136295674291059e-01 9.979698081238869145e-01 1.533737524365505901e-04
1.145799446239834651e-01 9.978513717082018175e-01 9.979700051129839489e-01 1.533737524365505901e-04
1.146219460642896593e-01 9.976843890116859903e-01 9.979702035976101282e-01 1.533737524365505901e-04
1.146639475045958534e-01 9.978055489697055247e-01 9.979704035888683489e-01 1.533737524365505901e-04
1.147059489594539627e-01 9.976830730396959446e-01 9.979706050979957332e-01 1.533737524365505901e-04
1.147479503924841993e-01 9.981012642808406721e-01 9.979708081360864069e-01 1.533737524365505901e-04
1.147899518473423086e-01 9.981064019769605444e-01 9.979710262581477087e-01 1.533737524365505901e-04
1.148319532876485027e-01 9.979739760831680684e-01 9.979712512563702065e-01 1.533737524365505901e-04
1.148739547352306545e-01 9.980759361534684571e-01 9.979714779462836027e-01 1.533759268339746952e-04
1.149159561755368486e-01 9.980193042230491862e-01 9.979717063404868194e-01 1.533737524365505901e-04
1.149579576231190003e-01 9.980781650291674634e-01 9.979719364518542246e-01 1.533737524365505901e-04
1.149999590634251945e-01 9.980095520753251570e-01 9.979721682932182203e-01 1.533737524365505901e-04
1.150419605037313886e-01 9.978549223378766486e-01 9.979724018776506833e-01 1.533737524365505901e-04
1.150839619513135403e-01 9.979689288817839010e-01 9.979726372183443939e-01 1.533737524365505901e-04
1.151259633916197345e-01 9.977052568408376620e-01 9.979728743284930204e-01 1.533737524365505901e-04
1.151679648464778438e-01 9.977788803596121525e-01 9.979731132216175249e-01 1.533767942718759888e-04
1.152099662795080803e-01 9.979546756408815833e-01 9.979733539110350327e-01 1.533737524365505901e-04
1.152519677343661897e-01 9.976045431116770112e-01 9.979735964106450918e-01 1.533960991175368029e-04
1.152939691746723838e-01 9.979386235249257942e-01 9.979738407340171813e-01 1.533737524365505901e-04
1.153359706149785779e-01 9.979067145719424659e-01 9.979740868951433308e-01 1.533737524365505901e-04
1.153779720625607297e-01 9.981890347698592070e-01 9.979743236357668801e-01 1.533786125336806183e-04
1.154199735028669238e-01 9.981089404915319818e-01 9.979745610318021543e-01 1.534440584379498493e-04
1.154619749504490755e-01 9.977815177312704398e-01 9.979748002892043779e-01 1.533737524365505901e-04
1.155039763907552697e-01 9.979491104419596637e-01 9.979750635348735299e-01 1.533737524365505901e-04
1.155459778383374214e-01 9.977004712102996997e-01 9.979753292634918616e-01 1.533809561381923009e-04
1.155879792786436155e-01 9.979237924161058482e-01 9.979755970072575755e-01 1.533737524365505901e-04
1.156299807335017249e-01 9.979765582770857568e-01 9.979758626767331053e-01 1.533737524365505901e-04
1.156719821665319614e-01 9.978367722606702461e-01 9.979761240566983327e-01 1.533737524365505901e-04
1.157139836213900708e-01 9.979417875109106717e-01 9.979763874058570350e-01 1.533737524365505901e-04
1.157559850616962649e-01 9.978895388297818192e-01 9.979766527392837094e-01 1.533737524365505901e-04
1.157979865020024590e-01 9.978841598030642190e-01 9.979769200725209233e-01 1.533737524365505901e-04
1.158399879495846108e-01 9.977708212445512981e-01 9.979771894212196015e-01 1.533737524365505901e-04
1.158819893826148473e-01 9.981518186680183868e-01 9.979774608009953640e-01 1.533737524365505901e-04
1.159239908374729566e-01 9.977513840010191482e-01 9.979777342279967378e-01 1.534397024975865838e-04
1.159659922777791508e-01 9.977589573687195568e-01 9.979780097180573906e-01 1.533751890855616082e-04
1.160079937253613025e-01 9.979604705891588212e-01 9.979782872875486710e-01 1.533737524365505901e-04
1.160499951656674966e-01 9.980204616459634748e-01 9.979785669527665437e-01 1.533737524365505901e-04
1.160919966205256060e-01 9.981470381421276850e-01 9.979788487304124267e-01 1.533737524365505901e-04
1.161339980535558425e-01 9.980801959656216971e-01 9.979791326369624738e-01 1.534633454730321576e-04
1.161759995011379942e-01 9.982029502075634442e-01 9.979794186895530883e-01 1.533737524365505901e-04
1.162180009414441884e-01 9.979093417251011511e-01 9.979797069050961866e-01 1.534013942095220986e-04
1.162600023890263401e-01 9.980885685954606901e-01 9.979799973009265690e-01 1.533881059696610679e-04
1.163020038366084918e-01 9.980375287188814060e-01 9.979802781192117500e-01 1.533737524365505901e-04
1.163440052696387284e-01 9.981786742683329550e-01 9.979805525651153086e-01 1.533737524365505901e-04
1.163860067244968377e-01 9.980308213484073709e-01 9.979808228800697290e-01 1.533737524365505901e-04
1.164280081648030318e-01 9.979604125444020424e-01 9.979811060892113117e-01 1.533737524365505901e-04
1.164700096123851836e-01 9.980421489901299958e-01 9.979814005291570700e-01 1.533737524365505901e-04
1.165120110526913777e-01 9.979768739199813554e-01 9.979816972345515458e-01 1.533744061894320640e-04
1.165540125002735294e-01 9.980629630282029652e-01 9.979819962239532272e-01 1.533737524365505901e-04
1.165960139405797236e-01 9.980761755163908289e-01 9.979822975159059473e-01 1.533738427549269031e-04
1.166380153881618753e-01 9.981681384400483692e-01 9.979826012847733407e-01 1.533876917200240606e-04
1.166800168284680694e-01 9.982900336974872557e-01 9.979829166330275170e-01 1.533737524365505901e-04
1.167220182687742636e-01 9.978001971935764880e-01 9.979832443112190976e-01 1.533737524365505901e-04
1.167640197236323729e-01 9.980927040988896159e-01 9.979835723896358646e-01 1.533738026179859047e-04
1.168060211566626094e-01 9.982223323153519567e-01 9.979838834969966266e-01 1.533737524365505901e-04
1.168480226115207188e-01 9.981046307355387892e-01 9.979842019175094725e-01 1.533842612106555705e-04
1.168900240445509553e-01 9.979291565847642209e-01 9.979845293090361391e-01 1.533833749839745813e-04
1.169320254994090647e-01 9.978901224374324697e-01 9.979848591687376924e-01 1.533831657718180306e-04
1.169740269397152588e-01 9.981841314992322411e-01 9.979851915166048082e-01 1.533737524365505901e-04
1.170160283800214529e-01 9.977701965389617067e-01 9.979855263732454462e-01 1.533737524365505901e-04
1.170580298276036046e-01 9.978834310997525270e-01 9.979858637594333226e-01 1.533737524365505901e-04
1.171000312751857564e-01 9.977202545670982303e-01 9.979862036960526206e-01 1.533737524365505901e-04
1.171420327154919505e-01 9.980841526168116040e-01 9.979865462042126767e-01 1.534081891666989124e-04
1.171840341557981446e-01 9.981391799021639422e-01 9.979868913053745461e-01 1.533737524365505901e-04
1.172260356033802964e-01 9.982524091273287103e-01 9.979872266014934157e-01 1.533737524365505901e-04
1.172680370436864905e-01 9.981575955502405284e-01 9.979875534649375046e-01 1.533737524365505901e-04
1.173100384985445999e-01 9.979163552312729779e-01 9.979878798137802320e-01 1.533737524365505901e-04
1.173520399315748364e-01 9.982487591813268279e-01 9.979882269515302218e-01 1.533710633757657551e-04
1.173940413864329457e-01 9.977680286202573745e-01 9.979885932104578528e-01 1.533800518294663900e-04
1.174360428267391399e-01 9.981493696107955893e-01 9.979889477513336216e-01 1.534349861346176306e-04
1.174780442670453340e-01 9.983456166820029454e-01 9.979892911905238195e-01 1.533775492819943246e-04
1.175200457146274857e-01 9.979746865535041866e-01 9.979896374519221514e-01 1.533737524365505901e-04
1.175620471476577222e-01 9.982213905839638635e-01 9.979899865601433717e-01 1.533737524365505901e-04
1.176040486025158316e-01 9.983562648007726636e-01 9.979903385405679561e-01 1.535018283427443922e-04
1.176460500428220257e-01 9.979827080259673355e-01 9.979906934182585232e-01 1.533737524365505901e-04
1.176880514904041775e-01 9.979025024486972706e-01 9.979910512190575123e-01 1.533737524365505901e-04
1.177300529307103716e-01 9.981560455377629371e-01 9.979914119687980367e-01 1.533737524365505901e-04
1.177720543782925233e-01 9.980701533589275698e-01 9.979917756938631035e-01 1.533737524365505901e-04
1.178140558185987175e-01 9.981370414005479308e-01 9.979921396187598770e-01 1.533737524365505901e-04
1.178560572661808692e-01 9.982365413006902832e-01 9.979925150921022947e-01 1.533924318633264833e-04
1.178980587064870633e-01 9.978615191469086820e-01 9.979928934201397484e-01 1.533883404808618638e-04
1.179400601540692151e-01 9.980036923760450263e-01 9.979932686220914784e-01 1.533737524365505901e-04
1.179820616016513668e-01 9.978439731973378635e-01 9.979936398888239468e-01 1.533737524365505901e-04
1.180240630346816033e-01 9.979034954283253489e-01 9.979940220343117563e-01 1.533737524365505901e-04
1.180660644895397127e-01 9.981725158187592095e-01 9.979944073479561917e-01 1.533737524365505901e-04
1.181080659225699492e-01 9.978537300749529271e-01 9.979947958582168210e-01 1.533737524365505901e-04
1.181500673774280585e-01 9.983005564810482069e-01 9.979951988061450674e-01 1.534246033474745343e-04
1.181920688177342527e-01 9.979225153498009204e-01 9.979956100556777177e-01 1.533737524365505901e-04
1.182340702653164044e-01 9.981271080221310044e-01 9.979960244924349633e-01 1.533737524365505901e-04
1.182760717056225985e-01 9.979511669825298359e-01 9.979964421448865863e-01 1.534106294252868036e-04
1.183180731532047503e-01 9.979810185585973326e-01 9.979968369010868701e-01 1.533737524365505901e-04
1.183600745935109444e-01 9.977917969853613567e-01 9.979972363952257508e-01 1.533737524365505901e-04
1.184020760338171385e-01 9.979629530408573590e-01 9.979976707844724348e-01 1.533737524365505901e-04
1.184440774813992903e-01 9.981143024046857937e-01 9.979980875739582480e-01 1.533737524365505901e-04
1.184860789217054844e-01 9.979921056319240869e-01 9.979985025009318056e-01 1.533737524365505901e-04
1.185280803765635937e-01 9.981445504239683242e-01 9.979989275851354202e-01 1.533737524365505901e-04
1.185700818095938303e-01 9.982590911284300317e-01 9.979993300863969630e-01 1.533737524365505901e-04
1.186120832644519396e-01 9.981332259927803152e-01 9.979997434265056588e-01 1.533737524365505901e-04
1.186540846974821761e-01 9.980581509963802889e-01 9.980001661069167751e-01 1.535135814560400331e-04
1.186960861450643279e-01 9.982834639224064111e-01 9.980005972156350547e-01 1.533737524365505901e-04
1.187380875926464796e-01 9.982086463735637683e-01 9.980010538658582453e-01 1.533737524365505901e-04
1.187800890329526737e-01 9.979667175917161792e-01 9.980015141985445482e-01 1.533848206866154072e-04
1.188220904805348255e-01 9.982054984013863930e-01 9.980019782487031810e-01 1.533737524365505901e-04
1.188640919208410196e-01 9.979770557975102818e-01 9.980024460514810292e-01 1.533737524365505901e-04
1.189060933684231713e-01 9.980456456376991525e-01 9.980029176428159010e-01 1.533737524365505901e-04
1.189480948087293655e-01 9.979576612753349174e-01 9.980033930587958180e-01 1.533923981697904579e-04
1.189900962563115172e-01 9.980169568439679617e-01 9.980038723363223729e-01 1.533737524365505901e-04
1.190320976966177113e-01 9.978759654432348691e-01 9.980043555124609167e-01 1.533841073749924225e-04
1.190740991514758207e-01 9.979945740565037138e-01 9.980048426251980631e-01 1.534009137100578798e-04
1.191161005845060572e-01 9.980250291736121326e-01 9.980053389743043235e-01 1.533737524365505901e-04
1.191581020320882089e-01 9.978661920614197989e-01 9.980058561390544591e-01 1.533737524365505901e-04
1.192001034723944031e-01 9.980888697259435727e-01 9.980063775413726690e-01 1.534445391968764145e-04
1.192421049127005972e-01 9.980043652663826981e-01 9.980068888958411044e-01 1.533910712784852662e-04
1.192841063675587066e-01 9.980337315373137841e-01 9.980073542649491314e-01 1.533738820502579710e-04
1.193261078005889431e-01 9.978511784921274552e-01 9.980078236193712371e-01 1.533737524365505901e-04
1.193681092554470524e-01 9.981228313449036493e-01 9.980082970000725417e-01 1.533737615580599376e-04
1.194101106884772889e-01 9.980681119055302419e-01 9.980087931842045457e-01 1.533737524365505901e-04
1.194521121433353983e-01 9.978812552176302697e-01 9.980093226211478319e-01 1.533737524365505901e-04
1.194941135836415924e-01 9.980694683314358384e-01 9.980098565650880049e-01 1.533737524365505901e-04
1.195361150239477865e-01 9.979646621972283471e-01 9.980103950623402387e-01 1.533737524365505901e-04
1.195781164715299383e-01 9.979794898487067689e-01 9.980109381597987994e-01 1.533737524365505901e-04
1.196201179191120900e-01 9.979914813669864548e-01 9.980114531729483707e-01 1.533763908666821094e-04
1.196621193594182841e-01 9.976825444901938900e-01 9.980119698208170798e-01 1.533737524365505901e-04
1.197041207997244783e-01 9.979205093703908958e-01 9.980125138554609698e-01 1.533737524365505901e-04
1.197461222473066300e-01 9.980801052782947158e-01 9.980130876121746653e-01 1.533796694717255704e-04
1.197881236876128241e-01 9.977714442490132063e-01 9.980136543556800133e-01 1.533737524365505901e-04
1.198301251424709335e-01 9.982054455538690307e-01 9.980141771277883933e-01 1.533737524365505901e-04
1.198721265755011700e-01 9.981231050848050623e-01 9.980147167704582767e-01 1.533737524365505901e-04
1.199141280303592794e-01 9.982492897363907103e-01 9.980152896205279900e-01 1.533737524365505901e-04
1.199561294633895159e-01 9.981369839750990902e-01 9.980158520200379524e-01 1.533737524365505901e-04
1.199981309109716676e-01 9.981971713682744607e-01 9.980164057494169683e-01 1.533737524365505901e-04
1.200401323585538194e-01 9.980346523549451510e-01 9.980169642366091276e-01 1.533899278962078182e-04
1.200821337915840559e-01 9.981959900855443824e-01 9.980175275329061790e-01 1.533737524365505901e-04
1.201241352464421652e-01 9.978980903651508694e-01 9.980180956910963408e-01 1.534089487405106112e-04
1.201661366794724017e-01 9.979637177360709543e-01 9.980186687637170317e-01 1.533737524365505901e-04
1.202081381343305111e-01 9.978653194547041361e-01 9.980192468053401544e-01 1.533737524365505901e-04
1.202501395746367052e-01 9.983388304231840538e-01 9.980198298703090165e-01 1.533737524365505901e-04
1.202921410222188570e-01 9.983628736491270139e-01 9.980204180146553528e-01 1.533737524365505901e-04
1.203341424625250511e-01 9.980028323481121566e-01 9.980210112948129098e-01 1.533737524365505901e-04
1.203761439101072028e-01 9.977854057440529445e-01 9.980216097685520316e-01 1.533737524365505901e-04
1.204181453504133970e-01 9.980400202985015845e-01 9.980222134941810763e-01 1.533737524365505901e-04
1.204601467979955487e-01 9.978883915536481686e-01 9.980228225313964030e-01 1.533737524365505901e-04
1.205021482383017428e-01 9.979450354398072820e-01 9.980234522756645799e-01 1.533737524365505901e-04
1.205441496786079369e-01 9.983625369114912385e-01 9.980240881463545710e-01 1.533737524365505901e-04
1.205861511334660463e-01 9.980067270687265069e-01 9.980247298051732052e-01 1.533737524365505901e-04
1.206281525664962828e-01 9.980328792420146700e-01 9.980253773189028399e-01 1.533737524365505901e-04
1.206701540213543922e-01 9.980054670630961189e-01 9.980260307567103695e-01 1.533759268339746952e-04
1.207121554543846287e-01 9.980388175977820131e-01 9.980266901875931573e-01 1.533769093115625601e-04
1.207541569092427380e-01 9.982666389963174014e-01 9.980273579558149866e-01 1.533995908099158010e-04
1.207961583495489322e-01 9.977970097769252034e-01 9.980280500662851439e-01 1.533941100209625032e-04
1.208381597898551263e-01 9.980178094558810331e-01 9.980287484574065227e-01 1.533737524365505901e-04
1.208801612374372780e-01 9.981453153945588630e-01 9.980294692379525490e-01 1.533737524365505901e-04
1.209221626704675145e-01 9.979154715381317597e-01 9.980302001660551481e-01 1.533737524365505901e-04
1.209641641253256239e-01 9.981082696401201160e-01 9.980309376891844941e-01 1.533737524365505901e-04
1.210061655656318180e-01 9.980012210162620967e-01 9.980316818864797268e-01 1.533737524365505901e-04
1.210481670132139698e-01 9.982234481636438339e-01 9.980324328395523414e-01 1.533753147004923917e-04
1.210901684535201639e-01 9.980299045962135462e-01 9.980331654252700968e-01 1.533737524365505901e-04
1.211321699011023156e-01 9.977731070755586629e-01 9.980338999862066185e-01 1.533737524365505901e-04
1.211741713414085098e-01 9.981508305944860604e-01 9.980345722216934501e-01 1.533737524365505901e-04
1.212161727889906615e-01 9.981131844615945825e-01 9.980352618748986604e-01 1.533737524365505901e-04
1.212581742292968556e-01 9.980625926199016007e-01 9.980360037405678897e-01 1.533737524365505901e-04
1.213001756768790074e-01 9.979492374361451645e-01 9.980367524386227762e-01 1.533737524365505901e-04
1.213421771171852015e-01 9.978814279975393164e-01 9.980375080561646461e-01 1.534181400454849207e-04
1.213841785574913956e-01 9.980105619738560696e-01 9.980382706824013628e-01 1.533737524365505901e-04
1.214261800123495050e-01 9.983323633572876998e-01 9.980390404084445999e-01 1.533737524365505901e-04
1.214681814453797415e-01 9.979759939854123685e-01 9.980398173262862160e-01 1.533759268339746952e-04
1.215101829002378508e-01 9.980717778873089419e-01 9.980406015312621726e-01 1.533737524365505901e-04
1.215521843405440450e-01 9.980091082523137036e-01 9.980413948795336943e-01 1.533739909302840598e-04
1.215941857808502391e-01 9.980035333039155576e-01 9.980422087523118657e-01 1.533737524365505901e-04
1.216361872284323908e-01 9.978775562404607058e-01 9.980430304725629309e-01 1.533737524365505901e-04
1.216781886687385850e-01 9.980805561453417463e-01 9.980438601464513004e-01 1.533737524365505901e-04
1.217201901163207367e-01 9.981737976766498210e-01 9.980446978829551341e-01 1.533737524365505901e-04
1.217621915566269308e-01 9.979261318123915370e-01 9.980455437927812090e-01 1.533737524365505901e-04
1.218041930042090826e-01 9.981555767387141342e-01 9.980463979896001536e-01 1.533737524365505901e-04
1.218461944445152767e-01 9.982970961109017827e-01 9.980472605889466609e-01 1.533801296451971371e-04
1.218881958920974284e-01 9.980884992994089044e-01 9.980481317094797022e-01 1.533836670498414613e-04
1.219301973324036226e-01 9.981386196906512076e-01 9.980490114718697514e-01 1.533737524365505901e-04
1.219721987872617319e-01 9.981924381025162329e-01 9.980499000002408527e-01 1.533813990950466568e-04
1.220142002202919684e-01 9.980180575254945508e-01 9.980507793007689088e-01 1.533806039864982922e-04
1.220562016678741202e-01 9.979329890199856168e-01 9.980516655792340819e-01 1.533737524365505901e-04
1.220982031081803143e-01 9.980324501590349673e-01 9.980525607865167181e-01 1.533737524365505901e-04
1.221402045557624660e-01 9.983508779519271181e-01 9.980534650540693331e-01 1.534194522723859812e-04
1.221822060033446178e-01 9.979770308867332851e-01 9.980543785159258219e-01 1.533746301069331957e-04
1.222242074363748543e-01 9.981354997769040782e-01 9.980552788392517138e-01 1.533737524365505901e-04
1.222662088912329637e-01 9.981945893735163500e-01 9.980561604707282042e-01 1.533737524365505901e-04
1.223082103242632002e-01 9.981981016928286321e-01 9.980570870331528788e-01 1.533737524365505901e-04
1.223502117791213095e-01 9.981047166537020399e-01 9.980580340909591675e-01 1.533737524365505901e-04
1.223922132194275036e-01 9.980820469739831724e-01 9.980589910237086526e-01 1.533737524365505901e-04
1.224342146597336978e-01 9.983139624329899764e-01 9.980599428871237411e-01 1.533737524365505901e-04
1.224762161073158495e-01 9.982005463555047031e-01 9.980608909270752838e-01 1.533737524365505901e-04
1.225182175476220436e-01 9.978275401037324244e-01 9.980618764962508882e-01 1.533737524365505901e-04
1.225602189952041954e-01 9.981054744887934982e-01 9.980628724770824745e-01 1.533737524365505901e-04
1.226022204355103895e-01 9.981133011547296263e-01 9.980638790376034075e-01 1.534069377795095656e-04
1.226442218830925412e-01 9.978407703221526814e-01 9.980648963509408667e-01 1.533737524365505901e-04
1.226862233233987354e-01 9.982800313530107994e-01 9.980659245940911584e-01 1.533737524365505901e-04
1.227282247709808871e-01 9.981157238772325746e-01 9.980669639495070022e-01 1.534926447348999900e-04
1.227702262112870812e-01 9.980571335841852409e-01 9.980680146038577449e-01 1.533737524365505901e-04
1.228122276661451906e-01 9.978101213937213831e-01 9.980690767498519023e-01 1.533737524365505901e-04
1.228542290991754271e-01 9.978782620399977432e-01 9.980701588673810409e-01 1.533737524365505901e-04
1.228962305467575788e-01 9.983138116260001915e-01 9.980712423921791476e-01 1.533737524365505901e-04
1.229382319870637730e-01 9.983556535334126014e-01 9.980723306800562966e-01 1.533789749970544138e-04
1.229802334346459247e-01 9.979992320351981361e-01 9.980734310810849275e-01 1.533737524365505901e-04
1.230222348822280765e-01 9.979826787861080239e-01 9.980745438117226698e-01 1.533737524365505901e-04
1.230642363152583130e-01 9.979207033749352140e-01 9.980756769527565631e-01 1.533737524365505901e-04
1.231062377701164223e-01 9.979000356049579912e-01 9.980768438837449574e-01 1.533737524365505901e-04
1.231482392031466588e-01 9.982211760313557392e-01 9.980780415427212837e-01 1.533737524365505901e-04
1.231902406580047682e-01 9.980815287514420708e-01 9.980792364811645889e-01 1.533737524365505901e-04
1.232322420910350047e-01 9.980917307180331433e-01 9.980804390897206613e-01 1.533968204959410800e-04
1.232742435386171564e-01 9.980203408450452063e-01 9.980816836830639360e-01 1.533737524365505901e-04
1.233162449861993082e-01 9.980491416133003835e-01 9.980829430306518146e-01 1.534329693164053032e-04
1.233582464265055023e-01 9.978337125098918348e-01 9.980842174241794096e-01 1.533737524365505901e-04
1.234002478740876541e-01 9.980019036214723416e-01 9.980855071657028788e-01 1.533737524365505901e-04
1.234422493071178906e-01 9.978111339878326103e-01 9.980868125663382440e-01 1.533737524365505901e-04
1.234842507619759999e-01 9.980682203489747994e-01 9.980880884158950250e-01 1.533737524365505901e-04
1.235262522022821940e-01 9.980854827290382980e-01 9.980893624117961327e-01 1.534341740009438160e-04
1.235682536498643458e-01 9.980698295311088986e-01 9.980907143466331011e-01 1.533737524365505901e-04
1.236102550901705399e-01 9.982583644722526905e-01 9.980920654799267933e-01 1.533803125085531050e-04
1.236522565377526917e-01 9.979260975212996820e-01 9.980933863746513923e-01 1.533955061114807320e-04
1.236942579780588858e-01 9.978359776068775888e-01 9.980947240442067381e-01 1.533737524365505901e-04
1.237362594256410375e-01 9.981920807089954550e-01 9.980960788638745251e-01 1.533728439352630439e-04
1.237782608659472317e-01 9.983148149850641362e-01 9.980974808755951333e-01 1.533737524365505901e-04
1.238202623135293834e-01 9.981782260967047016e-01 9.980989532692234878e-01 1.533935212185301010e-04
1.238622637538355775e-01 9.981940980167124389e-01 9.981004455078731352e-01 1.533737524365505901e-04
1.239042651941417716e-01 9.982413602925056528e-01 9.981018899563458557e-01 1.533737524365505901e-04
1.239462666489998810e-01 9.979924419290540083e-01 9.981033639746426100e-01 1.533737524365505901e-04
1.239882680820301175e-01 9.979894086009509779e-01 9.981049094973429847e-01 1.533737524365505901e-04
1.240302695368882269e-01 9.981620382749685216e-01 9.981064765288568674e-01 1.533737524365505901e-04
1.240722709699184634e-01 9.981656354074168735e-01 9.981080656227356851e-01 1.533737524365505901e-04
1.241142724175006151e-01 9.980581135829932338e-01 9.981096773605040440e-01 1.533809058014659772e-04
1.241562738650827669e-01 9.981202795006830497e-01 9.981113123484104399e-01 1.533776559038799343e-04
1.241982753053889610e-01 9.981600163921757751e-01 9.981129712214221739e-01 1.533725275880237597e-04
1.242402767529711127e-01 9.977914362712319019e-01 9.981146546458193880e-01 1.533885163974347849e-04
1.242822781860013492e-01 9.981804910839798817e-01 9.981163633190547335e-01 1.533737524365505901e-04
1.243242796408594586e-01 9.981025585852077997e-01 9.981180979759721739e-01 1.533803927371040670e-04
1.243662810811656527e-01 9.979519842114039641e-01 9.981198593860953761e-01 1.533737524365505901e-04
1.244082825287478045e-01 9.982532871556240028e-01 9.981216483619330671e-01 1.533737524365505901e-04
1.244502839690539986e-01 9.980523066856468173e-01 9.981234657582818137e-01 1.533737524365505901e-04
1.244922854166361503e-01 9.981644136151198721e-01 9.981253025733242135e-01 1.533737524365505901e-04
1.245342868569423445e-01 9.980319660264536097e-01 9.981271186679923080e-01 1.534439533841693958e-04
1.245762882972485386e-01 9.982323636026224634e-01 9.981289647817910282e-01 1.533737524365505901e-04
1.246182897448306903e-01 9.981389345875244512e-01 9.981308419329733006e-01 1.533737524365505901e-04
1.246602911924128421e-01 9.980078649192569706e-01 9.981327512016225922e-01 1.533737524365505901e-04
1.247022926327190362e-01 9.981048494663314896e-01 9.981347258016574076e-01 1.533737524365505901e-04
1.247442940730252303e-01 9.981800234716790010e-01 9.981367580111260018e-01 1.534071886433358597e-04
1.247862955206073821e-01 9.982519053487877159e-01 9.981388487537162790e-01 1.533737524365505901e-04
1.248282969609135762e-01 9.980546152390865622e-01 9.981409783906056710e-01 1.533776841092607279e-04
1.248702984157716855e-01 9.983607993930689872e-01 9.981431174336526935e-01 1.533825871637501867e-04
1.249122998488019221e-01 9.983196905903189977e-01 9.981452457140955747e-01 1.533737524365505901e-04
1.249543012963840738e-01 9.985595763613352993e-01 9.981474153987882625e-01 1.533737524365505901e-04
1.249963027366902679e-01 9.980898022968598404e-01 9.981496283366249056e-01 1.533772205463089771e-04
1.250383041842724197e-01 9.983689960967739863e-01 9.981519181968439014e-01 1.533737524365505901e-04
1.250803056318545714e-01 9.981242726032860668e-01 9.981542715470712590e-01 1.533759268339746952e-04
1.251223070648848079e-01 9.982899221676656554e-01 9.981566773232264378e-01 1.534516991706508780e-04
1.251643085197429173e-01 9.980366836002374509e-01 9.981591896614246950e-01 1.534206424302518774e-04
1.252063099527731538e-01 9.979275084688077335e-01 9.981616996516800011e-01 1.534206424302518774e-04
1.252483114076312631e-01 9.983154179518098914e-01 9.981642444989927698e-01 1.534273818141597499e-04
1.252903128406614996e-01 9.978799564049026793e-01 9.981668536947619907e-01 1.534297437227666512e-04
1.253323142955196090e-01 9.983569727995463827e-01 9.981695318737784373e-01 1.534206424302518774e-04
1.253743157358258031e-01 9.981220979950207184e-01 9.981722063065338046e-01 1.534206424302518774e-04
1.254163171761319973e-01 9.981462285517616051e-01 9.981750382673447719e-01 1.534293052895374491e-04
1.254583186237141490e-01 9.978372412597181773e-01 9.981780062078137172e-01 1.534206424302518774e-04
1.255003200640203431e-01 9.981668264912023636e-01 9.981811439502243921e-01 1.534570123683491475e-04
1.255423215116024949e-01 9.980000059426397119e-01 9.981847932380885080e-01 1.534206424302518774e-04
1.255843229519086890e-01 9.981916700844358781e-01 9.981884544899617406e-01 1.534256295312159772e-04
1.256263243994908407e-01 9.983331161663439035e-01 9.981948586668322188e-01 1.534223483692906723e-04
1.256683258397970349e-01 9.978617670290809150e-01 9.982060887800805471e-01 1.535001046312375298e-04
1.257103272873791866e-01 9.981490794700387248e-01 9.982206196489548100e-01 1.534206424302518774e-04
1.257523287276853807e-01 9.979623551371842316e-01 9.982384273041868816e-01 1.534206424302518774e-04
1.257943301752675325e-01 9.982477752028857676e-01 9.982582215513571278e-01 1.534206424302518774e-04
1.258363316155737266e-01 9.981822839181704321e-01 9.982795117665991258e-01 1.534206424302518774e-04
1.258783330631558783e-01 9.982216556253676876e-01 9.983027958980774663e-01 1.534503294649557678e-04
1.259203345034620725e-01 9.986223619881025027e-01 9.983274493822743567e-01 1.535049861886697347e-04
1.259623359437682666e-01 9.980877986780541944e-01 9.983534940275706759e-01 1.534206424302518774e-04
1.260043373913504183e-01 9.984627277171528315e-01 9.983809950036589553e-01 1.534143515863258271e-04
1.260463388316566125e-01 9.982293001985113046e-01 9.984090365503573983e-01 1.534210097958782948e-04
1.260883402865147218e-01 9.983260332092941391e-01 9.984379276483394960e-01 1.534206424302518774e-04
1.261303417195449583e-01 9.986075425821123730e-01 9.984676750683847413e-01 1.534206424302518774e-04
1.261723431744030677e-01 9.984837239304068524e-01 9.984976818183717295e-01 1.534226183495997773e-04
1.262143446074333042e-01 9.985399119246335387e-01 9.985284326487908757e-01 1.534206424302518774e-04
1.262563460550154559e-01 9.984910286837015425e-01 9.985601036715627821e-01 1.534206424302518774e-04
1.262983475025976077e-01 9.985412030436949804e-01 9.985925443391822087e-01 1.534206424302518774e-04
1.263403489356278442e-01 9.987703797532755390e-01 9.986260478554813691e-01 1.534841106944819650e-04
1.263823503904859535e-01 9.984906070157518743e-01 9.986600203798409181e-01 1.534475688879220366e-04
1.264243518235161901e-01 9.988641636541155666e-01 9.986942386216390855e-01 1.534206424302518774e-04
1.264663532783742994e-01 9.985376556475891174e-01 9.987278664175013310e-01 1.535467435389727792e-04
1.265083547114045359e-01 9.986622209007214312e-01 9.987621095418459660e-01 1.534206424302518774e-04
1.265503561662626453e-01 9.987280415468862138e-01 9.987964878652071388e-01 1.534256295312159772e-04
1.265923576065688394e-01 9.987298156582534725e-01 9.988316670360276595e-01 1.534206424302518774e-04
1.266343590468750335e-01 9.989330713085361468e-01 9.988666820336038477e-01 1.534206424302518774e-04
1.266763604944571853e-01 9.991235419611788071e-01 9.989025182570047123e-01 1.534206424302518774e-04
1.267183619347633794e-01 9.992436452287654092e-01 9.989382050136534907e-01 1.534291418321112252e-04
1.267603633823455311e-01 9.989900137562696125e-01 9.989746757645781017e-01 1.534206424302518774e-04
1.268023648226517253e-01 9.989099464964183994e-01 9.990112524648614434e-01 1.534206424302518774e-04
1.268443662702338770e-01 9.989394168725790335e-01 9.990475663585909327e-01 1.534206424302518774e-04
1.268863677105400711e-01 9.989300601682590264e-01 9.990836271972431959e-01 1.534206424302518774e-04
1.269283691581222229e-01 9.992658135409256959e-01 9.991187170818679464e-01 1.534206424302518774e-04
1.269703705984284170e-01 9.993291305518778866e-01 9.991545327319404368e-01 1.534206424302518774e-04
1.270123720460105687e-01 9.993500170983505848e-01 9.991907467600461557e-01 1.534206424302518774e-04
1.270543734863167629e-01 9.992718993751938950e-01 9.992262318215286987e-01 1.534206424302518774e-04
1.270963749338989146e-01 9.993895116092309516e-01 9.992614285647388739e-01 1.534206424302518774e-04
1.271383763742051087e-01 9.990967638710792631e-01 9.992963967762443778e-01 1.534206424302518774e-04
1.271803778145113029e-01 9.995272009458223694e-01 9.993317517121557136e-01 1.534206424302518774e-04
1.272223792620934546e-01 9.994708338227550337e-01 9.993668528502877013e-01 1.534264308325220200e-04
1.272643807023996487e-01 9.995164183827575100e-01 9.994011200956035568e-01 1.534206424302518774e-04
1.273063821499818005e-01 9.991835259109701495e-01 9.994349326731630789e-01 1.534206424302518774e-04
1.273483835902879946e-01 9.994602723816702339e-01 9.994685013275309560e-01 1.534455109088357378e-04
1.273903850451461039e-01 9.993769516958983523e-01 9.995023445178028432e-01 1.534206424302518774e-04
1.274323864781763405e-01 9.995203464210328237e-01 9.995349565029347794e-01 1.534206424302518774e-04
1.274743879257584922e-01 9.993378450821210901e-01 9.995666246891494744e-01 1.535090006627435656e-04
1.275163893660646863e-01 9.995433161369399189e-01 9.995975314194273098e-01 1.534206424302518774e-04
1.275583908136468381e-01 9.994261092187466389e-01 9.996282196316057522e-01 1.534280363354283952e-04
1.276003922612289898e-01 9.995556679820409851e-01 9.996584935424385199e-01 1.534493463356551696e-04
1.276423936942592263e-01 9.996987462534141500e-01 9.996876023199562367e-01 1.534206424302518774e-04
1.276843951491173357e-01 9.999501436400538568e-01 9.997153782229399877e-01 1.534206424302518774e-04
1.277263965821475722e-01 9.998895227186473944e-01 9.997429599450730064e-01 1.534206424302518774e-04
1.277683980370056815e-01 9.998949038935546207e-01 9.997696455153100015e-01 1.534206424302518774e-04
1.278103994700359181e-01 1.000052094933050473e+00 9.997953578677531983e-01 1.534206424302518774e-04
1.278524009248940274e-01 9.995964445621865480e-01 9.998200303106414832e-01 1.534206424302518774e-04
1.278944023652002215e-01 9.999221861532029410e-01 9.998436146728770790e-01 1.534206424302518774e-04
1.279364038055064157e-01 9.997983108771714145e-01 9.998659961778706418e-01 1.534206424302518774e-04
1.279784052530885674e-01 9.998455552017609937e-01 9.998871955604868855e-01 1.534206424302518774e-04
1.280204066861188039e-01 9.999924749692238324e-01 9.999069802037232613e-01 1.534206424302518774e-04
1.280624081409769133e-01 1.000183747734973538e+00 9.999249862852779280e-01 1.534206424302518774e-04
1.281044095740071498e-01 1.000332635584824992e+00 9.999408650435253065e-01 1.534206424302518774e-04
1.281464110288652591e-01 1.000063398715829610e+00 9.999546199240642030e-01 1.534206424302518774e-04
1.281884124691714533e-01 9.998451933434907568e-01 9.999657295775150612e-01 1.534206424302518774e-04
1.282304139167536050e-01 9.997228249863316929e-01 9.999717159524428300e-01 1.534206424302518774e-04
1.282724153570597991e-01 9.999130592888636482e-01 9.999737042971794665e-01 1.534206424302518774e-04
1.283144167973659933e-01 1.000247789255668485e+00 9.999746342863766735e-01 1.534206424302518774e-04
1.283564182449481450e-01 9.999258952354699304e-01 9.999749390647920677e-01 1.534206424302518774e-04
1.283984196852543391e-01 9.999160892810592394e-01 9.999749291957269470e-01 1.534248577406333079e-04
1.284404211328364909e-01 9.997424706787200188e-01 9.999749193266600500e-01 1.534206424302518774e-04
1.284824225731426850e-01 1.000114345978224462e+00 9.999749094575948183e-01 1.534206424302518774e-04
1.285244240207248367e-01 9.999414778944258897e-01 9.999748995885279212e-01 1.534286192716257280e-04
1.285664254610310309e-01 9.998399805388908934e-01 9.999748897194630226e-01 1.534206424302518774e-04
1.286084269086131826e-01 9.998729516232269798e-01 9.999748798503959035e-01 1.534206424302518774e-04
1.286504283489193767e-01 9.997444700120965422e-01 9.999748699813308939e-01 1.534206424302518774e-04
1.286924297965015285e-01 9.999817265816330902e-01 9.999748601122639968e-01 1.534921113416126877e-04
1.287344312368077226e-01 1.000093760890588213e+00 9.999748502431988761e-01 1.534325429957577908e-04
1.287764326843898743e-01 9.999602588129609115e-01 9.999748403741322011e-01 1.534206424302518774e-04
1.288184341246960685e-01 1.000292805878164604e+00 9.999748305050667474e-01 1.534206424302518774e-04
1.288604355650022626e-01 1.000020281859975713e+00 9.999748206360018488e-01 1.534206424302518774e-04
1.289024370125844143e-01 1.000066249845674049e+00 9.999748107669349517e-01 1.534206424302518774e-04
1.289444384528906085e-01 9.999654142601200890e-01 9.999748008978697200e-01 1.534208964268573639e-04
1.289864399004727602e-01 9.998845271151638459e-01 9.999747910288030450e-01 1.534206424302518774e-04
1.290284413407789543e-01 9.999377782420214578e-01 9.999747811597377023e-01 1.534206424302518774e-04
1.290704427956370637e-01 9.999656577351184739e-01 9.999747712906692509e-01 1.534179508727023659e-04
1.291124442286673002e-01 9.998605382419527565e-01 9.999747612769452898e-01 1.534206424302518774e-04
1.291544456762494519e-01 9.998797413824286329e-01 9.999747506810263697e-01 1.534227362449370146e-04
1.291964471165556461e-01 9.998933343167871746e-01 9.999747400851095591e-01 1.534206424302518774e-04
1.292384485641377978e-01 9.997992261266620551e-01 9.999747294891908611e-01 1.534206424302518774e-04
1.292804500044439919e-01 1.000001328885463225e+00 9.999747188932737174e-01 1.534206424302518774e-04
1.293224514447501861e-01 9.998917593736433851e-01 9.999747082973566847e-01 1.534228174868510625e-04
1.293644528996082954e-01 9.998875154472991467e-01 9.999746977014362104e-01 1.534206424302518774e-04
1.294064543326385319e-01 1.000008879162273212e+00 9.999746871055210651e-01 1.534206424302518774e-04
1.294484557874966413e-01 9.998595631483262469e-01 9.999746765096004797e-01 1.534210043947505618e-04
1.294904572205268778e-01 1.000188775681206899e+00 9.999746659136853344e-01 1.534345002262768587e-04
1.295324586753849871e-01 1.000129936310232948e+00 9.999746553177646380e-01 1.534206424302518774e-04
1.295744601084152237e-01 9.999702051480481302e-01 9.999746447218494927e-01 1.534206424302518774e-04
1.296164615559973754e-01 9.998359112897723389e-01 9.999746341259306837e-01 1.534206424302518774e-04
1.296584630035795271e-01 9.999714932367111953e-01 9.999746235300119857e-01 1.534206424302518774e-04
1.297004644366097637e-01 1.000126108350464671e+00 9.999746129340968404e-01 1.534256295312159772e-04
1.297424658914678730e-01 9.999752534501287204e-01 9.999746023381762550e-01 1.534971039918793414e-04
1.297844673244981095e-01 9.999905875170492786e-01 9.999745917422608876e-01 1.534206424302518774e-04
1.298264687793562189e-01 9.998789184709241384e-01 9.999745811463401912e-01 1.534475957475915815e-04
1.298684702123864554e-01 1.000060417680120439e+00 9.999745705504252680e-01 1.534206424302518774e-04
1.299104716672445647e-01 9.999240147197324680e-01 9.999745599545046826e-01 1.534722588708491923e-04
1.299524731075507589e-01 9.996701096421733990e-01 9.999745493585875389e-01 1.534409110310814878e-04
1.299944745478569530e-01 1.000194788495518905e+00 9.999745387626708393e-01 1.534206424302518774e-04
1.300364759954391047e-01 1.000160717197138505e+00 9.999745281667520302e-01 1.534716613388133243e-04
1.300784774357452989e-01 1.000367342314641972e+00 9.999745189633129083e-01 1.534206424302518774e-04
1.301204788833274506e-01 9.998935308110175058e-01 9.999745107324146121e-01 1.534518733518523226e-04
1.301624803163576871e-01 9.995999569823994513e-01 9.999745025015192024e-01 1.534206424302518774e-04
1.302044817712157965e-01 1.000126433108500468e+00 9.999744942706193518e-01 1.535183974621115118e-04
1.302464832115219906e-01 9.997940735543625612e-01 9.999744860397221657e-01 1.534206424302518774e-04
1.302884846591041423e-01 9.999076219884767136e-01 9.999744778088238695e-01 1.534322688532186363e-04
1.303304860994103365e-01 9.999298332193530259e-01 9.999744695779269055e-01 1.534214559718676517e-04
1.303724875469924882e-01 9.998429852846438814e-01 9.999744613470283872e-01 1.534206515565054226e-04
1.304144889872986823e-01 9.997813649761786436e-01 9.999744531161316452e-01 1.534515573583877465e-04
1.304564904276048765e-01 9.995818154841017433e-01 9.999744448852344592e-01 1.534206424302518774e-04
1.304984918751870282e-01 1.000108312249492704e+00 9.999744366543361629e-01 1.534441813576753271e-04
1.305404933082172647e-01 1.000043854745924943e+00 9.999744284234405312e-01 1.535288695288553019e-04
1.305824947630753741e-01 9.998952822254473238e-01 9.999744201925406806e-01 1.534206424302518774e-04
1.306244962033815682e-01 9.999494513799780382e-01 9.999744119616439386e-01 1.534243700688542095e-04
1.306664976509637199e-01 1.000029397463807479e+00 9.999744037307455313e-01 1.534206424302518774e-04
1.307084990912699141e-01 1.000106652246053995e+00 9.999743954998485673e-01 1.534206424302518774e-04
1.307505005388520658e-01 9.999757962286942581e-01 9.999743872689502711e-01 1.534206424302518774e-04
1.307925019791582599e-01 1.000109076633713068e+00 9.999743817936284085e-01 1.534206424302518774e-04
1.308345034194644541e-01 1.000184264417787405e+00 9.999743771771711920e-01 1.534206424302518774e-04
1.308765048670466058e-01 1.000119806143521695e+00 9.999743725607129763e-01 1.534206424302518774e-04
1.309185063146287575e-01 1.000041940557658604e+00 9.999743679442550937e-01 1.534206424302518774e-04
1.309605077549349517e-01 1.000098391091514882e+00 9.999743633277977661e-01 1.534206424302518774e-04
1.310025091952411458e-01 1.000046530181879278e+00 9.999743587113405496e-01 1.534255156944571374e-04
1.310445106428232975e-01 9.999891995227179198e-01 9.999743540948825560e-01 1.534206424302518774e-04
1.310865120831294917e-01 9.998657629838139105e-01 9.999743494784251174e-01 1.534206424302518774e-04
1.311285135307116434e-01 9.999136079682687805e-01 9.999743448619671238e-01 1.534206424302518774e-04
1.311705149710178375e-01 1.000077488098259915e+00 9.999743402455099073e-01 1.534288778467557857e-04
1.312125164258759469e-01 9.999330602452621841e-01 9.999743332163295584e-01 1.534206424302518774e-04
1.312545178589061834e-01 9.999427929917829028e-01 9.999743257122857276e-01 1.534206424302518774e-04
1.312965193064883351e-01 9.998191728231764497e-01 9.999743182082393433e-01 1.534345468750722267e-04
1.313385207467945293e-01 9.998553777113319274e-01 9.999743107041941803e-01 1.534206424302518774e-04
1.313805221871007234e-01 9.997476930342467094e-01 9.999743032001489063e-01 1.534206424302518774e-04
1.314225236346828751e-01 9.998046300680774046e-01 9.999742956961026330e-01 1.534277180964259163e-04
1.314645250749890693e-01 9.999023250361406268e-01 9.999742881920573589e-01 1.534506188841901144e-04
1.315065265225712210e-01 9.999136782590991590e-01 9.999742806880108636e-01 1.534206424302518774e-04
1.315485279628774151e-01 9.999886557083376148e-01 9.999742731839658116e-01 1.534206424302518774e-04
1.315905294177355245e-01 9.998049628200734729e-01 9.999742656799182061e-01 1.534206424302518774e-04
1.316325308507657610e-01 9.999463178551100118e-01 9.999742581758740423e-01 1.534206424302518774e-04
1.316745322983479127e-01 9.999973787482937526e-01 9.999742506718277690e-01 1.534206424302518774e-04
1.317165337386541069e-01 9.996338273901571592e-01 9.999742431677827170e-01 1.534206424302518774e-04
1.317585351862362586e-01 9.999979021333693652e-01 9.999742356637362217e-01 1.534206424302518774e-04
1.318005366265424527e-01 9.995106487621020497e-01 9.999742281596909477e-01 1.534206424302518774e-04
1.318425380668486468e-01 9.997301443226104256e-01 9.999742206556460067e-01 1.534206424302518774e-04
1.318845395144307986e-01 9.999734909590365373e-01 9.999742131515996224e-01 1.534206424302518774e-04
1.319265409547369927e-01 9.999615067752785080e-01 9.999742056475542373e-01 1.534206424302518774e-04
1.319685424095951021e-01 1.000269266687500158e+00 9.999741981435065208e-01 1.534458236508589072e-04
1.320105438426253386e-01 9.998343613345370695e-01 9.999741906394629121e-01 1.534758149206701464e-04
1.320525452974834479e-01 1.000137559814301635e+00 9.999741831354149735e-01 1.534458180201476237e-04
1.320945467305136845e-01 1.000011926121846750e+00 9.999741756313711427e-01 1.534206424302518774e-04
1.321365481780958362e-01 9.998633485922668873e-01 9.999741681273247584e-01 1.534767463943532441e-04
1.321785496184020303e-01 1.000006450720068552e+00 9.999741606232795954e-01 1.534584701228050585e-04
1.322205510587082244e-01 9.999242123930924819e-01 9.999741531192343214e-01 1.534410080568268089e-04
1.322625525135663338e-01 9.997469780449487198e-01 9.999741456151867158e-01 1.534206424302518774e-04
1.323045539465965703e-01 1.000014605196870354e+00 9.999741381111427740e-01 1.534206424302518774e-04
1.323465554014546797e-01 9.998318386170785832e-01 9.999741306070949465e-01 1.534206424302518774e-04
1.323885568344849162e-01 9.998517811387080956e-01 9.999741231030512267e-01 1.534206424302518774e-04
1.324305582893430255e-01 9.997806909657479535e-01 9.999741155990033992e-01 1.534206424302518774e-04
1.324725597223732620e-01 9.999997519630625664e-01 9.999741080949594574e-01 1.535034886235043801e-04
1.325145611699554138e-01 9.998164116153371861e-01 9.999741005909131841e-01 1.534206424302518774e-04
1.325565626102616079e-01 9.999366993115167412e-01 9.999740930868679101e-01 1.534206424302518774e-04
1.325985640578437597e-01 9.999606263299997133e-01 9.999740855828216368e-01 1.534206424302518774e-04
1.326405655054259114e-01 9.997812274833830504e-01 9.999740780787750305e-01 1.534276995004634457e-04
1.326825669384561479e-01 9.997112623171571233e-01 9.999740705747314218e-01 1.534206424302518774e-04
1.327245683933142573e-01 1.000006575181466850e+00 9.999740630706837052e-01 1.534599348687071556e-04
1.327665698263444938e-01 9.999724719535723061e-01 9.999740555666396524e-01 1.534206424302518774e-04
1.328085712812026031e-01 1.000019568129692171e+00 9.999740480625919359e-01 1.534206424302518774e-04
1.328505727142328396e-01 9.994913855635321198e-01 9.999740405585483272e-01 1.534206424302518774e-04
1.328925741690909490e-01 1.000332768662193450e+00 9.999740330545003886e-01 1.534206424302518774e-04
1.329345756021211855e-01 1.000094041640001485e+00 9.999740255504565578e-01 1.534206424302518774e-04
1.329765770497033373e-01 9.998051153850501249e-01 9.999740180464101735e-01 1.534206424302518774e-04
1.330185784972854890e-01 9.999226641097360702e-01 9.999740105423636782e-01 1.534353203976827743e-04
1.330605799303157255e-01 1.000000110229763317e+00 9.999740030383197364e-01 1.535544259200252151e-04
1.331025813851738349e-01 9.998062099109806811e-01 9.999739955342721309e-01 1.534206424302518774e-04
1.331445828182040714e-01 9.996089370898024740e-01 9.999739880302281891e-01 1.534206424302518774e-04
1.331865842730621807e-01 9.999767268289962985e-01 9.999739805261803616e-01 1.534206424302518774e-04
1.332285857060924172e-01 1.000100625193529602e+00 9.999739730221366418e-01 1.534206424302518774e-04
1.332705871609505266e-01 1.000043601578874508e+00 9.999739655180888143e-01 1.534206424302518774e-04
1.333125885939807631e-01 1.000017557867568740e+00 9.999739580140448725e-01 1.534206424302518774e-04
1.333545900415629148e-01 9.999952675986910622e-01 9.999739505099985992e-01 1.534206424302518774e-04
1.333965914818691090e-01 1.000309660484732799e+00 9.999739430059533252e-01 1.534206424302518774e-04
1.334385929294512607e-01 1.000001581964759634e+00 9.999739355019070519e-01 1.534206424302518774e-04
1.334805943770334125e-01 1.000146885732753788e+00 9.999739279978604456e-01 1.534216553170136463e-04
1.335225958100636490e-01 9.999778680744572101e-01 9.999739204938168369e-01 1.534206424302518774e-04
1.335645972649217583e-01 1.000117505416847852e+00 9.999739129897688983e-01 1.534206424302518774e-04
1.336065986979519948e-01 9.999435764468470600e-01 9.999739054857250675e-01 1.534206424302518774e-04
1.336486001528101042e-01 9.999929094979651545e-01 9.999738979816773510e-01 1.534206424302518774e-04
1.336906015858403407e-01 9.996411549230955762e-01 9.999738901195652785e-01 1.534206424302518774e-04
1.337326030406984501e-01 9.998749113136908839e-01 9.999738817805609026e-01 1.534206424302518774e-04
1.337746044737286866e-01 1.000041205384174292e+00 9.999738734415606345e-01 1.534206424302518774e-04
1.338166059213108383e-01 9.999907318822641722e-01 9.999738651025578129e-01 1.534388324172022966e-04
1.338586073688929901e-01 9.999445992997100241e-01 9.999738567635547692e-01 1.534206424302518774e-04
1.339006088019232266e-01 1.000081019849441422e+00 9.999738484245546122e-01 1.534206424302518774e-04
1.339426102567813359e-01 1.000026744175610993e+00 9.999738400855500142e-01 1.534206424302518774e-04
1.339846116898115724e-01 9.998135575540952891e-01 9.999738317465499682e-01 1.534288139454240499e-04
1.340266131446696818e-01 9.998909581977819538e-01 9.999738234075455923e-01 1.534206424302518774e-04
1.340686145776999183e-01 9.997499901417226109e-01 9.999738150685454352e-01 1.534206424302518774e-04
1.341106160325580277e-01 1.000047591093998101e+00 9.999738067295410593e-01 1.534206424302518774e-04
1.341526174655882642e-01 1.000031663981496122e+00 9.999737983905407912e-01 1.534206424302518774e-04
1.341946189131704159e-01 9.996764147617208662e-01 9.999737900515377476e-01 1.534206424302518774e-04
1.342366203534766100e-01 9.996654108251835646e-01 9.999737817125362582e-01 1.534206424302518774e-04
1.342786218010587618e-01 9.999609845593278035e-01 9.999737733735334366e-01 1.535487031656676343e-04
1.343206232486409135e-01 9.999296937806964047e-01 9.999737650345303930e-01 1.534216481010740221e-04
1.343626246816711500e-01 1.000031412272865516e+00 9.999737566955303469e-01 1.534206424302518774e-04
1.344046261365292594e-01 9.999170027730551746e-01 9.999737483565257490e-01 1.534395130062943247e-04
1.344466275695594959e-01 9.999247983306681631e-01 9.999737400175255919e-01 1.534206424302518774e-04
1.344886290244176053e-01 9.998901059228455512e-01 9.999737316785212160e-01 1.534206424302518774e-04
1.345306304574478418e-01 1.000027859486535720e+00 9.999737233395210589e-01 1.534206424302518774e-04
1.345726319123059511e-01 9.999336580438082933e-01 9.999737150005167940e-01 1.534206424302518774e-04
1.346146333453361876e-01 9.997384754062532686e-01 9.999737066615164149e-01 1.534206424302518774e-04
1.346566347929183394e-01 1.000079346756481691e+00 9.999736983225135933e-01 1.535183870722679040e-04
1.346986362405004911e-01 9.998478669875607849e-01 9.999736899190240225e-01 1.534301766263938219e-04
1.347406376735307276e-01 9.998037847428595803e-01 9.999736811931670966e-01 1.534206424302518774e-04
1.347826391283888370e-01 1.000218699508973907e+00 9.999736724673058408e-01 1.534410222295179600e-04
1.348246405614190735e-01 9.999843060815680751e-01 9.999736637414489149e-01 1.534206424302518774e-04
1.348666420162771828e-01 9.998989678334552211e-01 9.999736550155872150e-01 1.534206424302518774e-04
1.349086434493074194e-01 9.999260546015280582e-01 9.999736462897302891e-01 1.534206424302518774e-04
1.349506449041655287e-01 1.000059304625453116e+00 9.999736375638688113e-01 1.534206424302518774e-04
1.349926463371957652e-01 1.000078984313869546e+00 9.999736288380116633e-01 1.534206424302518774e-04
1.350346477847779170e-01 9.999748474360254935e-01 9.999736201121517398e-01 1.534553829220288161e-04
1.350766492250841111e-01 1.000274869391608590e+00 9.999736113862932596e-01 1.534218348794812430e-04
1.351186506726662628e-01 9.999463355906076378e-01 9.999736026604335581e-01 1.534206424302518774e-04
1.351606521202484146e-01 9.997086718187234711e-01 9.999735939345733016e-01 1.534206424302518774e-04
1.352026535532786511e-01 9.999102909503193581e-01 9.999735852087164867e-01 1.534206424302518774e-04
1.352446550081367604e-01 9.998995474921869020e-01 9.999735764828548978e-01 1.534206424302518774e-04
1.352866564411669970e-01 1.000023482755089343e+00 9.999735677569979719e-01 1.534206424302518774e-04
1.353286578960251063e-01 9.998269547643310329e-01 9.999735590311364941e-01 1.534490326639900031e-04
1.353706593290553428e-01 1.000045024671455174e+00 9.999735503052793462e-01 1.534206424302518774e-04
1.354126607839134522e-01 9.999497937563095462e-01 9.999735415794180904e-01 1.534206424302518774e-04
1.354546622169436887e-01 1.000027212726035675e+00 9.999735328535609424e-01 1.534597898597840735e-04
1.354966636645258404e-01 1.000067266861840665e+00 9.999735241277010189e-01 1.534206424302518774e-04
1.355386651048320346e-01 1.000161778882522112e+00 9.999735154018425387e-01 1.534711917888325586e-04
1.355806665451382287e-01 1.000081614990734113e+00 9.999735066759841695e-01 1.534206424302518774e-04
1.356226679999963380e-01 9.999214277652341831e-01 9.999734979501225807e-01 1.534206424302518774e-04
1.356646694330265746e-01 1.000151133257907832e+00 9.999734892242657658e-01 1.534206424302518774e-04
1.357066708878846839e-01 9.996372897106251543e-01 9.999734804984039549e-01 1.534333694889004874e-04
1.357486723209149204e-01 1.000196333622210609e+00 9.999734717725471400e-01 1.534206424302518774e-04
1.357906737757730298e-01 1.000097289355581287e+00 9.999734630466857732e-01 1.534792214691609209e-04
1.358326752088032663e-01 9.998703472546971449e-01 9.999734543208287363e-01 1.535610259656558973e-04
1.358746766563854180e-01 1.000098923652109173e+00 9.999734455949687018e-01 1.534235417046997580e-04
1.359166780966916122e-01 1.000045499834078200e+00 9.999734368691102215e-01 1.534206424302518774e-04
1.359586795442737639e-01 1.000138612660806725e+00 9.999734281432502980e-01 1.534222841650183754e-04
1.360006809845799580e-01 9.999131113607978572e-01 9.999734194173915958e-01 1.534206424302518774e-04
1.360426824248861521e-01 9.999890411966774195e-01 9.999734106915332266e-01 1.534206424302518774e-04
1.360846838724683039e-01 1.000267879419195705e+00 9.999734019656731920e-01 1.534206424302518774e-04
1.361266853127744980e-01 9.996326473265362278e-01 9.999733932398148228e-01 1.534525158957611901e-04
1.361686867676326074e-01 9.999828804443879893e-01 9.999733845139532340e-01 1.534206424302518774e-04
1.362106882006628439e-01 9.999488304102736036e-01 9.999733757880964191e-01 1.534255321367471582e-04
1.362526896555209532e-01 1.000190857683364687e+00 9.999733670622348303e-01 1.534206424302518774e-04
1.362946910885511898e-01 9.999860865861721626e-01 9.999733583363780154e-01 1.534206424302518774e-04
1.363366925361333415e-01 1.000132350052920893e+00 9.999733496105179809e-01 1.534206424302518774e-04
1.363786939764395356e-01 9.999589832991221394e-01 9.999733408846593896e-01 1.534206424302518774e-04
1.364206954167457297e-01 1.000146736784083501e+00 9.999733321588009094e-01 1.534206424302518774e-04
1.364626968643278815e-01 9.998010691515065718e-01 9.999733234329407638e-01 1.534206424302518774e-04
1.365046983046340756e-01 1.000049520522156010e+00 9.999733147070825057e-01 1.534206424302518774e-04
1.365466997522162274e-01 9.998773812188311849e-01 9.999733059812225822e-01 1.534206424302518774e-04
1.365887011925224215e-01 1.000197467762206083e+00 9.999732972553638799e-01 1.534206424302518774e-04
1.366307026401045732e-01 9.998128654889563149e-01 9.999732885295038454e-01 1.534206424302518774e-04
1.366727040804107673e-01 9.999860263717256226e-01 9.999732798036456982e-01 1.534206424302518774e-04
1.367147055279929191e-01 1.000148165395810196e+00 9.999732710777854416e-01 1.534206424302518774e-04
1.367567069682991132e-01 1.000093160452452112e+00 9.999732623519270724e-01 1.534206424302518774e-04
1.367987084158812650e-01 9.998251014048586960e-01 9.999732536260670379e-01 1.534206424302518774e-04
1.368407098561874591e-01 9.998503384026853347e-01 9.999732449002084467e-01 1.534223005896237307e-04
1.368827112964936532e-01 1.000011540701217116e+00 9.999732361743501885e-01 1.534549017918463549e-04
1.369247127440758049e-01 9.997304459884407413e-01 9.999732274484900429e-01 1.534242200894644079e-04
1.369667141843819991e-01 9.998846692113447787e-01 9.999732187226315627e-01 1.534206424302518774e-04
1.370087156319641508e-01 1.000043869595641510e+00 9.999732099967716392e-01 1.534206424302518774e-04
1.370507170722703449e-01 1.000013676232677229e+00 9.999732012709131590e-01 1.534264744999390060e-04
1.370927185198524967e-01 1.000053674440532392e+00 9.999731925450532355e-01 1.534206424302518774e-04
1.371347199601586908e-01 1.000072987969812033e+00 9.999731824397891655e-01 1.534206424302518774e-04
1.371767214004648849e-01 9.999754876766091538e-01 9.999731719495748017e-01 1.534206424302518774e-04
1.372187228480470367e-01 1.000124466444650473e+00 9.999731614593585505e-01 1.534206424302518774e-04
1.372607242883532308e-01 9.997296136816874457e-01 9.999731531871244306e-01 1.534244841626800678e-04
1.373027257359353825e-01 1.000034768955618381e+00 9.999731449884559087e-01 1.534206424302518774e-04
1.373447271762415767e-01 9.998612859024315069e-01 9.999731367897886081e-01 1.534206424302518774e-04
1.373867286238237284e-01 9.999678781018240814e-01 9.999731285911200862e-01 1.534326184834246352e-04
1.374287300641299225e-01 9.999977459241857769e-01 9.999731203924527856e-01 1.534206424302518774e-04
1.374707315117120743e-01 9.999132288200642815e-01 9.999731121937842637e-01 1.534207007725404785e-04
1.375127329520182684e-01 1.000110920629865952e+00 9.999731039951169631e-01 1.534242880613646788e-04
1.375547343923244625e-01 1.000188397165980625e+00 9.999730957964499956e-01 1.534380153621238353e-04
1.375967358399066143e-01 1.000111459253859580e+00 9.999730875977813627e-01 1.534206424302518774e-04
1.376387372802128084e-01 1.000042593306200933e+00 9.999730793991141731e-01 1.534206424302518774e-04
1.376807387277949601e-01 1.000003449734889305e+00 9.999730712004457622e-01 1.534206424302518774e-04
1.377227401608251967e-01 1.000057944096257589e+00 9.999730630017799049e-01 1.534206424302518774e-04
1.377647416156833060e-01 1.000441548818084669e+00 9.999730548031099397e-01 1.534206424302518774e-04
1.378067430487135425e-01 9.999767154251585355e-01 9.999730466044440824e-01 1.534900937265047433e-04
1.378487445035716519e-01 9.999344903901734583e-01 9.999730384057741173e-01 1.534206424302518774e-04
1.378907459438778460e-01 9.998178809008507750e-01 9.999730302071069277e-01 1.534206424302518774e-04
1.379327473914599977e-01 1.000218401310713601e+00 9.999730220084382948e-01 1.534317235163354550e-04
1.379747488317661919e-01 9.999285843949119457e-01 9.999730138097713272e-01 1.534206424302518774e-04
1.380167502720723860e-01 1.000057436260384236e+00 9.999730056111040266e-01 1.534206424302518774e-04
1.380587517196545377e-01 9.999530441963223604e-01 9.999729974124355047e-01 1.534240221828030799e-04
1.381007531526847742e-01 1.000014367400807513e+00 9.999729892137697584e-01 1.534206424302518774e-04
1.381427546075428836e-01 1.000231891090147984e+00 9.999729810150996823e-01 1.534206424302518774e-04
1.381847560405731201e-01 1.000097405812957696e+00 9.999729728164339360e-01 1.534206424302518774e-04
1.382267574954312295e-01 9.998244679115804168e-01 9.999729646177640818e-01 1.534206424302518774e-04
1.382687589284614660e-01 9.998992706034861566e-01 9.999729564190981135e-01 1.534703805803356712e-04
1.383107603833195753e-01 9.998959379778099565e-01 9.999729488811754941e-01 1.534567950856816217e-04
1.383527618163498119e-01 9.999822148987597137e-01 9.999729427292549655e-01 1.534206424302518774e-04
1.383947632639319636e-01 1.000034951562251972e+00 9.999729365773316614e-01 1.534538777530634391e-04
1.384367647042381577e-01 1.000080036437909214e+00 9.999729304254098006e-01 1.534206424302518774e-04
1.384787661518203095e-01 9.997998570511028582e-01 9.999729242734868295e-01 1.534984961218330821e-04
1.385207675994024612e-01 9.997783968739717420e-01 9.999729181215637475e-01 1.534355700938578335e-04
1.385627690324326977e-01 9.998415903739091837e-01 9.999729119696429969e-01 1.534206424302518774e-04
1.386047704872908071e-01 1.000159610924210574e+00 9.999729058177188046e-01 1.534206424302518774e-04
1.386467719203210436e-01 9.999637888506107686e-01 9.999728996657980540e-01 1.534206424302518774e-04
1.386887733751791529e-01 1.000025801229089684e+00 9.999728935138738617e-01 1.534206424302518774e-04
1.387307748082093894e-01 1.000024280461901283e+00 9.999728873619531111e-01 1.534206424302518774e-04
1.387727762630674988e-01 9.998926619136833116e-01 9.999728812100286968e-01 1.534206424302518774e-04
1.388147776960977353e-01 9.999655300382132017e-01 9.999728750581081682e-01 1.534206424302518774e-04
1.388567791436798871e-01 9.999149230629240659e-01 9.999728689061848641e-01 1.534722213230892336e-04
1.388987805839860812e-01 9.997605341259263589e-01 9.999728627542630033e-01 1.534291136259963726e-04
1.389407820242922753e-01 9.999218566658902851e-01 9.999728566023410314e-01 1.534206424302518774e-04
1.389827834718744271e-01 1.000190410191088786e+00 9.999728504504182824e-01 1.534206424302518774e-04
1.390247849121806212e-01 9.996944065311161864e-01 9.999728442984960886e-01 1.534206424302518774e-04
1.390667863597627729e-01 1.000000948535175516e+00 9.999728381465731175e-01 1.534212369236501259e-04
1.391087878000689670e-01 9.998908737146908754e-01 9.999728319946511457e-01 1.534249096921836829e-04
1.391507892476511188e-01 9.998516203959192383e-01 9.999728258427281746e-01 1.534206424302518774e-04
1.391927906879573129e-01 9.998787800088967392e-01 9.999728196908063138e-01 1.534469180008072957e-04
1.392347921355394647e-01 9.999518697118341404e-01 9.999728135388832317e-01 1.534206424302518774e-04
1.392767935758456588e-01 1.000239074424749353e+00 9.999728073869613709e-01 1.534242576680024811e-04
1.393187950234278105e-01 9.999155672751662838e-01 9.999727995107452472e-01 1.534206424302518774e-04
1.393607964637340046e-01 1.000117869126065706e+00 9.999727912467554214e-01 1.534523430901776810e-04
1.394027979040401988e-01 1.000034517013620450e+00 9.999727829827654846e-01 1.534206424302518774e-04
1.394447993516223505e-01 1.000071124189997995e+00 9.999727747187742155e-01 1.534206424302518774e-04
1.394868007919285446e-01 9.999140129957767575e-01 9.999727664547843897e-01 1.534353233080913150e-04
1.395288022395106964e-01 1.000177473810267559e+00 9.999727581907931206e-01 1.534241299217739822e-04
1.395708036798168905e-01 1.000207252900518373e+00 9.999727499268031838e-01 1.534206424302518774e-04
1.396128051273990422e-01 1.000031081716948433e+00 9.999727416628120258e-01 1.534212384922531479e-04
1.396548065677052364e-01 9.999534931394991055e-01 9.999727333988220890e-01 1.534228266129752623e-04
1.396968080080114305e-01 1.000248366130137567e+00 9.999727251348321522e-01 1.534206424302518774e-04
1.397388094555935822e-01 1.000022521996669411e+00 9.999727168708409941e-01 1.534206424302518774e-04
1.397808108886238188e-01 9.998497438527969017e-01 9.999727086068523896e-01 1.534206424302518774e-04
1.398228123434819281e-01 1.000428755975670159e+00 9.999727003428598993e-01 1.534206424302518774e-04
1.398648137765121646e-01 1.000085591209501024e+00 9.999726920788715168e-01 1.534206424302518774e-04
1.399068152313702740e-01 9.999521887528433073e-01 9.999726838148786934e-01 1.534206424302518774e-04
1.399488166644005105e-01 9.997113501222061327e-01 9.999726755508901999e-01 1.534206424302518774e-04
1.399908181192586198e-01 1.000121384793577262e+00 9.999726672868975985e-01 1.534206424302518774e-04
1.400328195595648140e-01 9.997711396813165896e-01 9.999726590229076617e-01 1.534206424302518774e-04
1.400748209998710081e-01 1.000033779513631149e+00 9.999726515190304754e-01 1.534206424302518774e-04
1.401168224474531598e-01 1.000142247819365338e+00 9.999726453558460681e-01 1.534206424302518774e-04
1.401588238877593540e-01 1.000028619098937588e+00 9.999726391926629931e-01 1.534206424302518774e-04
1.402008253353415057e-01 9.999432809985651094e-01 9.999726330294790300e-01 1.534206424302518774e-04
1.402428267683717422e-01 9.999267090878167785e-01 9.999726268662969542e-01 1.534206424302518774e-04
1.402848282232298516e-01 1.000005527423016405e+00 9.999726207031116587e-01 1.534206424302518774e-04
1.403268296562600881e-01 9.999703633694052574e-01 9.999726145399299160e-01 1.534575668186686256e-04
1.403688311111181974e-01 1.000053705631296364e+00 9.999726083767447316e-01 1.534206424302518774e-04
1.404108325441484340e-01 9.998694498276531339e-01 9.999726022135625447e-01 1.534313691403510873e-04
1.404528339990065433e-01 1.000203476311970041e+00 9.999725960503772493e-01 1.534230672565872603e-04
1.404948354320367798e-01 1.000055234533574700e+00 9.999725898871955065e-01 1.534206424302518774e-04
1.405368368796189316e-01 1.000093886364245455e+00 9.999725837240114323e-01 1.534542786301638885e-04
1.405788383199251257e-01 1.000207417533261145e+00 9.999725775608281353e-01 1.534206424302518774e-04
1.406208397602313198e-01 1.000091667308160348e+00 9.999725713976450603e-01 1.534319801907213835e-04
1.406628412078134716e-01 1.000035814351849073e+00 9.999725652344612081e-01 1.534206424302518774e-04
1.407048426481196657e-01 9.998119773710041347e-01 9.999725590712781331e-01 1.534206424302518774e-04
1.407468440957018174e-01 1.000088314217306040e+00 9.999725529080937259e-01 1.534206424302518774e-04
1.407888455360080115e-01 9.998649157949132116e-01 9.999725465638596988e-01 1.534206424302518774e-04
1.408308469835901633e-01 1.000023497948793638e+00 9.999725387577015345e-01 1.534206424302518774e-04
1.408728484238963574e-01 1.000037781576090801e+00 9.999725309515448135e-01 1.534206424302518774e-04
1.409148498642025515e-01 1.000298189853247699e+00 9.999725231453882035e-01 1.534252643380626445e-04
1.409568513117847033e-01 9.997660214222950925e-01 9.999725153392300392e-01 1.534206424302518774e-04
1.409988527593668550e-01 1.000130906361376582e+00 9.999725075330719859e-01 1.534206424302518774e-04
1.410408541996730492e-01 1.000053835134600666e+00 9.999724997269153759e-01 1.534206424302518774e-04
1.410828556399792433e-01 1.000023995140145505e+00 9.999724919207587659e-01 1.534206424302518774e-04
1.411248570875613950e-01 1.000212971556339925e+00 9.999724841146004906e-01 1.534206424302518774e-04
1.411668585278675891e-01 9.997458704317944145e-01 9.999724763084438806e-01 1.534350586425066464e-04
1.412088599754497409e-01 1.000105220951422069e+00 9.999724685022856052e-01 1.534206424302518774e-04
1.412508614157559350e-01 9.999232133596913652e-01 9.999724606961292173e-01 1.534207458645915840e-04
1.412928628560621291e-01 9.999548139617595588e-01 9.999724528899723852e-01 1.534206424302518774e-04
1.413348643036442809e-01 9.996489252213323073e-01 9.999724450838141099e-01 1.534324440981713815e-04
1.413768657439504750e-01 9.999632281428438851e-01 9.999724372776577219e-01 1.534206424302518774e-04
1.414188671915326267e-01 1.000138116837771207e+00 9.999724294714995576e-01 1.534206424302518774e-04
1.414608686245628633e-01 9.999516006687064751e-01 9.999724216653441689e-01 1.534206424302518774e-04
1.415028700794209726e-01 1.000052745970918311e+00 9.999724138591848943e-01 1.534235984198362515e-04
1.415448715124512091e-01 1.000008131029626490e+00 9.999724060530292835e-01 1.534206424302518774e-04
1.415868729673093185e-01 9.997864255014358159e-01 9.999723982468700090e-01 1.534206424302518774e-04
1.416288744003395550e-01 9.999293348246933721e-01 9.999723904407147312e-01 1.534206424302518774e-04
1.416708758551976644e-01 1.000155614555325201e+00 9.999723826345551236e-01 1.534206424302518774e-04
1.417128772882279009e-01 1.000007455895854935e+00 9.999723748283998459e-01 1.534206424302518774e-04
1.417548787358100526e-01 9.998719193022205243e-01 9.999723670222419036e-01 1.534332857768904530e-04
1.417968801761162467e-01 1.000095788169808264e+00 9.999723592160849606e-01 1.534206424302518774e-04
1.418388816236983985e-01 1.000076136474498556e+00 9.999723514099272403e-01 1.534206424302518774e-04
1.418808830640045926e-01 9.999538952804449821e-01 9.999723436037702973e-01 1.534206424302518774e-04
1.419228845043107867e-01 9.999413697719191640e-01 9.999723357976134652e-01 1.534206424302518774e-04
1.419648859518929385e-01 9.999660144274787887e-01 9.999723279914557450e-01 1.534367884198397085e-04
1.420068873921991326e-01 1.000048520780185912e+00 9.999723201852988019e-01 1.534333597602219855e-04
1.420488888397812843e-01 1.000043916630953378e+00 9.999723123791408597e-01 1.534580328708832955e-04
1.420908902800874785e-01 1.000146086148143931e+00 9.999723045729841386e-01 1.535208213075771040e-04
1.421328917203936726e-01 9.997551770567483231e-01 9.999722967668273066e-01 1.534670107230048540e-04
1.421748931679758243e-01 9.999647618362166313e-01 9.999722889606693643e-01 1.534206424302518774e-04
1.422168946155579761e-01 9.999787936909354524e-01 9.999722811545113110e-01 1.534248159534058753e-04
1.422588960558641702e-01 9.999337176426518203e-01 9.999722733483544790e-01 1.534206424302518774e-04
1.423008974961703643e-01 9.999294783677059595e-01 9.999722655421978690e-01 1.534206424302518774e-04
1.423428989437525161e-01 9.998194048239394949e-01 9.999722577360398157e-01 1.534260986755984449e-04
1.423849003840587102e-01 1.000120430175271746e+00 9.999722499298829836e-01 1.535244883081144458e-04
1.424269018316408619e-01 9.998822871243057131e-01 9.999722421237251524e-01 1.534206424302518774e-04
1.424689032719470561e-01 9.998259134907576673e-01 9.999722343175683203e-01 1.534198440297249524e-04
1.425109047195292078e-01 9.999196827456935388e-01 9.999722265114101560e-01 1.534206424302518774e-04
1.425529061598354019e-01 9.996943364425285861e-01 9.999722187052534350e-01 1.534376004712878201e-04
1.425949076001415960e-01 1.000097751373728583e+00 9.999722108990968250e-01 1.534226967366290396e-04
1.426369090477237478e-01 1.000037323790675670e+00 9.999722030929388827e-01 1.534206424302518774e-04
1.426789104880299419e-01 9.999170888316559758e-01 9.999721952867819397e-01 1.534206424302518774e-04
1.427209119356120937e-01 9.999682731753164466e-01 9.999721874806239974e-01 1.534206424302518774e-04
1.427629133686423302e-01 9.998263965020922628e-01 9.999721796744686086e-01 1.534206424302518774e-04
1.428049148235004395e-01 1.000016202100113105e+00 9.999721718683093341e-01 1.534242427299830724e-04
1.428469162565306760e-01 9.999920944357286734e-01 9.999721640621538343e-01 1.534206424302518774e-04
1.428889177113887854e-01 9.997577995124502515e-01 9.999721562559942267e-01 1.534206424302518774e-04
1.429309191444190219e-01 1.000005215522667301e+00 9.999721484498391710e-01 1.534206424302518774e-04
1.429729205920011736e-01 9.998725862359669758e-01 9.999721406436810067e-01 1.534228174868510625e-04
1.430149220323073678e-01 1.000080024814547608e+00 9.999721328375245077e-01 1.534962139588196646e-04
1.430569234798895195e-01 1.000097225133248946e+00 9.999721250313663434e-01 1.535392213608940872e-04
1.430989249201957136e-01 9.999635187694855265e-01 9.999721172252094004e-01 1.534206424302518774e-04
1.431409263605019078e-01 1.000091702052573917e+00 9.999721083391867049e-01 1.534206424302518774e-04
1.431829278080840595e-01 1.000230831540195098e+00 9.999720984488549291e-01 1.534206424302518774e-04
1.432249292483902536e-01 9.999589206353225457e-01 9.999720885585244856e-01 1.534206424302518774e-04
1.432669306959724054e-01 1.000028469554077315e+00 9.999720786681928208e-01 1.534330938354295452e-04
1.433089321362785995e-01 9.998759629065714361e-01 9.999720687778623773e-01 1.534206424302518774e-04
1.433509335838607512e-01 9.999701827486382477e-01 9.999720588875306015e-01 1.534206424302518774e-04
1.433929350241669454e-01 1.000107630326765751e+00 9.999720489972001580e-01 1.534206424302518774e-04
1.434349364644731395e-01 9.999769800020993360e-01 9.999720391068701586e-01 1.534206424302518774e-04
1.434769379120552912e-01 9.999464700227788105e-01 9.999720292165379387e-01 1.534206424302518774e-04
1.435189393523614854e-01 1.000087135438423314e+00 9.999720193262079393e-01 1.534520421740247101e-04
1.435609407999436371e-01 1.000224482376142365e+00 9.999720094358760525e-01 1.534206424302518774e-04
1.436029422329738736e-01 1.000026495683856931e+00 9.999719995455476074e-01 1.534206424302518774e-04
1.436449436878319830e-01 9.999631717910854034e-01 9.999719896552138332e-01 1.534883698221763463e-04
1.436869451208622195e-01 1.000071162964873528e+00 9.999719797648853881e-01 1.534206424302518774e-04
1.437289465757203288e-01 1.000106153546294063e+00 9.999719698745516139e-01 1.534311780058831068e-04
1.437709480087505654e-01 9.998014692964747319e-01 9.999719599842231688e-01 1.534206424302518774e-04
1.438129494563327171e-01 1.000129971820420849e+00 9.999719500938911709e-01 1.534206424302518774e-04
1.438549508966389112e-01 9.999964300226310554e-01 9.999719402035609495e-01 1.534234116205688181e-04
1.438969523442210630e-01 9.999146981909350362e-01 9.999719303132290626e-01 1.534206424302518774e-04
1.439389537845272571e-01 9.999839451984162686e-01 9.999719204228988412e-01 1.534206424302518774e-04
1.439809552248334512e-01 9.997143037676455846e-01 9.999719105325686197e-01 1.534783749030936735e-04
1.440229566724156030e-01 9.999327459953227804e-01 9.999719006422366219e-01 1.534206424302518774e-04
1.440649581127217971e-01 9.999819742021792690e-01 9.999718907519066224e-01 1.534206424302518774e-04
1.441069595603039488e-01 9.996712070987965326e-01 9.999718808615744026e-01 1.535359337570141194e-04
1.441489610006101429e-01 1.000022849749964804e+00 9.999718709712444031e-01 1.534206424302518774e-04
1.441909624481922947e-01 1.000072087946493937e+00 9.999718610809122943e-01 1.534206424302518774e-04
1.442329638884984888e-01 9.997511100370769510e-01 9.999718511905822949e-01 1.534206424302518774e-04
1.442749653360806406e-01 9.997626354440954932e-01 9.999718413002500750e-01 1.534206424302518774e-04
1.443169667763868347e-01 9.999887859860032702e-01 9.999718314099200756e-01 1.534206424302518774e-04
1.443589682239689864e-01 9.997709770177095612e-01 9.999718215195880777e-01 1.534206424302518774e-04
1.444009696642751805e-01 9.999489553887024318e-01 9.999718116292578562e-01 1.535206401192551625e-04
1.444429711045813747e-01 9.998362418562277698e-01 9.999718017389274127e-01 1.534464233310850923e-04
1.444849725521635264e-01 1.000014623948089376e+00 9.999717918485956369e-01 1.534206424302518774e-04
1.445269739924697205e-01 9.998857965638885403e-01 9.999717819582653044e-01 1.534457030955941345e-04
1.445689754400518723e-01 9.998166973104640753e-01 9.999717720679335287e-01 1.534206424302518774e-04
1.446109768803580664e-01 1.000023701649360053e+00 9.999717621776033072e-01 1.534206424302518774e-04
1.446529783206642605e-01 1.000104103581617832e+00 9.999717522872730857e-01 1.534206424302518774e-04
1.446949797682464123e-01 9.999526771607503139e-01 9.999717423969410879e-01 1.534270228618604692e-04
1.447369812085526064e-01 9.997732919311190791e-01 9.999717325066108664e-01 1.534206424302518774e-04
1.447789826561347581e-01 9.998800234638036688e-01 9.999717226162788686e-01 1.534206424302518774e-04
1.448209840891649947e-01 1.000093543166270305e+00 9.999717127259504235e-01 1.534232813415482280e-04
1.448629855440231040e-01 9.999262955230423522e-01 9.999717028356167603e-01 1.534206424302518774e-04
1.449049869770533405e-01 1.000123285851119537e+00 9.999716929452883152e-01 1.534206424302518774e-04
1.449469884319114499e-01 9.999485247937619503e-01 9.999716830549545410e-01 1.534206424302518774e-04
1.449889898649416864e-01 1.000014104965358808e+00 9.999716731646260959e-01 1.534206424302518774e-04
1.450309913197997957e-01 1.000272135610306146e+00 9.999716632742925437e-01 1.534206424302518774e-04
1.450729927528300323e-01 9.996892826761505368e-01 9.999716533839638766e-01 1.534206424302518774e-04
1.451149942004121840e-01 9.999451233165052022e-01 9.999716434936318787e-01 1.534246066207772244e-04
1.451569956407183781e-01 1.000201843509067379e+00 9.999716336033016573e-01 1.534206424302518774e-04
1.451989970883005299e-01 1.000111475750062651e+00 9.999716237129699925e-01 1.534206424302518774e-04
1.452409985286067240e-01 1.000095715659833573e+00 9.999716138226395490e-01 1.534206424302518774e-04
1.452829999689129181e-01 1.000060105965209667e+00 9.999716039323095496e-01 1.534206424302518774e-04
1.453250014164950699e-01 1.000233722907250655e+00 9.999715940419773297e-01 1.534249525710721924e-04
1.453670028568012640e-01 9.998811757028150948e-01 9.999715841516473303e-01 1.534206424302518774e-04
1.454090043043834157e-01 9.999565484012030714e-01 9.999715742613151104e-01 1.534206424302518774e-04
1.454510057446896099e-01 9.999636759195718039e-01 9.999715643709851109e-01 1.534206424302518774e-04
1.454930071849958040e-01 9.999181639794529897e-01 9.999715544806546674e-01 1.534206424302518774e-04
1.455350086325779557e-01 9.999656178807304618e-01 9.999715445903230027e-01 1.534206424302518774e-04
1.455770100728841498e-01 1.000006650151067822e+00 9.999715346999925591e-01 1.534206424302518774e-04
1.456190115204663016e-01 1.000154531048388806e+00 9.999715248096607834e-01 1.534206424302518774e-04
1.456610129534965381e-01 1.000141059181139491e+00 9.999715149193321162e-01 1.534206424302518774e-04
1.457030144083546475e-01 1.000103723037234049e+00 9.999715050289985641e-01 1.534499010030567509e-04
1.457450158413848840e-01 9.998113869105016427e-01 9.999714951386698969e-01 1.534206424302518774e-04
1.457870172962429933e-01 1.000199934435044513e+00 9.999714852483364558e-01 1.534206424302518774e-04
1.458290187292732298e-01 1.000037666976381523e+00 9.999714753580076776e-01 1.534206424302518774e-04
1.458710201841313392e-01 1.000167875845264120e+00 9.999714654676742365e-01 1.534206424302518774e-04
1.459130216171615757e-01 1.000144281665151569e+00 9.999714555773455693e-01 1.534206424302518774e-04
1.459550230647437274e-01 9.996823383618890224e-01 9.999714456870137935e-01 1.534206424302518774e-04
1.459970245050499216e-01 1.000083266041096541e+00 9.999714357966835721e-01 1.534206424302518774e-04
1.460390259453561157e-01 1.000126603938076064e+00 9.999714259063533506e-01 1.534206424302518774e-04
1.460810273929382674e-01 1.000049040266464573e+00 9.999714160160215748e-01 1.534206424302518774e-04
1.461230288332444616e-01 9.999607108134921374e-01 9.999714061256911313e-01 1.534206424302518774e-04
1.461650302808266133e-01 1.000150893873222202e+00 9.999713962353594665e-01 1.534247338162564713e-04
1.462070317211328074e-01 1.000039458272860227e+00 9.999713863450290230e-01 1.534228174868510625e-04
1.462490331687149592e-01 1.000011882693690124e+00 9.999713764546972472e-01 1.534206424302518774e-04
1.462910346090211533e-01 9.999165046300502180e-01 9.999713665643668037e-01 1.534206424302518774e-04
1.463330360493273474e-01 9.999948786773862341e-01 9.999713566740368043e-01 1.534302819544859631e-04
1.463750374969094992e-01 9.998182087671001472e-01 9.999713467837045844e-01 1.534206424302518774e-04
1.464170389372156933e-01 1.000151783463750998e+00 9.999713368933745850e-01 1.534206424302518774e-04
1.464590403847978450e-01 1.000094227921963785e+00 9.999713270030424761e-01 1.534206424302518774e-04
1.465010418178280815e-01 1.000225290768357311e+00 9.999713171127139200e-01 1.534206424302518774e-04
1.465430432726861909e-01 9.999447777404903981e-01 9.999713072223804788e-01 1.534206424302518774e-04
1.465850447057164274e-01 1.000029589214015413e+00 9.999712973320520337e-01 1.534206424302518774e-04
1.466270461605745368e-01 1.000135575661109000e+00 9.999712874417182595e-01 1.534206424302518774e-04
1.466690475936047733e-01 9.999904561875225806e-01 9.999712775513898144e-01 1.534206424302518774e-04
1.467110490484628826e-01 9.996895543090734693e-01 9.999712676610560402e-01 1.534206424302518774e-04
1.467530504814931192e-01 9.997418975783690653e-01 9.999712577707275951e-01 1.534208372229005769e-04
1.467950519290752709e-01 9.998376877156854858e-01 9.999712478803957083e-01 1.534206424302518774e-04
1.468370533693814650e-01 9.999506247442712104e-01 9.999712379900654868e-01 1.534206424302518774e-04
1.468790548096876591e-01 9.998410047445731585e-01 9.999712280997350433e-01 1.534206424302518774e-04
1.469210562572698109e-01 1.000072480803018582e+00 9.999712182094032675e-01 1.534206424302518774e-04
1.469630576903000474e-01 9.999107586604610853e-01 9.999712083190748224e-01 1.534206424302518774e-04
1.470050591451581568e-01 9.999602021093528803e-01 9.999711984287410482e-01 1.534206424302518774e-04
1.470470605781883933e-01 9.998951063616712265e-01 9.999711885384126031e-01 1.534206424302518774e-04
1.470890620330465026e-01 1.000185047621043433e+00 9.999711786480788289e-01 1.534206424302518774e-04
1.471310634660767391e-01 9.999632852053432774e-01 9.999711687577503838e-01 1.534206424302518774e-04
1.471730649136588909e-01 1.000086733160919117e+00 9.999711588674184970e-01 1.534206424302518774e-04
1.472150663539650850e-01 9.998656212355643280e-01 9.999711489770882755e-01 1.534221264974348778e-04
1.472570678015472367e-01 1.000269092294034046e+00 9.999711390867562777e-01 1.534248174419959154e-04
1.472990692418534309e-01 1.000283001782689807e+00 9.999711291964260562e-01 1.534431147072043888e-04
1.473410706821596250e-01 9.993766458418086307e-01 9.999711193060958347e-01 1.534206424302518774e-04
1.473830721297417767e-01 9.997261428086584578e-01 9.999711094157640590e-01 1.534206424302518774e-04
1.474250735700479709e-01 1.000126170269631576e+00 9.999710995254336154e-01 1.534206424302518774e-04
1.474670750176301226e-01 1.000085554397581955e+00 9.999710896351018397e-01 1.534206424302518774e-04
1.475090764579363167e-01 9.999856405955510619e-01 9.999710797447715072e-01 1.534206424302518774e-04
1.475510779055184685e-01 9.999418750860030736e-01 9.999710698544397314e-01 1.534206424302518774e-04
1.475930793458246626e-01 9.998593855314457102e-01 9.999710599641092879e-01 1.534197331977142013e-04
1.476350807861308567e-01 9.999024376796845637e-01 9.999710500737792884e-01 1.534206424302518774e-04
1.476770822337130085e-01 9.996776404550908879e-01 9.999710401834470686e-01 1.534206424302518774e-04
1.477190836667432450e-01 9.998802082821527382e-01 9.999710302931188455e-01 1.534206424302518774e-04
1.477610851216013543e-01 9.999852823006104563e-01 9.999710204027848492e-01 1.534206424302518774e-04
1.478030865546315908e-01 9.998981555515612518e-01 9.999710105124566262e-01 1.534326511476298788e-04
1.478450880094897002e-01 9.998899701504728732e-01 9.999710006221227410e-01 1.534209294684228599e-04
1.478870894425199367e-01 9.999777750401367404e-01 9.999709907317945179e-01 1.534206424302518774e-04
1.479290908973780461e-01 1.000172954859251506e+00 9.999709808414607437e-01 1.534206388321078778e-04
1.479710923304082826e-01 9.998617534531060169e-01 9.999709709511322986e-01 1.534206424302518774e-04
1.480130937779904343e-01 9.999488774372659039e-01 9.999709610608003008e-01 1.534732059836591922e-04
1.480550952182966284e-01 9.999986585323327182e-01 9.999709511704700793e-01 1.534206424302518774e-04
1.480970966658787802e-01 9.997820132465927712e-01 9.999709412801380815e-01 1.534206424302518774e-04
1.481390981061849743e-01 1.000029585808130728e+00 9.999709313898078600e-01 1.534206424302518774e-04
1.481810995464911684e-01 9.999295669398754471e-01 9.999709214994777495e-01 1.534262468480632755e-04
1.482231009940733202e-01 9.997015428541490278e-01 9.999709116091457517e-01 1.534206424302518774e-04
1.482651024343795143e-01 9.997963189319071242e-01 9.999709017188155302e-01 1.534206424302518774e-04
1.483071038819616660e-01 1.000097751731665596e+00 9.999708918284835324e-01 1.534586841265301726e-04
1.483491053222678602e-01 1.000135101611154154e+00 9.999708819381533109e-01 1.534206424302518774e-04
1.483911067698500119e-01 9.997976285038898681e-01 9.999708720478213131e-01 1.534350085428086560e-04
1.484331082101562060e-01 1.000409137644930224e+00 9.999708621574913137e-01 1.534229004622205577e-04
1.484751096504624002e-01 1.000068304558588750e+00 9.999708522671608701e-01 1.534206424302518774e-04
1.485171110980445519e-01 1.000020183783214112e+00 9.999708423768292054e-01 1.534206424302518774e-04
1.485591125310747884e-01 9.998377595462952794e-01 9.999708324865005382e-01 1.534850357428388628e-04
1.486011139859328978e-01 1.000020004619396330e+00 9.999708225961669861e-01 1.534206424302518774e-04
1.486431154189631343e-01 1.000078339888867074e+00 9.999708127058383189e-01 1.534206424302518774e-04
1.486851168738212436e-01 9.997593347317473844e-01 9.999708028155047668e-01 1.534206424302518774e-04
1.487271183068514802e-01 9.998564458355088114e-01 9.999707929251760996e-01 1.534206424302518774e-04
1.487691197617095895e-01 9.999950970006104001e-01 9.999707830348426585e-01 1.534206424302518774e-04
1.488111211947398260e-01 9.999208567288233596e-01 9.999707731445139913e-01 1.534206424302518774e-04
1.488531226423219778e-01 9.998573338542503519e-01 9.999707632541822155e-01 1.535050160249593694e-04
1.488951240826281719e-01 9.999433108289952354e-01 9.999707533638519941e-01 1.534206424302518774e-04
1.489371255302103236e-01 1.000127618977619592e+00 9.999707434735199962e-01 1.534206424302518774e-04
1.489791269705165178e-01 9.999626078659401562e-01 9.999707335831897748e-01 1.534206424302518774e-04
1.490211284035467543e-01 1.000065422868110954e+00 9.999707236928613296e-01 1.534206424302518774e-04
1.490631298584048636e-01 1.000183236997353564e+00 9.999707138025275555e-01 1.534206424302518774e-04
1.491051312914351001e-01 1.000088951612090105e+00 9.999707039121991103e-01 1.534206424302518774e-04
1.491471327462932095e-01 1.000175363342058255e+00 9.999706940218654472e-01 1.534206424302518774e-04
1.491891341793234460e-01 1.000027319794698499e+00 9.999706841315370021e-01 1.534206424302518774e-04
1.492311356341815554e-01 1.000077266401906195e+00 9.999706742412034499e-01 1.534206424302518774e-04
1.492731370672117919e-01 1.000002282383034569e+00 9.999706643508747828e-01 1.534470468285814549e-04
1.493151385147939436e-01 1.000218218645401835e+00 9.999706544605427849e-01 1.534206424302518774e-04
1.493571399551001377e-01 9.999316137373996938e-01 9.999706445702125635e-01 1.534539952830869943e-04
1.493991413954063319e-01 9.999303850257069692e-01 9.999706346798823420e-01 1.534206424302518774e-04
1.494411428429884836e-01 1.000088172633780248e+00 9.999706247895503441e-01 1.534206424302518774e-04
1.494831442832946777e-01 9.998721298399371182e-01 9.999706148992201227e-01 1.534270492023307472e-04
1.495251457308768295e-01 9.999458547224150395e-01 9.999706050088882359e-01 1.534206424302518774e-04
1.495671471711830236e-01 9.997643529230177961e-01 9.999705951185580144e-01 1.534676543431780704e-04
1.496091486187651753e-01 9.999379014081115624e-01 9.999705852282260166e-01 1.534206424302518774e-04
1.496511500590713695e-01 1.000129895079493014e+00 9.999705753378957951e-01 1.534206424302518774e-04
1.496931514993775636e-01 1.000021449443725841e+00 9.999705654475655736e-01 1.534197331977142013e-04
1.497351529469597153e-01 1.000161922211813659e+00 9.999705555572335758e-01 1.534228174868510625e-04
1.497771543872659095e-01 1.000219501497905839e+00 9.999705456669033543e-01 1.534206424302518774e-04
1.498191558348480612e-01 9.997511985950399138e-01 9.999705357765716895e-01 1.534206424302518774e-04
1.498611572678782977e-01 9.998130307262671490e-01 9.999705258862430224e-01 1.534206424302518774e-04
1.499031587227364071e-01 9.999390592493557772e-01 9.999705159959094702e-01 1.534210101665610274e-04
1.499451601557666436e-01 9.999652830557438365e-01 9.999705061055808031e-01 1.534206424302518774e-04
1.499871616106247529e-01 1.000087682251631804e+00 9.999704962152472509e-01 1.534206424302518774e-04
1.500291630436549895e-01 9.999464865633180821e-01 9.999704863249185838e-01 1.534206424302518774e-04
1.500711644985130988e-01 9.998079436849168777e-01 9.999704764345850316e-01 1.534206424302518774e-04
1.501131659315433353e-01 1.000290854764020576e+00 9.999704665442563645e-01 1.534206424302518774e-04
1.501551673791254871e-01 9.999344053681719080e-01 9.999704566539246997e-01 1.534206424302518774e-04
1.501971688194316812e-01 1.000154406296899223e+00 9.999704467635944782e-01 1.534497514482014617e-04
1.502391702524619177e-01 9.997314059536243080e-01 9.999704368732660331e-01 1.534206424302518774e-04
1.502811717073200271e-01 9.999316931069686110e-01 9.999704269829322589e-01 1.534206424302518774e-04
1.503231731403502636e-01 1.000204427061471169e+00 9.999704170926038138e-01 1.534206424302518774e-04
1.503651745952083729e-01 9.999202080592594077e-01 9.999704072022700396e-01 1.534296080047838464e-04
1.504071760282386094e-01 1.000045028698315797e+00 9.999703973119415945e-01 1.534206424302518774e-04
1.504491774830967188e-01 9.996797633048007947e-01 9.999703874216079313e-01 1.534212741345522101e-04
1.504911789161269553e-01 1.000005291096066840e+00 9.999703775312793752e-01 1.534206424302518774e-04
1.505331803637091070e-01 1.000019269298653590e+00 9.999703676409474884e-01 1.534206424302518774e-04
1.505751818040153012e-01 9.999948427302703946e-01 9.999703577506172669e-01 1.534206424302518774e-04
1.506171832515974529e-01 9.999369713395758197e-01 9.999703478602852691e-01 1.534328394390076212e-04
1.506591846919036470e-01 9.999699615849932943e-01 9.999703379699550476e-01 1.534970687976297001e-04
1.507011861322098412e-01 1.000105159405578537e+00 9.999703280796248261e-01 1.534206424302518774e-04
1.507431875797919929e-01 1.000070710281380615e+00 9.999703181892928283e-01 1.534213743378923559e-04
1.507851890200981870e-01 1.000115417555359931e+00 9.999703082989628289e-01 1.534641924981009484e-04
1.508271904676803388e-01 1.000130330602306827e+00 9.999702984086307200e-01 1.534206424302518774e-04
1.508691919079865329e-01 1.000148488446205297e+00 9.999702885183007206e-01 1.534206424302518774e-04
1.509111933555686846e-01 1.000136178777504714e+00 9.999702786279685007e-01 1.534750677454274897e-04
1.509531947958748788e-01 1.000058680188256943e+00 9.999702687376385013e-01 1.534206515565054226e-04
1.509951962361810729e-01 9.998723280943544456e-01 9.999702588473080578e-01 1.535051860180970185e-04
1.510371976837632246e-01 1.000107032850277911e+00 9.999702489569762820e-01 1.534206424302518774e-04
1.510791991167934611e-01 1.000190105504494387e+00 9.999702390666476148e-01 1.534206424302518774e-04
1.511212005716515705e-01 1.000055095378445280e+00 9.999702291763141737e-01 1.534600209276641540e-04
1.511632020046818070e-01 9.999526887652057106e-01 9.999702192859853955e-01 1.535268404555920508e-04
1.512052034522639588e-01 1.000025399983063723e+00 9.999702093956537308e-01 1.534334511232463363e-04
1.512472048925701529e-01 1.000321339761031769e+00 9.999701995053232872e-01 1.534206424302518774e-04
1.512892063401523046e-01 9.999877025116508111e-01 9.999701896149915115e-01 1.534206424302518774e-04
1.513312077804584987e-01 9.999897767042806862e-01 9.999701797246610679e-01 1.534517866182776545e-04
1.513732092207646929e-01 1.000094986558094146e+00 9.999701698343310685e-01 1.534206424302518774e-04
1.514152106683468446e-01 1.000167921729991471e+00 9.999701599439988486e-01 1.534206424302518774e-04
1.514572121086530387e-01 1.000118288531866684e+00 9.999701500536688492e-01 1.534206424302518774e-04
1.514992135562351905e-01 9.999349162892207099e-01 9.999701401633367404e-01 1.534206424302518774e-04
1.515412149892654270e-01 1.000004005676606633e+00 9.999701302730085173e-01 1.534206424302518774e-04
1.515832164441235363e-01 1.000352226422670521e+00 9.999701203826749651e-01 1.534206424302518774e-04
1.516252178771537729e-01 1.000268109558438034e+00 9.999701104923462980e-01 1.534206424302518774e-04
1.516672193320118822e-01 1.000218006402614490e+00 9.999701006020127458e-01 1.534258891650451431e-04
1.517092207650421187e-01 1.000030228027995349e+00 9.999700907116840787e-01 1.534206424302518774e-04
1.517512222199002281e-01 9.999727287635747919e-01 9.999700808213505265e-01 1.534206424302518774e-04
1.517932236529304646e-01 9.998346068459703639e-01 9.999700709310218594e-01 1.534206424302518774e-04
1.518352251005126163e-01 1.000068306381175054e+00 9.999700610406901946e-01 1.534206424302518774e-04
1.518772265408188105e-01 1.000124774173343889e+00 9.999700511503597511e-01 1.534206424302518774e-04
1.519192279811250046e-01 1.000001175345893945e+00 9.999700412600295296e-01 1.534206424302518774e-04
1.519612294287071563e-01 1.000183178883039536e+00 9.999700313696975318e-01 1.534206424302518774e-04
1.520032308617373928e-01 9.997567329880940878e-01 9.999700214793690867e-01 1.534323916429478399e-04
1.520452323165955022e-01 9.999283620564307640e-01 9.999700115890353125e-01 1.534206424302518774e-04
1.520872337496257387e-01 1.000122883329696233e+00 9.999700016987068674e-01 1.534206424302518774e-04
1.521292352044838481e-01 9.999537276129304431e-01 9.999699918083732042e-01 1.534206424302518774e-04
1.521712366375140846e-01 1.000201685740150559e+00 9.999699819180448701e-01 1.535008414374468364e-04
1.522132380850962363e-01 9.998170432157346132e-01 9.999699720277127613e-01 1.534206424302518774e-04
1.522552395254024304e-01 1.000294309875111365e+00 9.999699621373827618e-01 1.534206424302518774e-04
1.522972409729845822e-01 1.000144495402908174e+00 9.999699522470505419e-01 1.534206424302518774e-04
1.523392424132907763e-01 9.999966577989095606e-01 9.999699423567205425e-01 1.534206424302518774e-04
1.523812438535969704e-01 1.000097221896264710e+00 9.999699324663900990e-01 1.534206424302518774e-04
1.524232453011791222e-01 1.000077527659555932e+00 9.999699225760583232e-01 1.534206424302518774e-04
1.524652467414853163e-01 1.000230876269563973e+00 9.999699126857278797e-01 1.534206424302518774e-04
1.525072481890674680e-01 9.999001687252069281e-01 9.999699027953962149e-01 1.534206424302518774e-04
1.525492496293736622e-01 1.000188141944762021e+00 9.999698929050659935e-01 1.534206424302518774e-04
1.525912510769558139e-01 1.000063348186774670e+00 9.999698830147339956e-01 1.534206424302518774e-04
1.526332525172620080e-01 9.999395882459467533e-01 9.999698731244037742e-01 1.534206424302518774e-04
1.526752539575682022e-01 9.997051380918382524e-01 9.999698632340735527e-01 1.535423800180813218e-04
1.527172553978743963e-01 1.000199589810266243e+00 9.999698533437431092e-01 1.534206424302518774e-04
1.527592568381805904e-01 1.000153914306385561e+00 9.999698434534131097e-01 1.534206424302518774e-04
1.528012582857627422e-01 1.000025103870048948e+00 9.999698335630811119e-01 1.534215345767113686e-04
1.528432597260689363e-01 1.000116272675594775e+00 9.999698236727508904e-01 1.534206424302518774e-04
1.528852611736510880e-01 1.000136863423829237e+00 9.999698137824190036e-01 1.534206424302518774e-04
1.529272626139572822e-01 1.000166976183585188e+00 9.999698038920887821e-01 1.534206424302518774e-04
1.529692640615394339e-01 9.999395077946020560e-01 9.999697940017567843e-01 1.534206424302518774e-04
1.530112655018456280e-01 1.000167431172714672e+00 9.999697841114265628e-01 1.534541904902902065e-04
1.530532669421518221e-01 1.000318898554754421e+00 9.999697742210963414e-01 1.534206424302518774e-04
1.530952683897339739e-01 1.000082457360367050e+00 9.999697643307643435e-01 1.534206424302518774e-04
1.531372698300401680e-01 1.000201238032519591e+00 9.999697544404343441e-01 1.534271156714247023e-04
1.531792712776223198e-01 1.000026201715219054e+00 9.999697445501022353e-01 1.534206424302518774e-04
1.532212727106525563e-01 1.000060732396752972e+00 9.999697346597737901e-01 1.534206424302518774e-04
1.532632741655106656e-01 1.000005085661756166e+00 9.999697247694400160e-01 1.534206424302518774e-04
1.533052755985409021e-01 1.000002396431824314e+00 9.999697148791115708e-01 1.534206424302518774e-04
1.533472770461230539e-01 1.000131214606591934e+00 9.999697049887795730e-01 1.534206424302518774e-04
1.533892784864292480e-01 9.998838565394189137e-01 9.999696950984495736e-01 1.534412719198916431e-04
1.534312799340113997e-01 1.000273234492694341e+00 9.999696852081173537e-01 1.534206424302518774e-04
1.534732813743175939e-01 1.000268633765420301e+00 9.999696753177873543e-01 1.534206424302518774e-04
1.535152828146237880e-01 9.999436047116271320e-01 9.999696654274569108e-01 1.534206424302518774e-04
1.535572842622059397e-01 1.000270124151243278e+00 9.999696555371252460e-01 1.534206424302518774e-04
1.535992856952361763e-01 9.999345377764742304e-01 9.999696456467965788e-01 1.534211945183710493e-04
1.536412871500942856e-01 1.000186881195170630e+00 9.999696357564630267e-01 1.534206424302518774e-04
1.536832885831245221e-01 9.999188925053587029e-01 9.999696258661343595e-01 1.534206424302518774e-04
1.537252900379826315e-01 1.000035963636049186e+00 9.999696159758008074e-01 1.534206424302518774e-04
1.537672914710128680e-01 1.000092223657968793e+00 9.999696060854721402e-01 1.534206424302518774e-04
1.538092929258709773e-01 1.000098349748501203e+00 9.999695961951386991e-01 1.534256295312159772e-04
1.538512943589012139e-01 1.000229473720861684e+00 9.999695863048101430e-01 1.534206424302518774e-04
1.538932958064833656e-01 9.998808311431015561e-01 9.999695764144782562e-01 1.534206424302518774e-04
1.539352972467895597e-01 1.000140213650836163e+00 9.999695665241480347e-01 1.534706858427018644e-04
1.539772986870957538e-01 1.000060900573315870e+00 9.999695566338178132e-01 1.534206424302518774e-04
1.540193001346779056e-01 1.000062822803830853e+00 9.999695467434858154e-01 1.534206515565054226e-04
1.540613015677081421e-01 9.998648664672444841e-01 9.999695368531573703e-01 1.534206424302518774e-04
1.541033030225662515e-01 9.998315860377672282e-01 9.999695269628235961e-01 1.534418920031323111e-04
1.541453044555964880e-01 9.999149918546351712e-01 9.999695170724951510e-01 1.534225390900809344e-04
1.541873059104545973e-01 9.999280132595058657e-01 9.999695071821617098e-01 1.534206424302518774e-04
1.542293073434848338e-01 1.000103763174589266e+00 9.999694972918330427e-01 1.534833201059442140e-04
1.542713087983429432e-01 1.000237265764255756e+00 9.999694874014994905e-01 1.534206424302518774e-04
1.543133102313731797e-01 9.998159698547096630e-01 9.999694775111708234e-01 1.534206424302518774e-04
1.543553116789553314e-01 1.000028785925259234e+00 9.999694676208388255e-01 1.534206424302518774e-04
1.543973131192615256e-01 1.000192147815044619e+00 9.999694577305086041e-01 1.534206424302518774e-04
1.544393145595677197e-01 9.998807891958754190e-01 9.999694478401783826e-01 1.534206424302518774e-04
1.544813160071498714e-01 9.998676237574495307e-01 9.999694379498463848e-01 1.534206454046172874e-04
1.545233174401801080e-01 1.000045258735080322e+00 9.999694280595179396e-01 1.534206424302518774e-04
1.545653188950382173e-01 9.996386657745778281e-01 9.999694181691842765e-01 1.534212810008067640e-04
1.546073203280684538e-01 9.998560901122502953e-01 9.999694082788560534e-01 1.534206424302518774e-04
1.546493217829265632e-01 1.000051233700931297e+00 9.999693983885220572e-01 1.534206424302518774e-04
1.546913232159567997e-01 9.998538416747760893e-01 9.999693884981938341e-01 1.534206424302518774e-04
1.547333246635389514e-01 9.999763063642107541e-01 9.999693786078616142e-01 1.534206424302518774e-04
1.547753261038451456e-01 1.000125820023827439e+00 9.999693687175316148e-01 1.534206424302518774e-04
1.548173275514272973e-01 1.000285660372352670e+00 9.999693588271993949e-01 1.534206424302518774e-04
1.548593289917334914e-01 9.998759004668742456e-01 9.999693489368693955e-01 1.534206424302518774e-04
1.549013304320396855e-01 9.998403411455644152e-01 9.999693390465390630e-01 1.534430491875466557e-04
1.549433318796218373e-01 1.000081245271503105e+00 9.999693291562072872e-01 1.534206515565054226e-04
1.549853333199280314e-01 9.999203252269323050e-01 9.999693192658768437e-01 1.534206424302518774e-04
1.550273347675101832e-01 1.000125056257892275e+00 9.999693093755450679e-01 1.534206424302518774e-04
1.550693362005404197e-01 9.999656116204984624e-01 9.999692994852164007e-01 1.534206424302518774e-04
1.551113376553985290e-01 9.998350414433432309e-01 9.999692895948828486e-01 1.534206424302518774e-04
1.551533390884287655e-01 9.998619859163339063e-01 9.999692797045541814e-01 1.534229395608145761e-04
1.551953405360109173e-01 9.997944791375117379e-01 9.999692698142224057e-01 1.534206424302518774e-04
1.552373419763171114e-01 9.997957890180827478e-01 9.999692599238920732e-01 1.534206424302518774e-04
1.552793434166233055e-01 1.000286949572021689e+00 9.999692500335620737e-01 1.534206424302518774e-04
1.553213448642054573e-01 9.998502997052428620e-01 9.999692401432298539e-01 1.534687546966731855e-04
1.553633463045116514e-01 9.999484559283561280e-01 9.999692302528998544e-01 1.534206424302518774e-04
1.554053477520938031e-01 1.000056648142133575e+00 9.999692203625678566e-01 1.534206424302518774e-04
1.554473491923999973e-01 9.996897714198033080e-01 9.999692104722376351e-01 1.534206424302518774e-04
1.554893506399821490e-01 9.999525072012996896e-01 9.999692005819056373e-01 1.534206424302518774e-04
1.555313520802883431e-01 1.000022535966924364e+00 9.999691914657682368e-01 1.534206424302518774e-04
1.555733535205945373e-01 9.999446704680511333e-01 9.999691832328969632e-01 1.534206424302518774e-04
1.556153549609007314e-01 1.000125413962407395e+00 9.999691750000256896e-01 1.534206424302518774e-04
1.556573564084828831e-01 1.000113371121015060e+00 9.999691667671529727e-01 1.534206424302518774e-04
1.556993578487890773e-01 1.000221178283421386e+00 9.999691585342816991e-01 1.534206424302518774e-04
1.557413592890952714e-01 9.999623687745233802e-01 9.999691503014104255e-01 1.534206424302518774e-04
1.557833607366774231e-01 9.998457171291486034e-01 9.999691420685377086e-01 1.534214539157704971e-04
1.558253621769836172e-01 9.999665624699969335e-01 9.999691338356664350e-01 1.534206424302518774e-04
1.558673636245657690e-01 9.998485382471251626e-01 9.999691256027938291e-01 1.534206424302518774e-04
1.559093650648719631e-01 9.999869627987469922e-01 9.999691173699223334e-01 1.534280232401656196e-04
1.559513665124541149e-01 1.000007220337779446e+00 9.999691091370498386e-01 1.534206424302518774e-04
1.559933679527603090e-01 9.997481787064853576e-01 9.999691009041785650e-01 1.534206424302518774e-04
1.560353693930665031e-01 1.000064795045072286e+00 9.999690926713070693e-01 1.534210037575124697e-04
1.560773708333726972e-01 9.998643734199343935e-01 9.999690844384361288e-01 1.534206424302518774e-04
1.561193722736788914e-01 1.000161665037573977e+00 9.999690762055646331e-01 1.534425071740128284e-04
1.561613737212610431e-01 1.000190460704243778e+00 9.999690679726920273e-01 1.534206424302518774e-04
1.562033751615672372e-01 9.999567424871914634e-01 9.999690597398207537e-01 1.534206424302518774e-04
1.562453766091493890e-01 1.000192600022747680e+00 9.999690515069480368e-01 1.534206424302518774e-04
1.562873780494555831e-01 1.000250831709854626e+00 9.999690432740767632e-01 1.534206424302518774e-04
1.563293794970377348e-01 1.000072909445868907e+00 9.999690350412041573e-01 1.534206424302518774e-04
1.563713809373439290e-01 9.999476926523506171e-01 9.999690268083327727e-01 1.534206424302518774e-04
1.564133823776501231e-01 9.999338236427289806e-01 9.999690185754614991e-01 1.534206424302518774e-04
1.564553838252322748e-01 9.999078578731328548e-01 9.999690103425888932e-01 1.534206424302518774e-04
1.564973852655384690e-01 9.998577202294535171e-01 9.999690021097176196e-01 1.534206424302518774e-04
1.565393867058446631e-01 1.000332815714018553e+00 9.999689938768464570e-01 1.534206424302518774e-04
1.565813881461508572e-01 1.000200968282548564e+00 9.999689856439749613e-01 1.535254837837692348e-04
1.566233895937330090e-01 9.999687039883639050e-01 9.999689774111023555e-01 1.534206424302518774e-04
1.566653910340392031e-01 1.000057558577789107e+00 9.999689691782311929e-01 1.534206424302518774e-04
1.567073924816213548e-01 9.999804584550344710e-01 9.999689609453583650e-01 1.534230679656141459e-04
1.567493939219275489e-01 9.998004992285743908e-01 9.999689527124870914e-01 1.534206424302518774e-04
1.567913953695097007e-01 1.000170040183458342e+00 9.999689444796144855e-01 1.534206424302518774e-04
1.568333968098158948e-01 9.994952833570468487e-01 9.999689362467431009e-01 1.534315058106138136e-04
1.568753982501220889e-01 1.000125562641583032e+00 9.999689280138718273e-01 1.534206424302518774e-04
1.569173996977042407e-01 9.999585113499052103e-01 9.999689197809992214e-01 1.534206424302518774e-04
1.569594011307344772e-01 9.999752665375686300e-01 9.999689115481292800e-01 1.534206424302518774e-04
1.570014025783166289e-01 9.997389231848560209e-01 9.999689033152565631e-01 1.534206424302518774e-04
1.570434040186228231e-01 9.999860846596740904e-01 9.999688950823852895e-01 1.534206424302518774e-04
1.570854054662049748e-01 1.000007273711203348e+00 9.999688868495126837e-01 1.534383996806995781e-04
1.571274069065111689e-01 9.998616904857826615e-01 9.999688786166415211e-01 1.534206424302518774e-04
1.571694083540933207e-01 9.997989712639624438e-01 9.999688703837686932e-01 1.534206424302518774e-04
1.572114097943995148e-01 1.000051235497039226e+00 9.999688621508974196e-01 1.534206424302518774e-04
1.572534112347057089e-01 1.000011306660531396e+00 9.999688539180261460e-01 1.535078273825372854e-04
1.572954126822878607e-01 9.998698214251671157e-01 9.999688456851534291e-01 1.534206424302518774e-04
1.573374141225940548e-01 9.998438920406149677e-01 9.999688374522823775e-01 1.534206424302518774e-04
1.573794155629002489e-01 1.000141598815709187e+00 9.999688292194108818e-01 1.534206424302518774e-04
1.574214170032064430e-01 9.999068670134769743e-01 9.999688209865397193e-01 1.534206424302518774e-04
1.574634184507885948e-01 9.999813556209813381e-01 9.999688127536671134e-01 1.534227761111719751e-04
1.575054198910947889e-01 1.000047399491508893e+00 9.999688045207956177e-01 1.534206424302518774e-04
1.575474213386769406e-01 9.996768668079311082e-01 9.999687962879229008e-01 1.534206424302518774e-04
1.575894227789831348e-01 1.000031994926122048e+00 9.999687880550518493e-01 1.534206424302518774e-04
1.576314242265652865e-01 9.997495195148921043e-01 9.999687798221790214e-01 1.534206424302518774e-04
1.576734256668714806e-01 1.000136787247368764e+00 9.999687715893077478e-01 1.534206424302518774e-04
1.577154271071776748e-01 9.998914242266138119e-01 9.999687633564365852e-01 1.534206424302518774e-04
1.577574285474838689e-01 9.998890520537706550e-01 9.999687551235650895e-01 1.534206424302518774e-04
1.577994299877900630e-01 9.997239627235383619e-01 9.999687468906940380e-01 1.534206424302518774e-04
1.578414314353722148e-01 9.997762919601111964e-01 9.999687386578212100e-01 1.534206424302518774e-04
1.578834328756784089e-01 9.999992163636208797e-01 9.999687304249498254e-01 1.534206424302518774e-04
1.579254343232605606e-01 9.999291165690875616e-01 9.999687221920774416e-01 1.534206424302518774e-04
1.579674357635667548e-01 9.999687354729343003e-01 9.999687139592059459e-01 1.534206424302518774e-04
1.580094372111489065e-01 1.000108443128507885e+00 9.999687057263332290e-01 1.534206424302518774e-04
1.580514386514551006e-01 9.998965081606675520e-01 9.999686974934621775e-01 1.534206424302518774e-04
1.580934400917612948e-01 9.997008238920652712e-01 9.999686892605906818e-01 1.534480520801618098e-04
1.581354415393434465e-01 1.000085542586089948e+00 9.999686810277178539e-01 1.534206424302518774e-04
1.581774429796496406e-01 1.000062773038748798e+00 9.999686727948469134e-01 1.534206424302518774e-04
1.582194444199558347e-01 9.998720101633093993e-01 9.999686645619754177e-01 1.534329191666020207e-04
1.582614458602620289e-01 1.000098315351454659e+00 9.999686563291041441e-01 1.534206424302518774e-04
1.583034473078441806e-01 9.999721048290379777e-01 9.999686480962316493e-01 1.534206424302518774e-04
1.583454487481503747e-01 9.999962291412003434e-01 9.999686398633601536e-01 1.534206424302518774e-04
1.583874501957325265e-01 9.998239364114526184e-01 9.999686316304875477e-01 1.534206424302518774e-04
1.584294516360387206e-01 1.000077885688836377e+00 9.999686233976162741e-01 1.534206424302518774e-04
1.584714530836208723e-01 9.999256743645945633e-01 9.999686151647435572e-01 1.534423486057340409e-04
1.585134545239270665e-01 9.998712951366425239e-01 9.999686069318725057e-01 1.534206424302518774e-04
1.585554559642332606e-01 1.000212498462455191e+00 9.999685986990010100e-01 1.534206424302518774e-04
1.585974574045394547e-01 1.000102978199890691e+00 9.999685904661297364e-01 1.534206424302518774e-04
1.586394588448456489e-01 9.999655452792057808e-01 9.999685822332585738e-01 1.534206424302518774e-04
1.586814602924278006e-01 9.998286009991089740e-01 9.999685740003857459e-01 1.534206424302518774e-04
1.587234617327339947e-01 1.000032458021383519e+00 9.999685657675144723e-01 1.534206424302518774e-04
1.587654631803161465e-01 1.000150184842564238e+00 9.999685575346419775e-01 1.534206424302518774e-04
1.588074646206223406e-01 9.999945810698154247e-01 9.999685493017704818e-01 1.534206424302518774e-04
1.588494660682044923e-01 1.000137643750351746e+00 9.999685410688978759e-01 1.534206424302518774e-04
1.588914675085106865e-01 1.000201054412462431e+00 9.999685328360266023e-01 1.534241679249623877e-04
1.589334689488168806e-01 9.998549160087960574e-01 9.999685246031552177e-01 1.534206424302518774e-04
1.589754703891230747e-01 1.000064227705717901e+00 9.999685163702841662e-01 1.534206424302518774e-04
1.590174718367052265e-01 9.999142066808259788e-01 9.999685081374113382e-01 1.534206424302518774e-04
1.590594732770114206e-01 9.999542161569461296e-01 9.999684999045399536e-01 1.534206424302518774e-04
1.591014747173176147e-01 9.999000985632463534e-01 9.999684916716689020e-01 1.534206424302518774e-04
1.591434761648997664e-01 1.000002230826743332e+00 9.999684834387960741e-01 1.534334253640133193e-04
1.591854776052059606e-01 1.000067959374096649e+00 9.999684752059248005e-01 1.534747505367689525e-04
1.592274790527881123e-01 1.000021043703558821e+00 9.999684669730523057e-01 1.534206424302518774e-04
1.592694804858183488e-01 9.999681999203063887e-01 9.999684587401823643e-01 1.534206424302518774e-04
1.593114819406764582e-01 1.000149353048487511e+00 9.999684505073079821e-01 1.534267887636002155e-04
1.593534833737066947e-01 1.000279248081038297e+00 9.999684422744382628e-01 1.534206424302518774e-04
1.593954848212888464e-01 1.000162165671592662e+00 9.999684340415655459e-01 1.534206424302518774e-04
1.594374862615950406e-01 9.999320569073050224e-01 9.999684258086942723e-01 1.534206424302518774e-04
1.594794877019012347e-01 1.000266501233509242e+00 9.999684175758229987e-01 1.534206424302518774e-04
1.595214891494833864e-01 1.000010327835744617e+00 9.999684093429505038e-01 1.534206424302518774e-04
1.595634905897895806e-01 1.000129915429683880e+00 9.999684011100792302e-01 1.534206424302518774e-04
1.596054920373717323e-01 1.000302493239551671e+00 9.999683928772064023e-01 1.534287684028619509e-04
1.596474934704019688e-01 1.000090264141120455e+00 9.999683846443366830e-01 1.534206424302518774e-04
1.596894949252600782e-01 1.000007673910501715e+00 9.999683764114626339e-01 1.534206424302518774e-04
1.597314963582903147e-01 1.000148920679729381e+00 9.999683681785924705e-01 1.534206424302518774e-04
1.597734978058724664e-01 1.000039016610534182e+00 9.999683599457198646e-01 1.534206424302518774e-04
1.598154992461786605e-01 9.998069042140445006e-01 9.999683517128487020e-01 1.534206424302518774e-04
1.598575006937608123e-01 1.000099213205356774e+00 9.999683434799758741e-01 1.534206424302518774e-04
1.598995021340670064e-01 9.999987696393787262e-01 9.999683352471046005e-01 1.534206424302518774e-04
1.599415035743732005e-01 1.000102648510923897e+00 9.999683270142333269e-01 1.534206424302518774e-04
1.599835050219553523e-01 9.997859305068569347e-01 9.999683187813606100e-01 1.534206424302518774e-04
1.600255064549855888e-01 9.999934395190726022e-01 9.999683105484908907e-01 1.535180661536737962e-04
1.600675079098436981e-01 1.000010107142348836e+00 9.999683023156167305e-01 1.534206424302518774e-04
1.601095093428739347e-01 1.000077230098831205e+00 9.999682940827469002e-01 1.534294673837077565e-04
1.601515107904560864e-01 1.000062892900610567e+00 9.999682858498742943e-01 1.534206424302518774e-04
1.601935122307622805e-01 9.994612852029646222e-01 9.999682776170027987e-01 1.534318361312707356e-04
1.602355136783444323e-01 9.999687909088429416e-01 9.999682693841301928e-01 1.534206424302518774e-04
1.602775151186506264e-01 1.000042895026870271e+00 9.999682611512590302e-01 1.534206424302518774e-04
1.603195165516808629e-01 9.997843606384486659e-01 9.999682529183890889e-01 1.534206424302518774e-04
1.603615180065389723e-01 9.997573751166445311e-01 9.999682446855151507e-01 1.534362897748687725e-04
1.604035194395692088e-01 1.000089906929078287e+00 9.999682364526449874e-01 1.534206424302518774e-04
1.604455208944273181e-01 9.999444210704396818e-01 9.999682282197709382e-01 1.534206424302518774e-04
1.604875223274575546e-01 9.999080539358652375e-01 9.999682199869012189e-01 1.534206424302518774e-04
1.605295237823156640e-01 9.998585698201456484e-01 9.999682117540270587e-01 1.534206424302518774e-04
1.605715252153459005e-01 1.000036337403161779e+00 9.999682035211572284e-01 1.534206424302518774e-04
1.606135266629280522e-01 1.000155221905960179e+00 9.999681952882846225e-01 1.534206424302518774e-04
1.606555281032342464e-01 1.000222179186609051e+00 9.999681870554131269e-01 1.534206424302518774e-04
1.606975295435404405e-01 9.999995705376304445e-01 9.999681788225418533e-01 1.535640368748204397e-04
1.607395309911225922e-01 1.000060415418031701e+00 9.999681705896693584e-01 1.534206424302518774e-04
1.607815324241528288e-01 9.998962545613275799e-01 9.999681623567994171e-01 1.534206424302518774e-04
1.608235338790109381e-01 9.997217481459808042e-01 9.999681541239252569e-01 1.534206424302518774e-04
1.608655353120411746e-01 9.998438618016399770e-01 9.999681458910554266e-01 1.534206424302518774e-04
1.609075367668992840e-01 1.000046086313624683e+00 9.999681376581812664e-01 1.534206424302518774e-04
1.609495381999295205e-01 9.998690985541607290e-01 9.999681294253115471e-01 1.534206424302518774e-04
1.609915396402357146e-01 1.000188734429333426e+00 9.999681211924400515e-01 1.534206388321078778e-04
1.610335410878178664e-01 9.997128087929468832e-01 9.999681129595675566e-01 1.534206424302518774e-04
1.610755425281240605e-01 1.000156441333248214e+00 9.999681047266962830e-01 1.534206424302518774e-04
1.611175439757062122e-01 9.999592521933303724e-01 9.999680964938234551e-01 1.534245706756845104e-04
1.611595454087364487e-01 1.000105377467776169e+00 9.999680882609537358e-01 1.534206424302518774e-04
1.612015468635945581e-01 9.999197242817168263e-01 9.999680800280796866e-01 1.534910976115004641e-04
1.612435482966247946e-01 1.000112839503839002e+00 9.999680717952097453e-01 1.534206424302518774e-04
1.612855497442069463e-01 1.000244845619617129e+00 9.999680635623369174e-01 1.534206424302518774e-04
1.613275511845131405e-01 9.998322401689907490e-01 9.999680553294657548e-01 1.534206515565054226e-04
1.613695526320952922e-01 1.000264994422829457e+00 9.999680470965929269e-01 1.534273105343673786e-04
1.614115540724014863e-01 1.000074066575999288e+00 9.999680388637218753e-01 1.534206424302518774e-04
1.614535555127076805e-01 1.000018853655149531e+00 9.999680306308503797e-01 1.534405820814753539e-04
1.614955569602898322e-01 9.998472986959321407e-01 9.999680223979776628e-01 1.534206424302518774e-04
1.615375584005960263e-01 9.999536049799999660e-01 9.999680141651066112e-01 1.534353711697391740e-04
1.615795598409022205e-01 9.999479091726776181e-01 9.999680059322351156e-01 1.534206424302518774e-04
1.616215612812084146e-01 1.000050335245411315e+00 9.999679976993641750e-01 1.534206424302518774e-04
1.616635627287905663e-01 1.000052185908408831e+00 9.999679897311952725e-01 1.534560635155251445e-04
1.617055641690967605e-01 1.000270126821177552e+00 9.999679827720631131e-01 1.534206424302518774e-04
1.617475656166789122e-01 9.998555278970135962e-01 9.999679758129296214e-01 1.534206424302518774e-04
1.617895670569851063e-01 1.000259238846725074e+00 9.999679688537975730e-01 1.534206424302518774e-04
1.618315684972913004e-01 9.999677469320380485e-01 9.999679618946651916e-01 1.534938001001956670e-04
1.618735699375974946e-01 1.000143446753813725e+00 9.999679549355328101e-01 1.534206424302518774e-04
1.619155713851796463e-01 9.998143201324372065e-01 9.999679479763993184e-01 1.534206424302518774e-04
1.619575728254858404e-01 9.999880763549314766e-01 9.999679410172672700e-01 1.534206424302518774e-04
1.619995742657920346e-01 9.998026327690013870e-01 9.999679340581351106e-01 1.534206424302518774e-04
1.620415757133741863e-01 9.999005818168212878e-01 9.999679270990016189e-01 1.534268429050125162e-04
1.620835771536803804e-01 1.000206076459961624e+00 9.999679201398695705e-01 1.534206424302518774e-04
1.621255786012625322e-01 1.000092297461483870e+00 9.999679131807360788e-01 1.534206515565054226e-04
1.621675800342927687e-01 1.000097335042578806e+00 9.999679062216052516e-01 1.534206424302518774e-04
1.622095814891508780e-01 9.999990853609013186e-01 9.999678992624705387e-01 1.534206424302518774e-04
1.622515829221811146e-01 9.997716704368053708e-01 9.999678923033394895e-01 1.534286729596093929e-04
1.622935843697632663e-01 9.999957570903456050e-01 9.999678853442062199e-01 1.534206424302518774e-04
1.623355858100694604e-01 1.000064254059459312e+00 9.999678783850740604e-01 1.534206424302518774e-04
1.623775872576516122e-01 9.999983621092504160e-01 9.999678714259406798e-01 1.534206388321078778e-04
1.624195886979578063e-01 9.999875562186434363e-01 9.999678644668082983e-01 1.534206424302518774e-04
1.624615901309880428e-01 9.998902823314125277e-01 9.999678575076772491e-01 1.534206424302518774e-04
1.625035915858461522e-01 1.000042227437606179e+00 9.999678505485425362e-01 1.534206424302518774e-04
1.625455930188763887e-01 9.999954732880538266e-01 9.999678435894117090e-01 1.534561719568403168e-04
1.625875944737344980e-01 1.000035679544938771e+00 9.999678366302771071e-01 1.534206424302518774e-04
1.626295959067647345e-01 1.000287073534466442e+00 9.999678296711461689e-01 1.534206424302518774e-04
1.626715973543468863e-01 9.999298673131317150e-01 9.999678227120126772e-01 1.534216988008724669e-04
1.627135987946530804e-01 1.000094925124290768e+00 9.999678157528805178e-01 1.534228174868510625e-04
1.627556002349592745e-01 1.000198923267284545e+00 9.999678087937483584e-01 1.534206424302518774e-04
1.627976016825414263e-01 1.000091601253636941e+00 9.999678018346149777e-01 1.534206424302518774e-04
1.628396031155716628e-01 1.000009753828892345e+00 9.999677948754839285e-01 1.534206424302518774e-04
1.628816045704297721e-01 1.000136237234684922e+00 9.999677879163493266e-01 1.534206424302518774e-04
1.629236060034600087e-01 9.999412315299958109e-01 9.999677809572181664e-01 1.534206424302518774e-04
1.629656074583181180e-01 1.000213587865038445e+00 9.999677739980837865e-01 1.534206424302518774e-04
1.630076088913483545e-01 9.999124734132665004e-01 9.999677670389525153e-01 1.534206424302518774e-04
1.630496103389305063e-01 9.999685886738991503e-01 9.999677600798191346e-01 1.534206424302518774e-04
1.630916117792367004e-01 1.000122490460192859e+00 9.999677519702988571e-01 1.534206424302518774e-04
1.631336132195428945e-01 1.000023770806126144e+00 9.999677436267857544e-01 1.534206424302518774e-04
1.631756146671250463e-01 9.999084347752442703e-01 9.999677352832713195e-01 1.535202666721513010e-04
1.632176161074312404e-01 9.999561490390149743e-01 9.999677269397579948e-01 1.534206424302518774e-04
1.632596175550133921e-01 9.999291560807468393e-01 9.999677185962433379e-01 1.534206424302518774e-04
1.633016189880436286e-01 1.000198830138996131e+00 9.999677102527317896e-01 1.534206424302518774e-04
1.633436204356257804e-01 9.999404818924149119e-01 9.999677019092171326e-01 1.534206424302518774e-04
1.633856218759319745e-01 1.000199058219072512e+00 9.999676935657040300e-01 1.534206424302518774e-04
1.634276233235141262e-01 9.999944841943105844e-01 9.999676852221895951e-01 1.534372753691230946e-04
1.634696247638203204e-01 9.998142095785642613e-01 9.999676768786762704e-01 1.534206424302518774e-04
1.635116262041265145e-01 1.000046665980500737e+00 9.999676685351633898e-01 1.534206424302518774e-04
1.635536276517086662e-01 1.000001889021990831e+00 9.999676601916488439e-01 1.534206424302518774e-04
1.635956290920148604e-01 1.000038541094143030e+00 9.999676518481355192e-01 1.534206424302518774e-04
1.636376305323210545e-01 1.000049157645479969e+00 9.999676435046226386e-01 1.534206424302518774e-04
1.636796319726272486e-01 1.000076748914291436e+00 9.999676351611093139e-01 1.534206388321078778e-04
1.637216334202094004e-01 9.998478687300443868e-01 9.999676268175946570e-01 1.534206424302518774e-04
1.637636348605155945e-01 1.000160540537694542e+00 9.999676184740817764e-01 1.534206424302518774e-04
1.638056363080977462e-01 1.000025310554579994e+00 9.999676101305671194e-01 1.534894720885252072e-04
1.638476377411279827e-01 9.999844812086520207e-01 9.999676017870555711e-01 1.534475189167971423e-04
1.638896391959860921e-01 9.999991005903898778e-01 9.999675934435393598e-01 1.534206424302518774e-04
1.639316406290163286e-01 9.999567311450505702e-01 9.999675851000275895e-01 1.534206424302518774e-04
1.639736420765984803e-01 9.999062437710383167e-01 9.999675767565129325e-01 1.534206424302518774e-04
1.640156435169046745e-01 9.997691992193719068e-01 9.999675684130000519e-01 1.534957279053991166e-04
1.640576449644868262e-01 9.999634139812338951e-01 9.999675600694853950e-01 1.534206424302518774e-04
1.640996464047930203e-01 9.999487586539954620e-01 9.999675517259722923e-01 1.534206424302518774e-04
1.641416478378232569e-01 1.000023983613703260e+00 9.999675433824605220e-01 1.534947918830496978e-04
1.641836492926813662e-01 1.000083690363701372e+00 9.999675350389445327e-01 1.534206424302518774e-04
1.642256507257116027e-01 9.998637822309909273e-01 9.999675266954329844e-01 1.534206424302518774e-04
1.642676521805697121e-01 9.998840152587559205e-01 9.999675183519169952e-01 1.534206424302518774e-04
1.643096536135999486e-01 1.000061923452721935e+00 9.999675100084050028e-01 1.534206424302518774e-04
1.643516550611821003e-01 1.000265336672286010e+00 9.999675016648905679e-01 1.534206424302518774e-04
1.643936565014882945e-01 9.998951089393274261e-01 9.999674933213774652e-01 1.534206424302518774e-04
1.644356579417944886e-01 1.000008592039718591e+00 9.999674849778644736e-01 1.534206424302518774e-04
1.644776593893766403e-01 1.000108296253355622e+00 9.999674766343498167e-01 1.534206424302518774e-04
1.645196608224068768e-01 1.000101443436143489e+00 9.999674682908382684e-01 1.534206424302518774e-04
1.645616622772649862e-01 1.000014351450914996e+00 9.999674599473220571e-01 1.534206424302518774e-04
1.646036637102952227e-01 1.000251075090576203e+00 9.999674516038105088e-01 1.534206424302518774e-04
1.646456651578773744e-01 1.000051250971115024e+00 9.999674432602958518e-01 1.534206424302518774e-04
1.646876665981835686e-01 1.000137870596123690e+00 9.999674349167827492e-01 1.534503302027318190e-04
1.647296680457657203e-01 1.000112052966052989e+00 9.999674265732683143e-01 1.534206424302518774e-04
1.647716694860719144e-01 9.996243673624376491e-01 9.999674182297549896e-01 1.534335817072285759e-04
1.648136709263781086e-01 1.000180302500859320e+00 9.999674098862418870e-01 1.534206424302518774e-04
1.648556723739602603e-01 1.000169473368237583e+00 9.999674015427274520e-01 1.534206424302518774e-04
1.648976738069904968e-01 9.998188333513784443e-01 9.999673931992156817e-01 1.534206424302518774e-04
1.649396752545726486e-01 1.000098919402092612e+00 9.999673848557012468e-01 1.534228901500973863e-04
1.649816766948788427e-01 1.000110289273133723e+00 9.999673765121879221e-01 1.534206424302518774e-04
1.650236781424609944e-01 9.998955226295723753e-01 9.999673681686732651e-01 1.534674706924510118e-04
1.650656795827671885e-01 9.999715673441763597e-01 9.999673598251603845e-01 1.534206424302518774e-04
1.651076810303493403e-01 9.999147615178307635e-01 9.999673514816457276e-01 1.534206424302518774e-04
1.651496824633795768e-01 9.998221093155058581e-01 9.999673431381339572e-01 1.534206424302518774e-04
1.651916839109617285e-01 9.998099125728456826e-01 9.999673347946195223e-01 1.534284176718846225e-04
1.652336853512679227e-01 9.996923627279455937e-01 9.999673264511061976e-01 1.534349185458766301e-04
1.652756867988500744e-01 9.998755044241600665e-01 9.999673181075916517e-01 1.534206424302518774e-04
1.653176882391562685e-01 9.998439882098464349e-01 9.999673097640787711e-01 1.534206424302518774e-04
1.653596896794624627e-01 1.000216672662529449e+00 9.999673014205654464e-01 1.534206424302518774e-04
1.654016911270446144e-01 9.999734201368003506e-01 9.999672930770510115e-01 1.534206424302518774e-04
1.654436925600748509e-01 9.999058200571188104e-01 9.999672847335392412e-01 1.534206424302518774e-04
1.654856940149329603e-01 9.998894955153059261e-01 9.999672763900232519e-01 1.534206424302518774e-04
1.655276954479631968e-01 9.999552079518825298e-01 9.999672680465117036e-01 1.534783805073237255e-04
1.655696969028213061e-01 9.999563855791110401e-01 9.999672597029957144e-01 1.534206424302518774e-04
1.656116983358515427e-01 9.995297167546181027e-01 9.999672513594837220e-01 1.534206424302518774e-04
1.656536997761577368e-01 9.996947702845044859e-01 9.999672430159708414e-01 1.534206515565054226e-04
1.656957012237398885e-01 9.996617844700620426e-01 9.999672346724561844e-01 1.534206424302518774e-04
1.657377026567701250e-01 1.000136845178451805e+00 9.999672263289444141e-01 1.534206424302518774e-04
1.657797041116282344e-01 1.000170796817746455e+00 9.999672179854284249e-01 1.534299309070594024e-04
1.658217055446584709e-01 1.000036103306279234e+00 9.999672096419168765e-01 1.534206424302518774e-04
1.658637069995165803e-01 1.000041780845384531e+00 9.999672012984006653e-01 1.534206424302518774e-04
1.659057084325468168e-01 1.000177734464825718e+00 9.999671929548891169e-01 1.534325512495516523e-04
1.659477098801289685e-01 9.997414201863600303e-01 9.999671846113744600e-01 1.534206424302518774e-04
1.659897113204351626e-01 1.000004449197367418e+00 9.999671762678613574e-01 1.534206424302518774e-04
1.660317127607413568e-01 1.000082023938305031e+00 9.999671679243482547e-01 1.534206424302518774e-04
1.660737142083235085e-01 9.996995160811610326e-01 9.999671595808335978e-01 1.534569757722464259e-04
1.661157156486297026e-01 9.998184601048082376e-01 9.999671512373204951e-01 1.534206424302518774e-04
1.661577170889358968e-01 9.997879430478383567e-01 9.999671428938073925e-01 1.534206424302518774e-04
1.661997185292420909e-01 9.999148658162100300e-01 9.999671345502942899e-01 1.534206424302518774e-04
1.662417199768242426e-01 9.999137855676866193e-01 9.999671262067799660e-01 1.534206424302518774e-04
1.662837214171304367e-01 9.999628664497224317e-01 9.999671178632666413e-01 1.534299257938179749e-04
1.663257228647125885e-01 1.000136851283598860e+00 9.999671095197519843e-01 1.534206424302518774e-04
1.663677242977428250e-01 9.998889323091590953e-01 9.999671011762404360e-01 1.534226916919052049e-04
1.664097257526009344e-01 1.000007086562410441e+00 9.999670928327244468e-01 1.534206424302518774e-04
1.664517271856311709e-01 9.999604049357433411e-01 9.999670844892126764e-01 1.534206424302518774e-04
1.664937286332133226e-01 9.998843758077288202e-01 9.999670761456982415e-01 1.534206424302518774e-04
1.665357300735195167e-01 9.999704929284561894e-01 9.999670678021849168e-01 1.534206424302518774e-04
1.665777315065497532e-01 9.998106894991822813e-01 9.999670594586733685e-01 1.534206424302518774e-04
1.666197329614078626e-01 1.000014854187819768e+00 9.999670511151573793e-01 1.534206424302518774e-04
1.666617343944380991e-01 9.998600351666169228e-01 9.999670427716456089e-01 1.534206424302518774e-04
1.667037358492962085e-01 9.997705954744751100e-01 9.999670344281296197e-01 1.534206424302518774e-04
1.667457372823264450e-01 9.998533743877410229e-01 9.999670260846178493e-01 1.534206424302518774e-04
1.667877387371845543e-01 9.996395691529389449e-01 9.999670177411018601e-01 1.534206424302518774e-04
1.668297401702147909e-01 1.000137814707561468e+00 9.999670093975903118e-01 1.534231933525342039e-04
1.668717416105209850e-01 9.998258666945674111e-01 9.999670010540769871e-01 1.535121455963178424e-04
1.669137430581031367e-01 9.999229248243481916e-01 9.999669927105623302e-01 1.534206424302518774e-04
1.669557444984093308e-01 9.997673843288905626e-01 9.999669843670494496e-01 1.534206424302518774e-04
1.669977459459914826e-01 1.000017555956095094e+00 9.999669760235347926e-01 1.534206424302518774e-04
1.670397473790217191e-01 9.999678413123104237e-01 9.999669676800230222e-01 1.534206424302518774e-04
1.670817488266038708e-01 1.000011885478382156e+00 9.999669593365086984e-01 1.534487324076371276e-04
1.671237502669100650e-01 9.999255410344276562e-01 9.999669509929953737e-01 1.534206424302518774e-04
1.671657517144922167e-01 9.998454725663605824e-01 9.999669426494809388e-01 1.534206424302518774e-04
1.672077531547984108e-01 9.999039281276560498e-01 9.999669343059678361e-01 1.534206424302518774e-04
1.672497546023805626e-01 9.998322520119851120e-01 9.999669259624531792e-01 1.534942070803582638e-04
1.672917560354107991e-01 9.996844717010833214e-01 9.999669176189416309e-01 1.534206424302518774e-04
1.673337574829929508e-01 1.000074225444255172e+00 9.999669092754269739e-01 1.534206424302518774e-04
1.673757589232991450e-01 9.999080288174713171e-01 9.999669009319136492e-01 1.534206424302518774e-04
1.674177603636053391e-01 9.999175503537246490e-01 9.999668925884007686e-01 1.534206424302518774e-04
1.674597618111874908e-01 9.999881350543506908e-01 9.999668842448861117e-01 1.534206424302518774e-04
1.675017632442177273e-01 1.000090420123471491e+00 9.999668759013745634e-01 1.534206424302518774e-04
1.675437646990758367e-01 1.000075368453537505e+00 9.999668675578585741e-01 1.534767971887909105e-04
1.675857661321060732e-01 9.997841280782853168e-01 9.999668592143465817e-01 1.534206424302518774e-04
1.676277675869641826e-01 9.996754694455819434e-01 9.999668508708305925e-01 1.534249341424180819e-04
1.676697690199944191e-01 9.999606290291096489e-01 9.999668425273190442e-01 1.534206424302518774e-04
1.677117704603006132e-01 9.998525087238352427e-01 9.999668341838057195e-01 1.534206424302518774e-04
1.677537719078827649e-01 9.997925275149835977e-01 9.999668258402912846e-01 1.534206424302518774e-04
1.677957733481889591e-01 9.997392629099427497e-01 9.999668174967781820e-01 1.534249641390108838e-04
1.678377747957711108e-01 9.996712668312051076e-01 9.999668091532635250e-01 1.534377316505145894e-04
1.678797762288013473e-01 9.998895041176649734e-01 9.999668008097519767e-01 1.534537174308089435e-04
1.679217776836594567e-01 9.999520158781285417e-01 9.999667924662360985e-01 1.534206424302518774e-04
1.679637791166896932e-01 9.998395719588942798e-01 9.999667841227242171e-01 1.534206424302518774e-04
1.680057805642718449e-01 9.999587266866536428e-01 9.999667757792096712e-01 1.534206424302518774e-04
1.680477820045780391e-01 9.998014019159631172e-01 9.999667674356965685e-01 1.534298394109909495e-04
1.680897834521601908e-01 1.000043869258449680e+00 9.999667590921819116e-01 1.534229596782914879e-04
1.681317848924663849e-01 9.997893972131333129e-01 9.999667507486690310e-01 1.534206424302518774e-04
1.681737863327725790e-01 9.998823901039773920e-01 9.999667424051557063e-01 1.534609122078302529e-04
1.682157877730787732e-01 9.999135955581021085e-01 9.999667340616426037e-01 1.534206424302518774e-04
1.682577892133849673e-01 1.000038618126301015e+00 9.999667257181295010e-01 1.534206424302518774e-04
1.682997906609671190e-01 1.000093964449595862e+00 9.999667173746148441e-01 1.534206424302518774e-04
1.683417921012733132e-01 9.999678381611313283e-01 9.999667090311017414e-01 1.534206424302518774e-04
1.683837935488554649e-01 9.998954734008211886e-01 9.999667006875873065e-01 1.534206424302518774e-04
1.684257949818857014e-01 9.999832359455599340e-01 9.999666923440755362e-01 1.534206424302518774e-04
1.684677964367438108e-01 9.997779620353058894e-01 9.999666840005593249e-01 1.534206424302518774e-04
1.685097978697740473e-01 9.999910491518826383e-01 9.999666756570477766e-01 1.534206424302518774e-04
1.685517993173561990e-01 1.000053053931853064e+00 9.999666673135331196e-01 1.534315011062776905e-04
1.685938007576623932e-01 1.000049806014035703e+00 9.999666589700200170e-01 1.534206424302518774e-04
1.686358021979685873e-01 9.999585515515483358e-01 9.999666506265069144e-01 1.534289329262588102e-04
1.686778036455507390e-01 9.998936304420560361e-01 9.999666422829922574e-01 1.534206424302518774e-04
1.687198050785809755e-01 9.998619460720051810e-01 9.999666339394807091e-01 1.534206424302518774e-04
1.687618065334390849e-01 1.000062257367168694e+00 9.999666255959647199e-01 1.534206424302518774e-04
1.688038079664693214e-01 1.000295732328627674e+00 9.999666172524531715e-01 1.534206424302518774e-04
1.688458094140514731e-01 9.999621670123564066e-01 9.999666089089385146e-01 1.534206424302518774e-04
1.688878108543576673e-01 9.999407746400302832e-01 9.999666005654253009e-01 1.534212797234157293e-04
1.689298123019398190e-01 9.999877344179876060e-01 9.999665922219106440e-01 1.534206424302518774e-04
1.689718137422460131e-01 1.000109258118329958e+00 9.999665838783977634e-01 1.534206424302518774e-04
1.690138151825522073e-01 1.000185538213464342e+00 9.999665755348844387e-01 1.534206424302518774e-04
1.690558166228584014e-01 1.000046828502014096e+00 9.999665671913715581e-01 1.534206424302518774e-04
1.733399637523689307e-01 9.999629752068738275e-01 9.999656826219207595e-01 1.534372239431857200e-04
1.733819651853991672e-01 9.997854964326704508e-01 9.999656734857338414e-01 1.534206424302518774e-04
1.734239666402572766e-01 1.000053285221649046e+00 9.999656643495417052e-01 1.534206424302518774e-04
1.734659680732875131e-01 1.000322411513941745e+00 9.999656552133545651e-01 1.534371995297848131e-04
1.735079695281456225e-01 9.998775630499943112e-01 9.999656460771626509e-01 1.534784646548268728e-04
1.735499709611758590e-01 1.000021788905875786e+00 9.999656369409757328e-01 1.534206424302518774e-04
1.735919724014820531e-01 9.999359774785759880e-01 9.999656278047865943e-01 1.535063135596280816e-04
1.736339738490642048e-01 9.999456569490901003e-01 9.999656186685964565e-01 1.534386080450146920e-04
1.736759752893703990e-01 9.999544593151591387e-01 9.999656095324077620e-01 1.534206424302518774e-04
1.737179767369525507e-01 9.998793242545382931e-01 9.999656003962170692e-01 1.534206424302518774e-04
1.737599781699827872e-01 9.998714499784057130e-01 9.999655912600302621e-01 1.534229584070542220e-04
1.738019796175649390e-01 1.000148083841669200e+00 9.999655821238397913e-01 1.534206424302518774e-04
1.738439810578711331e-01 1.000213264798655022e+00 9.999655729876510968e-01 1.534261326528249948e-04
1.738859825054532848e-01 9.998706982336487137e-01 9.999655638514607370e-01 1.534206424302518774e-04
1.739279839384835213e-01 1.000171703700859283e+00 9.999655547152733748e-01 1.534206424302518774e-04
1.739699853933416307e-01 9.997463806288523491e-01 9.999655455790816827e-01 1.534258233243335711e-04
1.740119868263718672e-01 1.000005900822354299e+00 9.999655364428943205e-01 1.534206515565054226e-04
1.740539882739540190e-01 1.000047946388302966e+00 9.999655273067040717e-01 1.534211589969909954e-04
1.740959897142602131e-01 1.000107332443525010e+00 9.999655181705152662e-01 1.534206424302518774e-04
1.741379911472904496e-01 1.000241537641414658e+00 9.999655090343281261e-01 1.534427476798402943e-04
1.741799926021485589e-01 9.999359966561210955e-01 9.999654998981362120e-01 1.535431398836945428e-04
1.742219940351787955e-01 9.998523501250288215e-01 9.999654907619490718e-01 1.534206424302518774e-04
1.742639954827609472e-01 9.998460176769325969e-01 9.999654816257588230e-01 1.534206424302518774e-04
1.743059969230671413e-01 1.000012320794082088e+00 9.999654724895697955e-01 1.534253067624320819e-04
1.743479983706492931e-01 9.998543151680162611e-01 9.999654633533795467e-01 1.534206424302518774e-04
1.743899998109554872e-01 1.000047117372123928e+00 9.999654542171908522e-01 1.534206424302518774e-04
1.744320012512616813e-01 1.000062550173029807e+00 9.999654450810020467e-01 1.534206424302518774e-04
1.744740026915678754e-01 9.999070077930500844e-01 9.999654359448133523e-01 1.535013673990781266e-04
1.745160041391500272e-01 9.995907479838086473e-01 9.999654268086229925e-01 1.534206424302518774e-04
1.745580055794562213e-01 9.997562131549377895e-01 9.999654176724342980e-01 1.534206424302518774e-04
1.746000070124864578e-01 1.000015137132032494e+00 9.999654085362469358e-01 1.534206424302518774e-04
1.746420084673445672e-01 1.000003711612113433e+00 9.999653994000552437e-01 1.534609988466977199e-04
1.746840099003748037e-01 9.995725934286282532e-01 9.999653902638678815e-01 1.534206424302518774e-04
1.747260113552329130e-01 1.000075903992017734e+00 9.999653811276759674e-01 1.534206424302518774e-04
1.747680127882631496e-01 9.999831931073559499e-01 9.999653719914888272e-01 1.534206424302518774e-04
1.748100142358453013e-01 1.000035800215975712e+00 9.999653628552983564e-01 1.534206424302518774e-04
1.748520156761514954e-01 1.000511276462670684e+00 9.999653537191097730e-01 1.534206424302518774e-04
1.748940171164576896e-01 1.000136503280219413e+00 9.999653445829210785e-01 1.534342525411500015e-04
1.749360185567638837e-01 1.000024395094344598e+00 9.999653356805932036e-01 1.534206424302518774e-04
1.749780199970700778e-01 9.999266521519286632e-01 9.999653271581618874e-01 1.534206424302518774e-04
1.750200214446522295e-01 9.998580938561564269e-01 9.999653186357292389e-01 1.534942763686498394e-04
1.750620228849584237e-01 9.999347067296998626e-01 9.999653101132979227e-01 1.534228174868510625e-04
1.751040243325405754e-01 9.999003846764784598e-01 9.999653015908652742e-01 1.534206424302518774e-04
1.751460257655708119e-01 9.999321645767775824e-01 9.999652930684356233e-01 1.534206424302518774e-04
1.751880272204289213e-01 1.000015725840679881e+00 9.999652845460015316e-01 1.534206424302518774e-04
1.752300286534591578e-01 9.997242316268686313e-01 9.999652760235714366e-01 1.534206424302518774e-04
1.752720300937653519e-01 1.000095321196268872e+00 9.999652675011401204e-01 1.534206424302518774e-04
1.753140315413475037e-01 1.000146048395897269e+00 9.999652589787074719e-01 1.534244664023005022e-04
1.753560329816536978e-01 9.998903610979973378e-01 9.999652504562761557e-01 1.534206424302518774e-04
1.753980344292358495e-01 1.000098544170270332e+00 9.999652419338437292e-01 1.534206424302518774e-04
1.754400358622660860e-01 1.000047049608799865e+00 9.999652334114137453e-01 1.534252462922152218e-04
1.754820373098482378e-01 9.999469360951345198e-01 9.999652248889810968e-01 1.534675479747241763e-04
1.755240387501544319e-01 9.999887900388167994e-01 9.999652163665498916e-01 1.534206424302518774e-04
1.755660401977365837e-01 1.000002042866521945e+00 9.999652078441170211e-01 1.534206424302518774e-04
1.756080416307668202e-01 1.000024753409589406e+00 9.999651993216872592e-01 1.534206424302518774e-04
1.756500430856249295e-01 1.000159675331793618e+00 9.999651907992530564e-01 1.534206424302518774e-04
1.756920445186551660e-01 1.000123014482245942e+00 9.999651822768232945e-01 1.534206424302518774e-04
1.757340459589613602e-01 1.000084082611513159e+00 9.999651737543922003e-01 1.534206424302518774e-04
1.757760474065435119e-01 9.998579402474162547e-01 9.999651652319593298e-01 1.534206424302518774e-04
1.758180488395737484e-01 9.998551961501153107e-01 9.999651567095294569e-01 1.534210876074434287e-04
1.758600502944318578e-01 1.000216003491105843e+00 9.999651481870952541e-01 1.534206424302518774e-04
1.759020517274620943e-01 1.000032397677856011e+00 9.999651396646654922e-01 1.534796077157731160e-04
1.759440531750442460e-01 9.999499574746129049e-01 9.999651311422326216e-01 1.534206424302518774e-04
1.759860546153504401e-01 9.999733394627867700e-01 9.999651226198015275e-01 1.534206424302518774e-04
1.760280560629325919e-01 9.996574023498776551e-01 9.999651140973688790e-01 1.534206424302518774e-04
1.760700574959628284e-01 9.997567454774063389e-01 9.999651055749391171e-01 1.534206424302518774e-04
1.761120589435449801e-01 9.998638863159785561e-01 9.999650970525064686e-01 1.534206424302518774e-04
1.761540603838511743e-01 1.000102857030963799e+00 9.999650885300749303e-01 1.534328220300840617e-04
1.761960618314333260e-01 9.999916712840768440e-01 9.999650800076423929e-01 1.534206424302518774e-04
1.762380632717395201e-01 9.999758435576938664e-01 9.999650714852110767e-01 1.534206424302518774e-04
1.762800647047697566e-01 9.999028400004814632e-01 9.999650629627813148e-01 1.534206424302518774e-04
1.763220661596278660e-01 9.998125235055512761e-01 9.999650544403471120e-01 1.534216219583484780e-04
1.763640675926581025e-01 9.998455379642354757e-01 9.999650459179173501e-01 1.535558623042633021e-04
1.764060690402402543e-01 9.999766570328942894e-01 9.999650373954847016e-01 1.534902002350807635e-04
1.764480704805464484e-01 9.997338708559353471e-01 9.999650288730533854e-01 1.534206424302518774e-04
1.764900719281286001e-01 9.998652773819526329e-01 9.999650203506207369e-01 1.534206424302518774e-04
1.765320733611588366e-01 9.999370884943152848e-01 9.999650118281908640e-01 1.534206424302518774e-04
1.765740748087409884e-01 9.998557860065695468e-01 9.999650033057579934e-01 1.534206424302518774e-04
1.766160762490471825e-01 9.998442787959594957e-01 9.999649947833268993e-01 1.534206424302518774e-04
1.766580776893533766e-01 9.997443211729541979e-01 9.999649862608955830e-01 1.534206424302518774e-04
1.767000791369355284e-01 9.997965103096150274e-01 9.999649777384629346e-01 1.534496007263510425e-04
1.767420805699657649e-01 9.999283651377629534e-01 9.999649692160331726e-01 1.534206424302518774e-04
1.767840820248238742e-01 1.000098081168393716e+00 9.999649606935989699e-01 1.534225490832801550e-04
1.768260834578541107e-01 9.997692824296831038e-01 9.999649521711690969e-01 1.534238950456828310e-04
1.768680849054362625e-01 9.999418317928882027e-01 9.999649436487362264e-01 1.534530564291223978e-04
1.769100863457424566e-01 9.997978289879270175e-01 9.999649351263051322e-01 1.534206424302518774e-04
1.769520877860486507e-01 9.999119619313850960e-01 9.999649266038740381e-01 1.534206424302518774e-04
1.769940892336308025e-01 9.999959556780381176e-01 9.999649180814411675e-01 1.534206424302518774e-04
1.770360906739369966e-01 9.999063903598229830e-01 9.999649110255880435e-01 1.534440909478335233e-04
1.770780921142431907e-01 1.000053857460943219e+00 9.999649045562207794e-01 1.534210090378620322e-04
1.771200935545493849e-01 9.999951209494083448e-01 9.999648980868536263e-01 1.534206424302518774e-04
1.771620950021315366e-01 9.998951764672634468e-01 9.999648916174855851e-01 1.534206424302518774e-04
1.772040964351617731e-01 9.999001376825117360e-01 9.999648851481196532e-01 1.534206424302518774e-04
1.772460978900198825e-01 9.999275319370001247e-01 9.999648786787502797e-01 1.534206424302518774e-04
1.772880993230501190e-01 1.000007659497931467e+00 9.999648722093840147e-01 1.534206424302518774e-04
1.773301007706322707e-01 9.997120993592779614e-01 9.999648657400159735e-01 1.534206424302518774e-04
1.773721022109384649e-01 1.000000126834553527e+00 9.999648592706487094e-01 1.534206424302518774e-04
1.774141036512446590e-01 9.998351654490530427e-01 9.999648528012815563e-01 1.534206424302518774e-04
1.774561050988268107e-01 1.000063325977291973e+00 9.999648463319135150e-01 1.534215211642864435e-04
1.774981065318570472e-01 9.997466139396323781e-01 9.999648398625473611e-01 1.534206424302518774e-04
1.775401079794391990e-01 9.999170174706132341e-01 9.999648333931790978e-01 1.534206424302518774e-04
1.775821094197453931e-01 9.996734630690939927e-01 9.999648269238119447e-01 1.534206424302518774e-04
1.776241108673275448e-01 1.000024647165747682e+00 9.999648204544437924e-01 1.535209161305006785e-04
1.776661123003577814e-01 1.000132568744059203e+00 9.999648139850777495e-01 1.534241658377197097e-04
1.777081137552158907e-01 9.998310897876432346e-01 9.999648075157083760e-01 1.534206424302518774e-04
1.777501151882461272e-01 9.999921201302758300e-01 9.999648010463423331e-01 1.534206424302518774e-04
1.777921166285523213e-01 9.996488060527267683e-01 9.999647945769752910e-01 1.534206424302518774e-04
1.778341180761344731e-01 1.000100912800682584e+00 9.999647881076070277e-01 1.534206424302518774e-04
1.778761195164406672e-01 1.000105782760656536e+00 9.999647816382398746e-01 1.534206424302518774e-04
1.779181209567468613e-01 9.997012317251497970e-01 9.999647751688728325e-01 1.534348820623066402e-04
1.779601223970530555e-01 9.998551517002207678e-01 9.999647686995056795e-01 1.534206424302518774e-04
1.780021238446352072e-01 9.998281882717340308e-01 9.999647622301374161e-01 1.534269643749533658e-04
1.780441252849414013e-01 9.997718431604181166e-01 9.999647557607702630e-01 1.534236847795474631e-04
1.780861267325235531e-01 9.998215285896773219e-01 9.999647492914021107e-01 1.534206424302518774e-04
1.781281281655537896e-01 9.997871948801857478e-01 9.999647428220360679e-01 1.534206424302518774e-04
1.781701296204118989e-01 1.000023637300681667e+00 9.999647363526669164e-01 1.534206424302518774e-04
1.782121310534421355e-01 1.000071362477301884e+00 9.999647298833005404e-01 1.534206424302518774e-04
1.782541324937483296e-01 9.996160168341549079e-01 9.999647234139333873e-01 1.534394749869681120e-04
1.782961339413304813e-01 9.998920000254705176e-01 9.999647169445653461e-01 1.534206424302518774e-04
1.783381353743607178e-01 9.999253224891888614e-01 9.999647104751994142e-01 1.534206424302518774e-04
1.783801368219428696e-01 9.997986804693348439e-01 9.999647040058309289e-01 1.534228174868510625e-04
1.784221382622490637e-01 9.998851334355802756e-01 9.999646975364639978e-01 1.534216553170136463e-04
1.784641397098312154e-01 9.998923413189116927e-01 9.999646910670957345e-01 1.534206424302518774e-04
1.785061411501374096e-01 9.998464440888584770e-01 9.999646845977284704e-01 1.534206424302518774e-04
1.785481425977195613e-01 9.999055834955071775e-01 9.999646781283604291e-01 1.534206424302518774e-04
1.785901440307497978e-01 9.998005163547148966e-01 9.999646716589943862e-01 1.534899052264166190e-04
1.786321454783319496e-01 9.998959198523126313e-01 9.999646651896261229e-01 1.534910663491208434e-04
1.786741469186381437e-01 9.998291531201156657e-01 9.999646587202588588e-01 1.534206424302518774e-04
1.787161483589443378e-01 1.000000013433259394e+00 9.999646522508919277e-01 1.534206424302518774e-04
1.787581498065264896e-01 9.999088886250728780e-01 9.999646457815236644e-01 1.534216365826555873e-04
1.788001512395567261e-01 1.000035258027546448e+00 9.999646393121577326e-01 1.534206424302518774e-04
1.788421526871388778e-01 9.999589589915115484e-01 9.999646328427892472e-01 1.534258126650703312e-04
1.788841541274450719e-01 9.998987684942427512e-01 9.999646263734223162e-01 1.534206424302518774e-04
1.789261555750272237e-01 9.999009821680712173e-01 9.999646199040539418e-01 1.534206424302518774e-04
1.789681570080574602e-01 9.999414008089796413e-01 9.999646134346881210e-01 1.534206424302518774e-04
1.790101584629155695e-01 9.999553667170186788e-01 9.999646069653187475e-01 1.534425428796310322e-04
1.790521598959458061e-01 9.999979556750309140e-01 9.999646004959527046e-01 1.534224977098534292e-04
1.790941613435279578e-01 9.997793169924416024e-01 9.999645940265843302e-01 1.534206424302518774e-04
1.791361627838341519e-01 1.000135750049443439e+00 9.999645875572171771e-01 1.534206424302518774e-04
1.791781642168643884e-01 9.999890809212894638e-01 9.999645810878513563e-01 1.534206424302518774e-04
1.792201656717224978e-01 1.000172310586579183e+00 9.999645746184818718e-01 1.534199291602176955e-04
1.792621671047527343e-01 1.000066879596842373e+00 9.999645681491160509e-01 1.534206424302518774e-04
1.793041685523348860e-01 9.998649669193261369e-01 9.999645616797475656e-01 1.534206424302518774e-04
1.793461699926410802e-01 1.000052644344203268e+00 9.999645552103804125e-01 1.534206424302518774e-04
1.793881714402232319e-01 9.998924416409237237e-01 9.999645487410122602e-01 1.534692795156246934e-04
1.794301728732534684e-01 1.000092479973319515e+00 9.999645422716464394e-01 1.534206424302518774e-04
1.794721743208356202e-01 1.000155129908747442e+00 9.999645358022779540e-01 1.534228174868510625e-04
1.795141757611418143e-01 9.997155382217421948e-01 9.999645293329109119e-01 1.534206424302518774e-04
1.795561772014480084e-01 9.999900801989947130e-01 9.999645228635437588e-01 1.534843496738102619e-04
1.795981786490301602e-01 9.999526553661807204e-01 9.999645163941754955e-01 1.534206424302518774e-04
1.796401800820603967e-01 9.999366944608029106e-01 9.999645099248095637e-01 1.534315499104432334e-04
1.796821815296425484e-01 9.999394075486313094e-01 9.999645034554413003e-01 1.534635697806200965e-04
1.797241829699487425e-01 1.000070724123715227e+00 9.999644969860741472e-01 1.534206424302518774e-04
1.797661844175308943e-01 1.000053840074562883e+00 9.999644905167058839e-01 1.534206424302518774e-04
1.798081858578370884e-01 1.000095071213600972e+00 9.999644840473388419e-01 1.534206424302518774e-04
1.798501872981432825e-01 9.997055487115558137e-01 9.999644775779716888e-01 1.534206424302518774e-04
1.798921887384494767e-01 9.999373302273207864e-01 9.999644711086047577e-01 1.534206424302518774e-04
1.799341901860316284e-01 9.998595967166740150e-01 9.999644646392362723e-01 1.534206424302518774e-04
1.799761916263378225e-01 9.999415735420573714e-01 9.999644581698692303e-01 1.534463839553238957e-04
1.800181930593680590e-01 9.996955560016546061e-01 9.999644517005031874e-01 1.534206424302518774e-04
1.800601945142261684e-01 1.000027386114294092e+00 9.999644452311338139e-01 1.534407027305805893e-04
1.801021959472564049e-01 9.999856287445664238e-01 9.999644387617678820e-01 1.534206424302518774e-04
1.801441973948385566e-01 1.000053891514930182e+00 9.999644322923996187e-01 1.534206424302518774e-04
1.801861988351447508e-01 9.999798505114885216e-01 9.999644258230326876e-01 1.534206424302518774e-04
1.802282002827269025e-01 1.000018342401422622e+00 9.999644193536640913e-01 1.534206424302518774e-04
1.802702017157571390e-01 9.999098127501270250e-01 9.999644128842982704e-01 1.534491255638408740e-04
1.803122031633392908e-01 9.998324461306805633e-01 9.999644064149297851e-01 1.534206424302518774e-04
1.803542046036454849e-01 9.998169968016848985e-01 9.999643999455630761e-01 1.534348516306258104e-04
1.803962060439516790e-01 9.999129322325360780e-01 9.999643934761958119e-01 1.534206424302518774e-04
1.804382074915338308e-01 9.999094137010640093e-01 9.999643870068273266e-01 1.534206424302518774e-04
1.804802089245640673e-01 9.998411902050264866e-01 9.999643805374615058e-01 1.534206424302518774e-04
1.805222103794221766e-01 9.999399633884697991e-01 9.999643740680920212e-01 1.534334115976977578e-04
1.805642118124524131e-01 9.998438615234828131e-01 9.999643675987262004e-01 1.534206424302518774e-04
1.806062132600345649e-01 9.998460272981261054e-01 9.999643611293579371e-01 1.534206424302518774e-04
1.806482147003407590e-01 9.999801829150914978e-01 9.999643546599907840e-01 1.534206424302518774e-04
1.806902161406469531e-01 1.000023459895338140e+00 9.999643481906235198e-01 1.534206424302518774e-04
1.807322175809531473e-01 1.000111735148295322e+00 9.999643403494685723e-01 1.534222097221367746e-04
1.807742190285352990e-01 1.000084795081033207e+00 9.999643316210461430e-01 1.534206424302518774e-04
1.808162204688414931e-01 1.000063600302017131e+00 9.999643228926256011e-01 1.534339161139995134e-04
1.808582219018717296e-01 9.999697134795959563e-01 9.999643141642062805e-01 1.534206424302518774e-04
1.809002233567298390e-01 1.000020203605608282e+00 9.999643054357828520e-01 1.534570615851699790e-04
1.809422247897600755e-01 1.000026123411874135e+00 9.999642967073637534e-01 1.534206424302518774e-04
1.809842262373422273e-01 9.997242019992341744e-01 9.999642879789414351e-01 1.534268247227379284e-04
1.810262276776484214e-01 9.999529739447503562e-01 9.999642792505207822e-01 1.534231933525342039e-04
1.810682291252305731e-01 9.999909592834395067e-01 9.999642705220986860e-01 1.534206424302518774e-04
1.811102305582608096e-01 1.000183757414504049e+00 9.999642617936795874e-01 1.534206424302518774e-04
1.811522320058429614e-01 9.998646254320852078e-01 9.999642530652572692e-01 1.534206424302518774e-04
1.811942334461491555e-01 1.000070865766198747e+00 9.999642443368366163e-01 1.534206424302518774e-04
1.812362348864553496e-01 1.000048011852116669e+00 9.999642356084160744e-01 1.534292369179267486e-04
1.812782363340375014e-01 1.000030582530797130e+00 9.999642268799938671e-01 1.534206424302518774e-04
1.813202377670677379e-01 1.000071212003946330e+00 9.999642181515747685e-01 1.534530775826786265e-04
1.813622392146498896e-01 9.999341921112397946e-01 9.999642094231524503e-01 1.534216553170136463e-04
1.814042406549560837e-01 1.000055414340947246e+00 9.999642006947317974e-01 1.534206424302518774e-04
1.814462421025382355e-01 1.000159215773213761e+00 9.999641919663097012e-01 1.534206424302518774e-04
1.814882435355684720e-01 1.000122440553742553e+00 9.999641832378906026e-01 1.534293854309124849e-04
1.815302449831506237e-01 9.998731431731271435e-01 9.999641745094682843e-01 1.534231933525342039e-04
1.815722464234568179e-01 9.998221300520155896e-01 9.999641657810476314e-01 1.534682894968801916e-04
1.816142478710389696e-01 1.000108222640332611e+00 9.999641570526255352e-01 1.534435655932578444e-04
1.816562493113451637e-01 1.000162374081420724e+00 9.999641483242048823e-01 1.534206424302518774e-04
1.816982507443754002e-01 9.999677991694666535e-01 9.999641395957858947e-01 1.534642140419562441e-04
1.817402521992335096e-01 1.000180135886574728e+00 9.999641308673619111e-01 1.534206424302518774e-04
1.817822536322637461e-01 9.999057157394879436e-01 9.999641221389429235e-01 1.534206424302518774e-04
1.818242550798458979e-01 9.999705771698047529e-01 9.999641134105207163e-01 1.535183043104523012e-04
1.818662565201520920e-01 1.000087414250365736e+00 9.999641046820999524e-01 1.534206424302518774e-04
1.819082579677342437e-01 1.000018167573759609e+00 9.999640959536777451e-01 1.534206424302518774e-04
1.819502594007644802e-01 9.998548552533297329e-01 9.999640872252587576e-01 1.534820325150974721e-04
1.819922608483466320e-01 9.998652506109139138e-01 9.999640784968365503e-01 1.534546200396421322e-04
1.820342622886528261e-01 9.996701903783129506e-01 9.999640697684160084e-01 1.534228174868510625e-04
1.820762637289590202e-01 1.000022976714118439e+00 9.999640610399951335e-01 1.534394632222510360e-04
1.821182651765411720e-01 9.998923267898078837e-01 9.999640523115730373e-01 1.534206424302518774e-04
1.821602666095714085e-01 9.997622953729892181e-01 9.999640435831539387e-01 1.534235071598416273e-04
1.822022680571535602e-01 9.997958493985141804e-01 9.999640348547318425e-01 1.534231933525342039e-04
1.822442694974597543e-01 9.998462984219944616e-01 9.999640261263109675e-01 1.534206424302518774e-04
1.822862709450419061e-01 9.999835319914721632e-01 9.999640173978888713e-01 1.534855052436356643e-04
1.823282723780721426e-01 9.996873285733857140e-01 9.999640086694697727e-01 1.534227223274408172e-04
1.823702738256542943e-01 9.997297547095685966e-01 9.999639999410473434e-01 1.534705172515012670e-04
1.824122752659604885e-01 9.999943838031445376e-01 9.999639912126270236e-01 1.534604006561074234e-04
1.824542767062666826e-01 9.999795917994309669e-01 9.999639824842061486e-01 1.534206424302518774e-04
1.824962781538488343e-01 9.995316216637394335e-01 9.999639737557840524e-01 1.534206424302518774e-04
1.825382795868790708e-01 1.000040570946026275e+00 9.999639650273649538e-01 1.534206424302518774e-04
1.825802810344612226e-01 9.998838396239954074e-01 9.999639562989426356e-01 1.534703520627365818e-04
1.826222824747674167e-01 1.000124427614407452e+00 9.999639475705219827e-01 1.534206424302518774e-04
1.826642839223495685e-01 1.000033281308630340e+00 9.999639388420998865e-01 1.534206424302518774e-04
1.827062853553798050e-01 9.997784769088104984e-01 9.999639301136807878e-01 1.534206424302518774e-04
1.827482868102379143e-01 9.997694328340448466e-01 9.999639213852571373e-01 1.534511404738875999e-04
1.827902882432681508e-01 9.999063988257901325e-01 9.999639126568378167e-01 1.534206424302518774e-04
1.828322896835743450e-01 9.997360591736202950e-01 9.999639039284172748e-01 1.534228174868510625e-04
1.828742911311564967e-01 9.999007444127063771e-01 9.999638951999950676e-01 1.534284193530978152e-04
1.829162925714626908e-01 9.999538438415551678e-01 9.999638864715743036e-01 1.534206424302518774e-04
1.829582940117688850e-01 9.997987537674222214e-01 9.999638777431536507e-01 1.534206424302518774e-04
1.830002954520750791e-01 1.000001982273422074e+00 9.999638690147331088e-01 1.534206424302518774e-04
1.830422968996572308e-01 9.998943467794940698e-01 9.999638602863109016e-01 1.534208497787820959e-04
1.830842983326874673e-01 9.997864949033008486e-01 9.999638515578918030e-01 1.534206424302518774e-04
1.831262997875455767e-01 9.996686323446419831e-01 9.999638428294681525e-01 1.534206424302518774e-04
1.831683012205758132e-01 9.997213864616653067e-01 9.999638341010488318e-01 1.534206424302518774e-04
1.832103026681579649e-01 9.998229198874667434e-01 9.999638253726269577e-01 1.534206424302518774e-04
1.832523041084641591e-01 1.000070451761676082e+00 9.999638166442060827e-01 1.534206424302518774e-04
1.832943055487703532e-01 9.998794820496971214e-01 9.999638079157853188e-01 1.534206424302518774e-04
1.833363069963525049e-01 9.997537689238882308e-01 9.999637991873633336e-01 1.534206424302518774e-04
1.833783084293827415e-01 9.998386808696339001e-01 9.999637904589441240e-01 1.534219182037271836e-04
1.834203098769648932e-01 9.999274913193584302e-01 9.999637817305219167e-01 1.534308795579221549e-04
1.834623113172710873e-01 9.998450791259347881e-01 9.999637730021013748e-01 1.535140991337144423e-04
1.835043127648532391e-01 1.000044568283157798e+00 9.999637642736791676e-01 1.534206424302518774e-04
1.835463141978834756e-01 9.997824370443514352e-01 9.999637555452599580e-01 1.534206424302518774e-04
1.835883156527415849e-01 9.998754026694183228e-01 9.999637468168361965e-01 1.534567570788423823e-04
1.836303170857718214e-01 9.996970865009108254e-01 9.999637380884172089e-01 1.534206424302518774e-04
1.836723185260780156e-01 1.000066990379839149e+00 9.999637293599965560e-01 1.534206424302518774e-04
1.837143199736601673e-01 9.999312010182526134e-01 9.999637206315744598e-01 1.534655755941451095e-04
1.837563214139663614e-01 9.998506058431304577e-01 9.999637119031538068e-01 1.534284488757769029e-04
1.837983228542725556e-01 1.000022532416233290e+00 9.999637031747330429e-01 1.534206424302518774e-04
1.838403242945787497e-01 1.000010246588185714e+00 9.999636944463123900e-01 1.534206424302518774e-04
1.838823257421609014e-01 9.999419358364354249e-01 9.999636857178902938e-01 1.534206424302518774e-04
1.839243271751911379e-01 1.000115394864462548e+00 9.999636769894709731e-01 1.534485029204034953e-04
1.839663286300492473e-01 1.000164358909645390e+00 9.999636682610473226e-01 1.534206424302518774e-04
1.840083300630794838e-01 9.996656703099400243e-01 9.999636595326282240e-01 1.534404594284768648e-04
1.840503315033856779e-01 9.996543270812802140e-01 9.999636508042075711e-01 1.534207792216293648e-04
1.840923329509678297e-01 9.995615912135753511e-01 9.999636420757854749e-01 1.534254954212128182e-04
1.841343343912740238e-01 9.998944545815963147e-01 9.999636333473648220e-01 1.534534769096260035e-04
1.841763358315802179e-01 9.999706481428062288e-01 9.999636246189440580e-01 1.534206424302518774e-04
1.842183372718864121e-01 9.999437962974485616e-01 9.999636158905234051e-01 1.534206424302518774e-04
1.842603387194685638e-01 9.998726672403570603e-01 9.999636071621013089e-01 1.534206424302518774e-04
1.843023401524988003e-01 9.998854195112457655e-01 9.999635984336819883e-01 1.534206424302518774e-04
1.843443416073569097e-01 9.999801190046787580e-01 9.999635897052583378e-01 1.534206424302518774e-04
1.843863430403871462e-01 9.997719086760615825e-01 9.999635809768392392e-01 1.534206424302518774e-04
1.844283444879692979e-01 1.000089739660694699e+00 9.999635722484171430e-01 1.534206424302518774e-04
1.844703459282754920e-01 9.998468507232967095e-01 9.999635635199964900e-01 1.534206424302518774e-04
1.845123473685816862e-01 9.998177824774632239e-01 9.999635547915759481e-01 1.534206424302518774e-04
1.845543488088878803e-01 9.996852281908931159e-01 9.999635460631550732e-01 1.534206424302518774e-04
1.845963502491940744e-01 9.999484968217017267e-01 9.999635373347345313e-01 1.534206424302518774e-04
1.846383516967762262e-01 9.997522367703672863e-01 9.999635286063123241e-01 1.534206424302518774e-04
1.846803531298064627e-01 9.999327922459370077e-01 9.999635198778930034e-01 1.534206424302518774e-04
1.847223545846645720e-01 9.999043429791552029e-01 9.999635111494693529e-01 1.534206424302518774e-04
1.847643560176948085e-01 1.000012943607245353e+00 9.999635024210502543e-01 1.534206424302518774e-04
1.848063574652769603e-01 9.998412309648523344e-01 9.999634936926281581e-01 1.534206424302518774e-04
1.848483589055831544e-01 1.000056679274277105e+00 9.999634849642075052e-01 1.534206424302518774e-04
1.848903603458893485e-01 9.998039801654331482e-01 9.999634762357869633e-01 1.534206424302518774e-04
1.849323617861955427e-01 1.000093145236182757e+00 9.999634675073660883e-01 1.534340131061926805e-04
1.849743632337776944e-01 9.999962345228228244e-01 9.999634587789439921e-01 1.534206424302518774e-04
1.850163646740838885e-01 1.000165263155136763e+00 9.999634500505233392e-01 1.534206424302518774e-04
1.850583661071141250e-01 9.999719325820165539e-01 9.999634413221041296e-01 1.534984847846180612e-04
1.851003675619722344e-01 9.999322311935928687e-01 9.999634325936803680e-01 1.534206424302518774e-04
1.851423689950024709e-01 9.997594641679203864e-01 9.999634238652613805e-01 1.534206424302518774e-04
1.851843704425846227e-01 9.999542307043957079e-01 9.999634151368391732e-01 1.534254291473151528e-04
1.852263718828908168e-01 1.000060061650542842e+00 9.999634064084186313e-01 1.534206424302518774e-04
1.852683733304729685e-01 9.997764628863176073e-01 9.999633976799962021e-01 1.534206424302518774e-04
1.853103747635032050e-01 9.996264235693442801e-01 9.999633889515772145e-01 1.534206424302518774e-04
1.853523762110853568e-01 9.995412502986775749e-01 9.999633802231550073e-01 1.534206424302518774e-04
1.853943776513915509e-01 9.999382140255258511e-01 9.999633714947344654e-01 1.534206424302518774e-04
1.854363790844217874e-01 1.000001705346886594e+00 9.999633627663151447e-01 1.534206424302518774e-04
1.854783805320039392e-01 9.999320026658460314e-01 9.999633540378932706e-01 1.534206424302518774e-04
1.855203819723101333e-01 1.000018571122677891e+00 9.999633453094723956e-01 1.534482137561247919e-04
1.855623834198922850e-01 9.999181248996078519e-01 9.999633365810502994e-01 1.534206424302518774e-04
1.856043848529225215e-01 1.000030007634665097e+00 9.999633278526309788e-01 1.534206424302518774e-04
1.856463863077806309e-01 9.999774335445323903e-01 9.999633191242073282e-01 1.534206424302518774e-04
1.856883877408108674e-01 9.999215159781632556e-01 9.999633103957882296e-01 1.534206424302518774e-04
1.857303891811170615e-01 9.998548748240546624e-01 9.999633016673675767e-01 1.534206424302518774e-04
1.857723906286992133e-01 9.997089451344853828e-01 9.999632929389454805e-01 1.534206424302518774e-04
1.858143920690054074e-01 9.997671027963864754e-01 9.999632842105248276e-01 1.534206424302518774e-04
1.858563935093116015e-01 9.998579481188708540e-01 9.999632754821042857e-01 1.534232813415482280e-04
1.858983949496177956e-01 9.997234936535606131e-01 9.999632667536834107e-01 1.534206424302518774e-04
1.859403963971999474e-01 1.000075568305518692e+00 9.999632580252613145e-01 1.534206424302518774e-04
1.859823978302301839e-01 1.000124313352808381e+00 9.999632492968419939e-01 1.534206424302518774e-04
1.860243992850882933e-01 9.996878295577417139e-01 9.999632405684183434e-01 1.534206515565054226e-04
1.860664007181185298e-01 1.000055191681998634e+00 9.999632318399992448e-01 1.534206424302518774e-04
1.861084021657006815e-01 9.998416412935628994e-01 9.999632231115771486e-01 1.534209789418859195e-04
1.861504036060068756e-01 9.999545961422763307e-01 9.999632143831564957e-01 1.534206424302518774e-04
1.861924050463130698e-01 9.999296457278000760e-01 9.999632056547359538e-01 1.534336147791982180e-04
1.862344064866192639e-01 9.999719842001104642e-01 9.999631969263153008e-01 1.534206424302518774e-04
1.862764079269254580e-01 9.999252635890020224e-01 9.999631881978945369e-01 1.534206424302518774e-04
1.863184093745076098e-01 9.996711725067003451e-01 9.999631794694723297e-01 1.534206424302518774e-04
1.863604108075378463e-01 9.997698695305093919e-01 9.999631707410530090e-01 1.534245425152036730e-04
1.864024122623959556e-01 9.999950714367862314e-01 9.999631620126293585e-01 1.534206424302518774e-04
1.864444136954261921e-01 9.999080903862036518e-01 9.999631532842102599e-01 1.534206424302518774e-04
1.864864151430083439e-01 9.999018335803202540e-01 9.999631437763724096e-01 1.534206424302518774e-04
1.865284165833145380e-01 1.000269460003263555e+00 9.999631342123935784e-01 1.534206424302518774e-04
1.865704180236207321e-01 9.995468259251933940e-01 9.999631246484147473e-01 1.534206424302518774e-04
1.866124194639269263e-01 1.000092221474602416e+00 9.999631150844360272e-01 1.534282900468401109e-04
1.866544209115090780e-01 9.999183035134967534e-01 9.999631055204556418e-01 1.534206424302518774e-04
1.866964223518152721e-01 9.996918708296760325e-01 9.999630959564770327e-01 1.534206424302518774e-04
1.867384237848455086e-01 9.998638757908134833e-01 9.999630863924996449e-01 1.534206424302518774e-04
1.867804252397036180e-01 9.997552743095388106e-01 9.999630768285177052e-01 1.534206424302518774e-04
1.868224266727338545e-01 9.999076536318888264e-01 9.999630672645406504e-01 1.534206424302518774e-04
1.868644281203160062e-01 9.997929595998804597e-01 9.999630577005601539e-01 1.534206424302518774e-04
1.869064295606222004e-01 1.000069632950176368e+00 9.999630481365815449e-01 1.534206424302518774e-04
1.869484310082043521e-01 9.999591936893700295e-01 9.999630385726011594e-01 1.534206424302518774e-04
1.869904324412345886e-01 9.996539978822817085e-01 9.999630290086237716e-01 1.534427545911417137e-04
1.870324338888167404e-01 1.000078618488447812e+00 9.999630194446433862e-01 1.534878498416058633e-04
1.870744353291229345e-01 9.997559031267181373e-01 9.999630098806647771e-01 1.534206424302518774e-04
1.871164367621531710e-01 1.000151313148676335e+00 9.999630003166873893e-01 1.534206424302518774e-04
1.871584382097353227e-01 9.999041205526376652e-01 9.999629907527070038e-01 1.534206424302518774e-04
1.872004396500415169e-01 9.998217788044211352e-01 9.999629811887283948e-01 1.534357707635919724e-04
1.872424410976236686e-01 9.997983327573347623e-01 9.999629716247480093e-01 1.534206424302518774e-04
1.872844425306539051e-01 9.998059079645528202e-01 9.999629620607708436e-01 1.534206424302518774e-04
1.873264439855120145e-01 9.997219329109217067e-01 9.999629524967889038e-01 1.534206424302518774e-04
1.873684454185422510e-01 1.000245406856894448e+00 9.999629429328116270e-01 1.534206424302518774e-04
1.874104468588484451e-01 9.997844879008528363e-01 9.999629333688329069e-01 1.534206424302518774e-04
1.874524483064305969e-01 9.998985400452581329e-01 9.999629238048525215e-01 1.534206424302518774e-04
1.874944497467367910e-01 9.997656717039615781e-01 9.999629142408739124e-01 1.534206424302518774e-04
1.875364511870429851e-01 9.999765616168513338e-01 9.999629046768949703e-01 1.534206424302518774e-04
1.875784526273491792e-01 9.998298415004694961e-01 9.999628951129161392e-01 1.534206424302518774e-04
1.876204540749313310e-01 9.998540492634421240e-01 9.999628855489357537e-01 1.534206424302518774e-04
