# time, flux, model, err
8.400289523706305772e-03 9.997669385673193521e-01 1.000000000000000000e+00 1.399832614147165520e-04
8.442290971288457513e-03 9.998633707918285207e-01 9.999997236930492361e-01 1.399822937753685090e-04
8.484292418870609254e-03 9.999221253468700832e-01 9.999994473860981392e-01 1.399969600950936568e-04
8.526293866452760994e-03 9.998592935613395127e-01 9.999991710791472643e-01 1.399837017489349942e-04
8.568295306758955121e-03 9.996898169254918587e-01 9.999988947722441290e-01 1.399822937753685090e-04
8.610296761617064476e-03 1.000074978186418662e+00 9.999986184652454035e-01 1.399822937753685090e-04
8.652298201923258603e-03 9.999037974827277298e-01 9.999983421583423793e-01 1.399822937753685090e-04
8.694299656781367958e-03 9.999117232571750336e-01 9.999980658513435428e-01 1.399822937753685090e-04
8.736301097087562084e-03 9.998377872925060528e-01 9.999977895444404075e-01 1.399822937753685090e-04
8.778302551945671439e-03 9.999778346853259725e-01 9.999975132374416820e-01 1.399822937753685090e-04
8.820303999527823180e-03 9.999839600786172289e-01 9.999972369304908071e-01 1.399822937753685090e-04
8.862305447109974921e-03 1.000189205751573551e+00 9.999969606235400432e-01 1.399822937753685090e-04
8.904306894692126662e-03 1.000354768459740029e+00 9.999966843165889463e-01 1.399822937753685090e-04
8.946308342274278402e-03 1.000066098382829560e+00 9.999964080096380714e-01 1.399957553678857442e-04
8.988309789856430143e-03 9.998650436750695647e-01 9.999961317026870855e-01 1.399824565652410470e-04
9.030311230162624270e-03 9.999358763194204913e-01 9.999958553957839502e-01 1.400375523030577814e-04
9.072312685020733625e-03 9.999967095715267540e-01 9.999955790887852247e-01 1.399822937753685090e-04
9.114314125326927751e-03 9.997577710110324700e-01 9.999953027818820894e-01 1.399822937753685090e-04
9.156315580185037106e-03 9.998995697673477290e-01 9.999950264748833639e-01 1.399822937753685090e-04
9.198317020491231233e-03 1.000041732066559996e+00 9.999947501679804507e-01 1.399822937753685090e-04
9.240318468073382974e-03 9.997964694436147770e-01 9.999944738610293538e-01 1.399952173528219018e-04
9.282319915655534714e-03 1.000136269034587855e+00 9.999941975540783679e-01 1.399822937753685090e-04
9.324321370513644069e-03 1.000075219481448840e+00 9.999939212470797534e-01 1.399870664910411885e-04
9.366322818095795810e-03 9.997043494288657683e-01 9.999936449401287675e-01 1.399829068456754321e-04
9.408324258401989937e-03 1.000198146469358784e+00 9.999933686332256322e-01 1.399833312158497143e-04
9.450325713260099292e-03 1.000143966817494290e+00 9.999930923262267957e-01 1.399822937753685090e-04
9.492327153566293418e-03 9.999746819742655335e-01 9.999928160193239934e-01 1.399822937753685090e-04
9.534328608424402773e-03 9.998953719401049156e-01 9.999925397123251569e-01 1.399822937753685090e-04
9.576330048730596900e-03 1.000124097638717124e+00 9.999922634054220216e-01 1.399822937753685090e-04
9.618331503588706255e-03 1.000025991098154377e+00 9.999919870984232961e-01 1.399822937753685090e-04
9.660332943894900382e-03 1.000150161014810468e+00 9.999917107915202719e-01 1.399822937753685090e-04
9.702334391477052122e-03 1.000033018631417026e+00 9.999914344845691749e-01 1.399822937753685090e-04
9.744335839059203863e-03 9.997099180984315714e-01 9.999911581776183001e-01 1.399822937753685090e-04
9.786337286641355604e-03 9.998205868235616744e-01 9.999908818706675362e-01 1.399822937753685090e-04
9.828338741499464959e-03 9.997895921119497320e-01 9.999906055636686997e-01 1.399916879690642939e-04
9.870340181805659086e-03 1.000131077622249620e+00 9.999903292567655644e-01 1.399132931896053251e-04
9.912341636663768440e-03 9.997565468373925679e-01 9.999900529497668389e-01 1.399822937753685090e-04
9.954343076969962567e-03 1.000115919703625122e+00 9.999897766428637036e-01 1.399822937753685090e-04
9.996344531828071922e-03 9.997571907829357896e-01 9.999895003358649781e-01 1.399881241887603381e-04
1.003834597213426605e-02 1.000045544029484201e+00 9.999892240289618428e-01 1.399822937753685090e-04
1.008034741971641779e-02 1.000085594871346073e+00 9.999889477220109679e-01 1.399822937753685090e-04
1.012234886729856953e-02 1.000004370603182924e+00 9.999886714150599820e-01 1.399890365031471889e-04
1.016435031488072127e-02 1.000019490078602136e+00 9.999883951081091071e-01 1.399822937753685090e-04
1.020635176246287301e-02 1.000235585760506085e+00 9.999881188011581212e-01 1.399822937753685090e-04
1.024835320276906714e-02 1.000086007497866580e+00 9.999878424942550970e-01 1.399822937753685090e-04
1.029035465762717649e-02 1.000055506311921638e+00 9.999875661872562604e-01 1.399826011643053232e-04
1.033235610520932823e-02 1.000168835672345269e+00 9.999872898803053856e-01 1.399822937753685090e-04
1.037435756006743759e-02 1.000010024815336074e+00 9.999870135733066601e-01 1.399896464143053881e-04
1.041635900037363172e-02 1.000044590637503727e+00 9.999867372664035248e-01 1.399822937753685090e-04
1.045836045523174107e-02 9.999819818676795036e-01 9.999864609594046883e-01 1.399822937753685090e-04
1.050036189553793520e-02 9.999460461553553170e-01 9.999861846525016640e-01 1.399822937753685090e-04
1.054236334312008694e-02 9.999863011823010295e-01 9.999859083455507891e-01 1.399822937753685090e-04
1.058436479070223868e-02 9.999984790068588980e-01 9.999856320385999142e-01 1.399887022405516674e-04
1.062636623828439042e-02 1.000000258653214402e+00 9.999853557316489283e-01 1.399822937753685090e-04
1.066836768586654216e-02 9.999625629037380836e-01 9.999850794246980534e-01 1.399822937753685090e-04
1.071036912617273629e-02 9.996968166999627980e-01 9.999848031177950292e-01 1.399822937753685090e-04
1.075237058103084564e-02 9.997927737666556514e-01 9.999845268107961926e-01 1.399822937753685090e-04
1.079437202133703977e-02 1.000048930847993400e+00 9.999842505038931684e-01 1.399822937753685090e-04
1.083637348347110674e-02 1.000218307383671679e+00 9.999839741968465923e-01 1.399822937753685090e-04
1.087837492377730086e-02 9.998812247288771937e-01 9.999836978899434570e-01 1.399822937753685090e-04
1.092037637135945261e-02 1.000028219999281598e+00 9.999834215829924711e-01 1.399822937753685090e-04
1.096237781894160435e-02 9.999424863280477194e-01 9.999831452760415962e-01 1.400352593629092929e-04
1.100437926652375609e-02 9.998458506127018142e-01 9.999828689690906103e-01 1.399822937753685090e-04
1.104638071410590783e-02 1.000105147526009430e+00 9.999825926621397354e-01 1.399822937753685090e-04
1.108838215441210195e-02 1.000162678621602241e+00 9.999823163552367111e-01 1.399862574692204884e-04
1.113038360927021131e-02 9.998052394767014128e-01 9.999820400482378746e-01 1.399822937753685090e-04
1.117238504957640544e-02 9.998584616441462680e-01 9.999817637413348503e-01 1.399875458424658717e-04
1.121438650443451479e-02 1.000019368403178843e+00 9.999814874343360138e-01 1.399822937753685090e-04
1.125638794474070892e-02 9.999724570018182490e-01 9.999812111274329895e-01 1.399822937753685090e-04
1.129838939959881827e-02 9.999063162851493658e-01 9.999809348204341530e-01 1.399822937753685090e-04
1.134039083990501240e-02 1.000099317260867204e+00 9.999806585135312398e-01 1.399822937753685090e-04
1.138239229476312175e-02 1.000085777191803249e+00 9.999803822065324033e-01 1.399822937753685090e-04
1.142439374234527349e-02 9.999077182893528759e-01 9.999801058995814174e-01 1.399822937753685090e-04
1.146639518992742524e-02 9.999161779352532253e-01 9.999798295926305425e-01 1.399822937753685090e-04
1.150839663750957698e-02 9.998613436925662956e-01 9.999795532856795566e-01 1.399822937753685090e-04
1.155039807781577110e-02 9.999738157127870952e-01 9.999792769787765323e-01 1.399822937753685090e-04
1.159239953267388046e-02 9.999764616571490405e-01 9.999790006717776958e-01 1.399822937753685090e-04
1.163440097298007458e-02 1.000061175531848257e+00 9.999787243648747825e-01 1.399822937753685090e-04
1.167640242783818394e-02 9.999870026517559962e-01 9.999784480578759460e-01 1.399822937753685090e-04
1.171840386814437807e-02 9.999663720979652393e-01 9.999781717509729217e-01 1.399822937753685090e-04
1.176040531572652981e-02 9.999918634412439111e-01 9.999778954440219358e-01 1.399822937753685090e-04
1.180240676330868155e-02 9.998223661455801770e-01 9.999776191370710610e-01 1.399822937753685090e-04
1.184440821089083329e-02 9.999085699541224725e-01 9.999773428301201861e-01 1.399822937753685090e-04
1.188640965847298503e-02 9.998619887861672773e-01 9.999770665231692002e-01 1.400810488100064273e-04
1.192841109877917916e-02 9.998993917212324334e-01 9.999767902162661759e-01 1.399822937753685090e-04
1.197041256091324612e-02 9.997988958287931105e-01 9.999765139092194888e-01 1.399822937753685090e-04
1.201241400121944025e-02 1.000022510921503294e+00 9.999762376023164645e-01 1.400146900041763728e-04
1.205441545607754961e-02 9.997514936432574384e-01 9.999759612953176280e-01 1.400270975728518498e-04
1.209641689638374373e-02 9.998218804014813443e-01 9.999756849884146037e-01 1.399822937753685090e-04
1.213841835124185309e-02 9.999735916748643261e-01 9.999754086814157672e-01 1.399822937753685090e-04
1.218041979154804721e-02 9.999018069993677038e-01 9.999751323745127429e-01 1.399822937753685090e-04
1.222242123913019896e-02 9.999026057276052537e-01 9.999748560675618680e-01 1.399822937753685090e-04
1.226442268671235070e-02 9.999456092920027128e-01 9.999745797606108821e-01 1.399845538626949722e-04
1.230642413429450244e-02 1.000036917852191509e+00 9.999743034536600073e-01 1.399822937753685090e-04
1.234842558187665418e-02 9.997825966260129871e-01 9.999740271467090214e-01 1.399822937753685090e-04
1.239042702218284830e-02 9.999526027980439880e-01 9.999737508398061081e-01 1.399822937753685090e-04
1.243242847704095766e-02 1.000056002533601163e+00 9.999734745328072716e-01 1.399822937753685090e-04
1.247442991734715179e-02 9.998625481568120810e-01 9.999731982259042473e-01 1.400993856961271105e-04
1.251643137948121876e-02 1.000037466211378678e+00 9.999729219188574492e-01 1.399919583808015397e-04
1.255843281978741288e-02 9.999718285138086138e-01 9.999726456119544249e-01 1.399822937753685090e-04
1.260043426736956462e-02 1.000154005383253386e+00 9.999723693050035500e-01 1.399822937753685090e-04
1.264243571495171636e-02 1.000048156226514440e+00 9.999720929980526751e-01 1.399822937753685090e-04
1.268443716253386810e-02 9.997793835505490723e-01 9.999718166911016892e-01 1.399822937753685090e-04
1.272643861011601985e-02 9.998611318934205183e-01 9.999715403841508143e-01 1.399822937753685090e-04
1.276844005042221397e-02 1.000118272048227119e+00 9.999712640772477901e-01 1.399822937753685090e-04
1.281044150528032333e-02 1.000111824718629805e+00 9.999709877702489536e-01 1.399822937753685090e-04
1.285244294558651745e-02 9.997068713223872249e-01 9.999707114633459293e-01 1.399822937753685090e-04
1.289444440044462681e-02 9.997896442236458014e-01 9.999704351563470928e-01 1.399892021851561813e-04
1.293644584075082093e-02 1.000118638254754888e+00 9.999701588494440685e-01 1.399822937753685090e-04
1.297844729560893029e-02 9.999096281642133599e-01 9.999698825424452320e-01 1.399822937753685090e-04
1.302044873591512442e-02 9.999244483662222960e-01 9.999696062355422077e-01 1.399822937753685090e-04
1.306245018349727616e-02 9.999635208070455361e-01 9.999693299285913328e-01 1.401111535284357606e-04
1.310445163835538551e-02 9.997637201657763040e-01 9.999690536215924963e-01 1.399828677728027549e-04
1.314645307866157964e-02 1.000023428605230968e+00 9.999687773146894720e-01 1.399822937753685090e-04
1.318845453351968899e-02 1.000219314630194756e+00 9.999685010076906355e-01 1.399835153271737468e-04
1.323045597382588312e-02 9.999995593374879643e-01 9.999682247007876112e-01 1.399822937753685090e-04
1.327245742868399248e-02 9.999426732919888261e-01 9.999679483937887747e-01 1.399822937753685090e-04
1.331445886899018660e-02 1.000044700661121277e+00 9.999676720868857505e-01 1.399822937753685090e-04
1.335646032384829596e-02 9.999710352039188344e-01 9.999673957798869139e-01 1.399822937753685090e-04
1.339846176415449008e-02 9.999638764248390821e-01 9.999671194729840007e-01 1.399848532345358474e-04
1.344046321173664182e-02 9.999580111433109542e-01 9.999668431660330148e-01 1.399822937753685090e-04
1.348246465931879357e-02 9.999485345243931400e-01 9.999665668590821399e-01 1.399822937753685090e-04
1.352446610690094531e-02 9.997659858303458158e-01 9.999662905521311540e-01 1.399823437726082016e-04
1.356646755448309705e-02 9.999633294679168838e-01 9.999660142451801681e-01 1.399822937753685090e-04
1.360846899478929117e-02 9.999407502682505777e-01 9.999657379382772548e-01 1.399825429329746771e-04
1.365047044964740053e-02 9.999350706953841206e-01 9.999654616312784183e-01 1.400230292039566604e-04
1.369247188995359465e-02 9.999424292007175197e-01 9.999651853243752830e-01 1.399822937753685090e-04
1.373447335208766162e-02 9.998879722674228754e-01 9.999649090173287069e-01 1.399822937753685090e-04
1.377647479239385575e-02 9.998492317063315538e-01 9.999646327104256827e-01 1.399822937753685090e-04
1.381847624725196511e-02 9.998776879400286255e-01 9.999643564034268461e-01 1.399822937753685090e-04
1.386047768755815923e-02 1.000119773470064422e+00 9.999640800965237108e-01 1.399822937753685090e-04
1.390247913514031097e-02 9.999219473597158458e-01 9.999638037895729470e-01 1.399822937753685090e-04
1.394448058272246271e-02 9.999314728745143377e-01 9.999635274826219611e-01 1.399822937753685090e-04
1.398648202302865684e-02 1.000061024340562321e+00 9.999632511757188258e-01 1.399822937753685090e-04
1.402848347788676620e-02 9.999401082860284173e-01 9.999629748687201003e-01 1.399822937753685090e-04
1.407048491819296032e-02 1.000042058426555469e+00 9.999626985618169650e-01 1.399822937753685090e-04
1.411248637305106968e-02 9.999419640554311206e-01 9.999624222548182395e-01 1.399822937753685090e-04
1.415448781335726380e-02 9.997082560362374748e-01 9.999621459479151042e-01 1.399865106217271498e-04
1.419648926821537316e-02 9.997891620864235440e-01 9.999618696409164897e-01 1.399918421444639816e-04
1.423849070852156729e-02 9.997081813460283461e-01 9.999615933340132434e-01 1.399872791916751769e-04
1.428049215610371903e-02 1.000013194125723093e+00 9.999613170270623685e-01 1.399822937753685090e-04
1.432249360368587077e-02 1.000158364945205269e+00 9.999610407201114937e-01 1.399822937753685090e-04
1.436449505126802251e-02 1.000210546639812570e+00 9.999607644131605078e-01 1.399825447670254919e-04
1.440649650612613186e-02 9.997485904626004505e-01 9.999604881061616712e-01 1.399822937753685090e-04
1.444849794643232599e-02 9.999155773739545339e-01 9.999602117992586470e-01 1.399822937753685090e-04
1.449049940129043534e-02 9.999776896727932129e-01 9.999599354922600325e-01 1.399822937753685090e-04
1.453250084159662947e-02 9.997926886117166623e-01 9.999596591853568972e-01 1.399822937753685090e-04
1.457450229645473883e-02 9.998721577248181891e-01 9.999593828783580607e-01 1.399943627510340466e-04
1.461650373676093295e-02 9.998097694049254969e-01 9.999591065714550364e-01 1.399822937753685090e-04
1.465850519161904231e-02 9.999882871919636429e-01 9.999588302644563109e-01 1.399825840953061143e-04
1.470050663192523643e-02 9.997431114826761389e-01 9.999585539575531756e-01 1.399822937753685090e-04
1.474250807950738817e-02 9.997438580865943836e-01 9.999582776506021897e-01 1.399822937753685090e-04
1.478450952708953992e-02 9.999663197900763301e-01 9.999580013436512038e-01 1.399837624115882802e-04
1.482651096739573404e-02 9.998476154665238980e-01 9.999577250367482906e-01 1.399822937753685090e-04
1.486851242225384340e-02 1.000148525418433687e+00 9.999574487297494541e-01 1.399909816957005263e-04
1.491051386256003752e-02 9.997706849450352928e-01 9.999571724228463188e-01 1.399822937753685090e-04
1.495251531741814688e-02 1.000045058207536863e+00 9.999568961158475933e-01 1.399913862938001517e-04
1.499451675772434101e-02 1.000243716988485909e+00 9.999566198089444580e-01 1.399948954530524751e-04
1.503651821258245036e-02 9.999618454107167542e-01 9.999563435019458435e-01 1.399822937753685090e-04
1.507851966016460210e-02 9.999573958305754129e-01 9.999560671949947466e-01 1.399822937753685090e-04
1.512052110774675384e-02 9.999456233799550731e-01 9.999557908880439827e-01 1.399841093758821917e-04
1.516252255532890558e-02 9.999822340015488420e-01 9.999555145810929968e-01 1.399822937753685090e-04
1.520452400291105732e-02 9.998765318273188374e-01 9.999552382741420109e-01 1.399822937753685090e-04
1.524652545049320906e-02 9.999810370047982344e-01 9.999549619671911360e-01 1.399822937753685090e-04
1.528852689079940319e-02 9.998483554405589446e-01 9.999546856602880007e-01 1.399822937753685090e-04
1.533052834565751255e-02 1.000054316122293674e+00 9.999544093532893863e-01 1.399822937753685090e-04
1.537252978596370667e-02 9.998619926513327982e-01 9.999541330463861399e-01 1.399822937753685090e-04
1.541453124082181603e-02 1.000015989071384892e+00 9.999538567393875255e-01 1.399839320470556557e-04
1.545653268112801015e-02 1.000181698126216157e+00 9.999535804324843902e-01 1.399822937753685090e-04
1.549853413598611951e-02 1.000002773662169053e+00 9.999533041254855537e-01 1.399822937753685090e-04
1.554053557629231364e-02 1.000139788462066637e+00 9.999530278185825294e-01 1.399822937753685090e-04
1.558253702387446538e-02 9.996776056109172304e-01 9.999527515116315435e-01 1.399822937753685090e-04
1.562453847145661712e-02 9.999865699631018678e-01 9.999524752046806686e-01 1.399822937753685090e-04
1.566653991176281124e-02 1.000007270301396911e+00 9.999521988977776443e-01 1.399994260067646942e-04
1.570854136662092060e-02 1.000033961926592330e+00 9.999519225907788078e-01 1.399822937753685090e-04
1.575054281420307234e-02 1.000208018173513125e+00 9.999516462838279329e-01 1.399963533381340126e-04
1.579254426906118169e-02 9.997608115637467430e-01 9.999513699768290964e-01 1.399822937753685090e-04
1.583454570936737582e-02 1.000108709002290652e+00 9.999510936699260721e-01 1.399828144414730054e-04
1.587654716422548518e-02 9.998998448853203547e-01 9.999508173629273466e-01 1.399822937753685090e-04
1.591854860453167930e-02 9.998752001666167954e-01 9.999505410560242114e-01 1.399822937753685090e-04
1.596055005211383104e-02 1.000032412055456232e+00 9.999502647490733365e-01 1.399822937753685090e-04
1.600255149969598278e-02 1.000161320672414700e+00 9.999499884421223506e-01 1.399822937753685090e-04
1.604455294727813452e-02 1.000091503458809372e+00 9.999497121351714757e-01 1.399822937753685090e-04
1.608655439486028627e-02 1.000037063898704615e+00 9.999494358282204898e-01 1.399828442277339740e-04
1.612855583516648039e-02 1.000136345220989709e+00 9.999491595213174655e-01 1.399825114208039017e-04
1.617055729002458975e-02 9.999236731873042405e-01 9.999488832143187400e-01 1.399822937753685090e-04
1.621255873033078387e-02 1.000221944890218984e+00 9.999486069074157157e-01 1.399822937753685090e-04
1.625456018518889323e-02 9.998386160287682234e-01 9.999483306004168792e-01 1.400394800746416937e-04
1.629656162549508736e-02 9.999343425336292279e-01 9.999480542935138550e-01 1.399822937753685090e-04
1.633856308035319671e-02 9.997403339489870921e-01 9.999477779865150184e-01 1.399856811030847619e-04
1.638056452065939084e-02 1.000032696254865572e+00 9.999475016796119942e-01 1.399822937753685090e-04
1.642256596824154258e-02 9.998428508062658926e-01 9.999472253726611193e-01 1.399822937753685090e-04
1.646456741582369432e-02 9.999024141953621880e-01 9.999469490657101334e-01 1.400270400717287377e-04
1.650656886340584606e-02 9.998240038756462944e-01 9.999466727587592585e-01 1.399856828007113390e-04
1.654857031826395541e-02 9.998144832719597641e-01 9.999463964517604220e-01 1.399822937753685090e-04
1.659057175857014954e-02 1.000017704961241094e+00 9.999461201448573977e-01 1.399822937753685090e-04
1.663257321342825890e-02 1.000059915386475096e+00 9.999458438378585612e-01 1.399874544176375789e-04
1.667457465373445302e-02 1.000025641021358380e+00 9.999455675309555369e-01 1.399822937753685090e-04
1.671657610859256238e-02 9.999648797229606645e-01 9.999452912239567004e-01 1.399822937753685090e-04
1.675857754889875650e-02 1.000021101486323172e+00 9.999450149170536761e-01 1.399822937753685090e-04
1.680057899648090824e-02 1.000254950566331402e+00 9.999447386101028012e-01 1.399824660655265337e-04
1.684258044406305999e-02 9.998322351179042000e-01 9.999444623031518153e-01 1.399822937753685090e-04
1.688458189164521173e-02 9.999106936316165539e-01 9.999441859962009405e-01 1.399822937753685090e-04
1.692658333922736347e-02 1.000061830656575390e+00 9.999439096892500656e-01 1.399822937753685090e-04
1.696858477953355759e-02 1.000126430890757590e+00 9.999436333823470413e-01 1.400212695876833875e-04
1.701058623439166695e-02 9.999743360489767863e-01 9.999433570753482048e-01 1.399999884271001228e-04
1.705258767469786108e-02 9.998094490390726508e-01 9.999430807684451805e-01 1.399910327860211126e-04
1.709458912955597043e-02 9.998575945940025855e-01 9.999428044614463440e-01 1.399871605369059529e-04
1.713659056986216456e-02 9.996925589751547436e-01 9.999425281545433197e-01 1.401389839633750719e-04
1.717859202472027391e-02 9.997725984789775922e-01 9.999422518475444832e-01 1.399822937753685090e-04
1.722059346502646804e-02 9.998314404300785441e-01 9.999419755406414589e-01 1.399822937753685090e-04
1.726259491260861978e-02 1.000000138825918761e+00 9.999416992336905841e-01 1.399822937753685090e-04
1.730459636746672913e-02 9.998330099888268485e-01 9.999414229266917475e-01 1.399822937753685090e-04
1.734659780777292326e-02 9.996264577234629245e-01 9.999411466197887233e-01 1.399822937753685090e-04
1.738859926263103262e-02 9.998276858508577947e-01 9.999408703127898868e-01 1.399822937753685090e-04
1.743060070293722674e-02 9.997654322601835508e-01 9.999405940058868625e-01 1.399871791283646206e-04
1.747260215779533610e-02 1.000071030605742539e+00 9.999403176988880260e-01 1.399822937753685090e-04
1.751460359810153022e-02 9.999049030506634850e-01 9.999400413919850017e-01 1.399822937753685090e-04
1.755660505295963958e-02 9.999769886508915739e-01 9.999397650849861652e-01 1.399822937753685090e-04
1.759860649326583371e-02 9.998774728492453301e-01 9.999394887780831409e-01 1.399822937753685090e-04
1.764060794084798545e-02 1.000237714385931342e+00 9.999392124711322660e-01 1.399822937753685090e-04
1.768260938843013719e-02 9.994820990244535075e-01 9.999389361641813911e-01 1.400718568921605479e-04
1.772461083601228893e-02 1.000216768658555466e+00 9.999386598572304052e-01 1.401037392306510678e-04
1.776661228359444067e-02 1.000114531690426078e+00 9.999383835502795304e-01 1.399822937753685090e-04
1.780861372390063480e-02 9.998839693976367959e-01 9.999381072433763951e-01 1.399822937753685090e-04
1.785061517875874415e-02 9.998636194946756151e-01 9.999378309363776696e-01 1.399822937753685090e-04
1.789261661906493828e-02 1.000050902204805636e+00 9.999375546294746453e-01 1.400137271128060028e-04
1.793461807392304763e-02 9.997403398142390429e-01 9.999372783224758088e-01 1.399823266797899654e-04
1.797661951422924176e-02 9.998732038866431360e-01 9.999370020155726735e-01 1.399825977212329443e-04
1.801862096908735111e-02 9.997992315805162011e-01 9.999367257085739480e-01 1.399822937753685090e-04
1.806062240939354524e-02 9.998648971790711215e-01 9.999364494016709237e-01 1.400774079749912812e-04
1.810262385697569698e-02 9.999300211584977172e-01 9.999361730947199378e-01 1.399822937753685090e-04
1.814462531183380634e-02 9.999668944554142014e-01 9.999358967877211013e-01 1.399822937753685090e-04
1.818662675214000046e-02 9.998877595543115282e-01 9.999356204808180770e-01 1.399822937753685090e-04
1.822862820699810982e-02 9.998635247124099124e-01 9.999353441738193515e-01 1.399918666497787241e-04
1.827062964730430394e-02 9.999794828907069277e-01 9.999350678669162162e-01 1.399822937753685090e-04
1.831263110216241330e-02 1.000183190590803184e+00 9.999347915599174907e-01 1.399822937753685090e-04
1.835463254246860743e-02 9.999037683249273334e-01 9.999345152530144665e-01 1.399822937753685090e-04
1.839663399732671678e-02 9.997189141441532589e-01 9.999342389460156300e-01 1.399822937753685090e-04
1.843863543763291091e-02 9.997396090154598847e-01 9.999339626391124947e-01 1.399822937753685090e-04
1.848063688521506265e-02 1.000025177881489258e+00 9.999336863321616198e-01 1.399822937753685090e-04
1.852263833279721439e-02 9.997653297599499167e-01 9.999334100252106339e-01 1.400340968910164042e-04
1.856463978037936613e-02 9.999043173703805465e-01 9.999331337182597590e-01 1.399823898978528301e-04
1.860664122796151787e-02 9.999377660251924649e-01 9.999328574113088841e-01 1.399845901376084380e-04
1.864864266826771200e-02 9.999984996334770893e-01 9.999325811044056378e-01 1.399822937753685090e-04
1.869064412312582135e-02 9.999048357022326527e-01 9.999323047974070233e-01 1.399822937753685090e-04
1.873264556343201548e-02 1.000009533562179032e+00 9.999320284905038880e-01 1.399830615409338797e-04
1.877464701829012483e-02 1.000018909311379378e+00 9.999317521835051625e-01 1.399822937753685090e-04
1.881664845859631896e-02 9.998944293228337887e-01 9.999314758766021383e-01 1.399933004868503944e-04
1.885864991345442832e-02 1.000268474734736346e+00 9.999311995696033017e-01 1.399822937753685090e-04
1.890065135376062244e-02 9.999431599874518684e-01 9.999309232627001665e-01 1.399822937753685090e-04
1.894265280134277418e-02 1.000096443497674015e+00 9.999306469557492916e-01 1.399822937753685090e-04
1.898465424892492592e-02 9.998062170221853062e-01 9.999303706487984167e-01 1.399940329428446886e-04
1.902665568923112005e-02 9.998277251331310067e-01 9.999300943418952814e-01 1.399822937753685090e-04
1.906865715136518702e-02 9.998413535670868102e-01 9.999298180348487053e-01 1.399822937753685090e-04
1.911065859167138115e-02 9.999024773650044828e-01 9.999295417279455700e-01 1.399822937753685090e-04
1.915266004652949050e-02 9.998643143405214762e-01 9.999292654209468445e-01 1.400394492697655470e-04
1.919466148683568463e-02 9.994102148489601989e-01 9.999289891140437092e-01 1.399822937753685090e-04
1.923666294169379398e-02 9.999591178059685781e-01 9.999287128070449837e-01 1.399822937753685090e-04
1.927866438199998811e-02 9.999362413884936851e-01 9.999284365001419594e-01 1.399822937753685090e-04
1.932066582958213985e-02 9.999440262285086423e-01 9.999281601931909735e-01 1.399869628104068793e-04
1.936266727716429159e-02 9.997324484358048879e-01 9.999278838862399876e-01 1.399822937753685090e-04
1.940466872474644333e-02 9.999327229900280001e-01 9.999276075792891127e-01 1.399822937753685090e-04
1.944667017232859507e-02 9.999631159322787122e-01 9.999273312723382379e-01 1.399845595092669137e-04
1.948867161263478920e-02 9.997187102523188429e-01 9.999270549654352136e-01 1.399822937753685090e-04
1.953067306749289855e-02 1.000031284459284242e+00 9.999267786584363771e-01 1.399822937753685090e-04
1.957267450779909268e-02 1.000013332337418293e+00 9.999265023515333528e-01 1.399875112129621800e-04
1.961467596265720204e-02 1.000045487023192736e+00 9.999262260445345163e-01 1.399822937753685090e-04
1.965667740296339616e-02 9.999790875274927604e-01 9.999259497376314920e-01 1.399822937753685090e-04
1.969867885782150552e-02 9.999019696399182866e-01 9.999256734306326555e-01 1.399822937753685090e-04
1.974068029812769964e-02 9.999321694484728518e-01 9.999253971237296312e-01 1.399822937753685090e-04
1.978268174570985138e-02 1.000193106955798994e+00 9.999251208167787563e-01 1.399822937753685090e-04
1.982468319329200312e-02 1.000099110904437039e+00 9.999248445098277704e-01 1.399822937753685090e-04
1.986668463359819725e-02 9.998184688605619153e-01 9.999245682029247462e-01 1.399822937753685090e-04
1.990868608845630661e-02 9.996774360342298715e-01 9.999242918959259097e-01 1.399822937753685090e-04
1.995068752876250073e-02 1.000128544496812655e+00 9.999240155890229964e-01 1.399822937753685090e-04
1.999268898362061009e-02 1.000004537575078789e+00 9.999237392820241599e-01 1.399822937753685090e-04
2.003469042392680421e-02 9.999166570247695063e-01 9.999234629751211356e-01 1.399822937753685090e-04
2.007669188606087118e-02 9.997913840309915479e-01 9.999231866680743375e-01 1.399822937753685090e-04
2.011869332636706531e-02 9.998429303958732417e-01 9.999229103611713132e-01 1.399822937753685090e-04
2.016069477394921705e-02 9.999658643546530667e-01 9.999226340542204383e-01 1.399902317292427210e-04
2.020269622153136879e-02 9.999844189783744230e-01 9.999223577472695634e-01 1.399904438806881936e-04
2.024469766911352053e-02 1.000053351610305397e+00 9.999220814403185775e-01 1.399822937753685090e-04
2.028669911669567227e-02 9.998862804542008043e-01 9.999218051333677026e-01 1.399867090644205526e-04
2.032870055700186640e-02 9.999329153645384327e-01 9.999215288264646784e-01 1.399822937753685090e-04
2.037070201185997576e-02 1.000116700204257025e+00 9.999212525194658419e-01 1.399822937753685090e-04
2.041270345216616988e-02 9.999471055159032673e-01 9.999209762125628176e-01 1.399822937753685090e-04
2.045470490702427924e-02 9.997353489129575665e-01 9.999206999055639811e-01 1.399822937753685090e-04
2.049670634733047336e-02 9.999883125059418898e-01 9.999204235986609568e-01 1.399822937753685090e-04
2.053870780218858272e-02 9.999165266161958998e-01 9.999201472916621203e-01 1.399822937753685090e-04
2.058070924249477684e-02 9.996205394193208305e-01 9.999198709847590960e-01 1.399822937753685090e-04
2.062271069007692859e-02 9.997525450935226266e-01 9.999195946778082211e-01 1.400182021262812073e-04
2.066471213765908033e-02 1.000045375296665373e+00 9.999193183708572352e-01 1.399822937753685090e-04
2.070671357796527445e-02 9.998794650522316863e-01 9.999190420639543220e-01 1.399822937753685090e-04
2.074871503282338381e-02 1.000082888976217443e+00 9.999187657569554855e-01 1.399822937753685090e-04
2.079071647312957793e-02 1.000050446398174975e+00 9.999184894500524612e-01 1.399919868844400896e-04
2.083271792798768729e-02 1.000095366389083473e+00 9.999182131430536247e-01 1.399822937753685090e-04
2.087471936829388142e-02 1.000006015241932333e+00 9.999179368361506004e-01 1.399822937753685090e-04
2.091672082315199077e-02 1.000050981165657493e+00 9.999176605291517639e-01 1.399822937753685090e-04
2.095872226345818490e-02 9.997372372705765065e-01 9.999173842222487396e-01 1.399822937753685090e-04
2.100072371104033664e-02 9.998747250746373716e-01 9.999171079152978647e-01 1.399826946952884119e-04
2.104272515862248838e-02 9.999465205983713023e-01 9.999168316083468788e-01 1.399822937753685090e-04
2.108472660620464012e-02 9.998464643870181856e-01 9.999165553013960039e-01 1.399822937753685090e-04
2.112672805378679186e-02 9.997878678969552846e-01 9.999162789944449070e-01 1.399822937753685090e-04
2.116872949409298599e-02 9.999698213470583630e-01 9.999160026875419938e-01 1.399822937753685090e-04
2.121073094895109534e-02 9.999699766367917686e-01 9.999157263805432683e-01 1.399822937753685090e-04
2.125273239653324708e-02 9.997395022620787497e-01 9.999154500735921713e-01 1.399822937753685090e-04
2.129473385139135644e-02 9.997884860434608223e-01 9.999151737665934458e-01 1.399822937753685090e-04
2.133673529169755057e-02 9.996698895930736795e-01 9.999148974596904216e-01 1.399822937753685090e-04
2.137873674655565992e-02 9.999560227026397241e-01 9.999146211526915851e-01 1.399822937753685090e-04
2.142073818686185405e-02 1.000174304134094916e+00 9.999143448457884498e-01 1.400920203604644535e-04
2.146273963444400579e-02 9.997049908278207164e-01 9.999140685388376859e-01 1.399852722234448178e-04
2.150474108202615753e-02 1.000031705774685031e+00 9.999137922318868110e-01 1.399822937753685090e-04
2.154674252233235165e-02 9.999519820741742393e-01 9.999135159249835647e-01 1.399822937753685090e-04
2.158874397719046101e-02 9.997742382286941565e-01 9.999132396179849502e-01 1.399822937753685090e-04
2.163074541749665514e-02 9.998219199113753675e-01 9.999129633110818149e-01 1.399822937753685090e-04
2.167274687235476449e-02 9.998699392842128608e-01 9.999126870040830894e-01 1.399822937753685090e-04
2.171474831266095862e-02 9.997912745084143182e-01 9.999124106971799542e-01 1.399822937753685090e-04
2.175674976751906797e-02 1.000044413872337001e+00 9.999121343901812287e-01 1.399822937753685090e-04
2.179875120782526210e-02 9.997681138234529863e-01 9.999118580832780934e-01 1.399822937753685090e-04
2.184075265540741384e-02 9.997253308146762940e-01 9.999115817763272185e-01 1.399822937753685090e-04
2.188275410298956558e-02 9.996812894610800360e-01 9.999113054693762326e-01 1.400051196407455108e-04
2.192475555057171732e-02 9.999253601371315137e-01 9.999110291624253577e-01 1.399822937753685090e-04
2.196675699815386906e-02 9.998586689528571325e-01 9.999107528554743718e-01 1.399822937753685090e-04
2.200875843846006319e-02 1.000102432994129265e+00 9.999104765485712365e-01 1.400711445314374039e-04
2.205075989331817254e-02 9.999304738909542412e-01 9.999102002415724000e-01 1.399822937753685090e-04
2.209276133362436667e-02 1.000084872498513855e+00 9.999099239346695978e-01 1.399822937753685090e-04
2.213476278848247603e-02 9.998930277505937436e-01 9.999096476276707612e-01 1.399822937753685090e-04
2.217676422878867015e-02 9.998759467835398596e-01 9.999093713207675149e-01 1.399822937753685090e-04
2.221876568364677951e-02 9.997803430807729042e-01 9.999090950137689005e-01 1.399822937753685090e-04
2.226076712395297363e-02 1.000002105824299381e+00 9.999088187068657652e-01 1.400074919544904534e-04
2.230276857153512537e-02 1.000081900685524605e+00 9.999085423999147793e-01 1.399822937753685090e-04
2.234477001911727712e-02 9.999339414109263968e-01 9.999082660929639044e-01 1.399822937753685090e-04
2.238677145942347124e-02 1.000023631308453398e+00 9.999079897860608801e-01 1.399822937753685090e-04
2.242877291428158060e-02 9.998207367888767294e-01 9.999077134790620436e-01 1.399822937753685090e-04
2.247077435458777472e-02 9.999262174895161559e-01 9.999074371721590193e-01 1.399822937753685090e-04
2.251277580944588408e-02 9.999809686439729006e-01 9.999071608651601828e-01 1.400445850020397330e-04
2.255477725702803582e-02 9.999400659319782614e-01 9.999068845582093079e-01 1.400191275556286730e-04
2.259677871188614517e-02 1.000262555601274084e+00 9.999066082512105824e-01 1.399822937753685090e-04
2.263878015219233930e-02 1.000109804340351571e+00 9.999063319443074471e-01 1.399822937753685090e-04
2.268078159977449104e-02 9.999099189094636797e-01 9.999060556373564612e-01 1.399822937753685090e-04
2.272278304735664278e-02 9.999267947892015451e-01 9.999057793304055863e-01 1.399822937753685090e-04
2.276478449493879452e-02 9.998528294330449873e-01 9.999055030234547115e-01 1.399853203731981808e-04
2.280678594252094626e-02 9.998520781299662374e-01 9.999052267165037255e-01 1.399891747685056613e-04
2.284878738282714039e-02 9.997287397269901676e-01 9.999049504096007013e-01 1.399822937753685090e-04
2.289078883768524975e-02 9.996553449920727585e-01 9.999046741026018648e-01 1.399822937753685090e-04
2.293279027799144387e-02 9.997968747455570071e-01 9.999043977956988405e-01 1.399822937753685090e-04
2.297479173284955323e-02 9.995705333403790416e-01 9.999041214887001150e-01 1.400294518931134615e-04
2.301679317315574735e-02 9.996897458484378385e-01 9.999038451817970907e-01 1.400376979052490010e-04
2.305879462801385671e-02 9.999957967364045963e-01 9.999035688747982542e-01 1.399875858110319804e-04
2.310079606832005084e-02 9.999359562719485339e-01 9.999032925678952299e-01 1.399822937753685090e-04
2.314279751590220258e-02 9.998741801200320412e-01 9.999030162609442440e-01 1.399822937753685090e-04
2.318479896348435432e-02 9.998535117326331489e-01 9.999027399539933691e-01 1.399822937753685090e-04
2.322680040379054844e-02 1.000012394353228196e+00 9.999024636470903449e-01 1.399822937753685090e-04
2.326880185864865780e-02 9.998922348298907581e-01 9.999021873400915084e-01 1.399822937753685090e-04
2.331080329895485193e-02 9.998205840642302444e-01 9.999019110331884841e-01 1.399822937753685090e-04
2.335280475381296128e-02 9.998635279341535620e-01 9.999016347261896476e-01 1.399822937753685090e-04
2.339480619411915541e-02 9.996846210613443695e-01 9.999013584192866233e-01 1.399822937753685090e-04
2.343680764897726476e-02 9.998106665380941394e-01 9.999010821122877868e-01 1.399897380336902100e-04
2.347880908928345889e-02 9.998961805930672853e-01 9.999008058053848735e-01 1.399823622440502695e-04
2.352081053686561063e-02 1.000005741589305330e+00 9.999005294984338876e-01 1.399822937753685090e-04
2.356281198444776237e-02 9.999051767101710952e-01 9.999002531914830127e-01 1.399822937753685090e-04
2.360481343202991411e-02 9.997080390317707455e-01 9.998999768845320268e-01 1.399822937753685090e-04
2.364681487961206585e-02 9.997913050072749774e-01 9.998997005775811520e-01 1.399822937753685090e-04
2.368881631991825998e-02 9.998769721023204049e-01 9.998994242706781277e-01 1.399822937753685090e-04
2.373081777477636933e-02 9.999648029191394727e-01 9.998991479636792912e-01 1.399822937753685090e-04
2.377281921508256346e-02 9.998588327636951378e-01 9.998988716567762669e-01 1.399838450927021346e-04
2.381482066994067281e-02 9.998486486067117429e-01 9.998985953497774304e-01 1.399843135676492563e-04
2.385682211024686694e-02 9.996591632056781584e-01 9.998983190428744061e-01 1.399822937753685090e-04
2.389882356510497630e-02 9.999676862424393686e-01 9.998980427358755696e-01 1.399846371067218782e-04
2.394082500541117042e-02 9.997893233426496939e-01 9.998977664289724343e-01 1.399822937753685090e-04
2.398282645299332216e-02 9.999341745638042900e-01 9.998974901220216704e-01 1.399822937753685090e-04
2.402482790057547390e-02 9.999687455905332811e-01 9.998972138150707956e-01 1.399822937753685090e-04
2.406682934088166803e-02 9.997779132426436455e-01 9.998969375081676603e-01 1.399822937753685090e-04
2.410883079573977739e-02 9.999352778338678194e-01 9.998966612011689348e-01 1.399822937753685090e-04
2.415083223604597151e-02 9.997820743044195657e-01 9.998963848942657995e-01 1.399822937753685090e-04
2.419283369090408087e-02 1.000208403681345892e+00 9.998961085872670740e-01 1.400382424585109404e-04
2.423483513848623261e-02 1.000027082523323063e+00 9.998958322803159771e-01 1.399822937753685090e-04
2.427683659334434196e-02 9.998133193195127832e-01 9.998955559733173626e-01 1.400433578834288525e-04
2.431883803365053609e-02 9.996323934473883011e-01 9.998952796664143383e-01 1.399822937753685090e-04
2.436083948123268783e-02 9.996077901916040620e-01 9.998950033594632414e-01 1.399848133426632459e-04
2.440284092881483957e-02 9.997609324090673821e-01 9.998947270525123665e-01 1.399852590979165927e-04
2.444484237639699131e-02 9.997087821186509959e-01 9.998944506238653940e-01 1.399947939870665255e-04
2.448684382397914305e-02 9.996772994236339249e-01 9.998941738974852500e-01 1.399822937753685090e-04
2.452884526428533718e-02 9.997268021369858371e-01 9.998938971711528456e-01 1.399822937753685090e-04
2.457084671914344653e-02 9.995728841153568300e-01 9.998936204447247400e-01 1.399822937753685090e-04
2.461284815944964066e-02 9.998397838646994051e-01 9.998933437183924466e-01 1.399822937753685090e-04
2.465484961430775002e-02 9.998034432065140420e-01 9.998930669919642300e-01 1.399822937753685090e-04
2.469685105461394414e-02 9.996809278922169639e-01 9.998927902656319366e-01 1.399822937753685090e-04
2.473885250947205350e-02 9.998689365342767754e-01 9.998925135392038310e-01 1.400560791719159058e-04
2.478085394977824762e-02 9.997071705707710754e-01 9.998922368128715377e-01 1.399822937753685090e-04
2.482285539736039937e-02 9.997764559553405928e-01 9.998919600864912827e-01 1.399822937753685090e-04
2.486485684494255111e-02 9.998291989486932652e-01 9.998916833601110277e-01 1.399822937753685090e-04
2.490685828524874523e-02 9.997622892424719021e-01 9.998914066337786233e-01 1.399822937753685090e-04
2.494885974010685459e-02 1.000015724022434105e+00 9.998911299073506287e-01 1.399822937753685090e-04
2.499086118041304871e-02 9.999093668112578603e-01 9.998908531810183353e-01 1.399822937753685090e-04
2.503286263527115807e-02 9.996779188883357925e-01 9.998905764545902297e-01 1.399822937753685090e-04
2.507486407557735220e-02 9.997064894192565498e-01 9.998902997282579364e-01 1.399822937753685090e-04
2.511686553043546155e-02 9.997773645648696528e-01 9.998900230018297197e-01 1.399822937753685090e-04
2.515886697074165568e-02 9.997995774650242362e-01 9.998897462754974264e-01 1.399932976248352177e-04
2.520086841832380742e-02 9.999203089753382345e-01 9.998894695491171714e-01 1.399822937753685090e-04
2.524286986590595916e-02 9.996615201511627191e-01 9.998891928227369164e-01 1.399822937753685090e-04
2.528487131348811090e-02 9.998827938116364722e-01 9.998889160963567724e-01 1.399822937753685090e-04
2.532687276107026264e-02 9.999323900937461262e-01 9.998886393699766284e-01 1.399822937753685090e-04
2.536887420137645677e-02 9.999163254595379025e-01 9.998883626436443350e-01 1.399822937753685090e-04
2.541087565623456612e-02 9.996737826022135120e-01 9.998880859172162294e-01 1.399822937753685090e-04
2.545287709654076025e-02 1.000052843927332180e+00 9.998878091908839361e-01 1.399822937753685090e-04
2.549487855139886960e-02 9.999890624209241130e-01 9.998875324644556084e-01 1.400409822313586068e-04
2.553687999170506373e-02 1.000041719780372373e+00 9.998872557381234261e-01 1.399822937753685090e-04
2.557888144656317309e-02 9.998819456540409822e-01 9.998869790116952094e-01 1.399843469483226987e-04
2.562088288686936721e-02 1.000041332300560359e+00 9.998867022853629161e-01 1.399823993880844287e-04
2.566288433445151895e-02 9.999818823125778966e-01 9.998864255589827721e-01 1.399822937753685090e-04
2.570488578203367069e-02 9.999788734912400390e-01 9.998861488326026281e-01 1.399830141934513912e-04
2.574688722233986482e-02 9.999744647823508581e-01 9.998858721062703347e-01 1.399822937753685090e-04
2.578888867719797418e-02 9.998711550043469787e-01 9.998855953798421181e-01 1.399822937753685090e-04
2.583089011750416830e-02 9.998459768475028708e-01 9.998853186535098247e-01 1.399822937753685090e-04
2.587289157236227766e-02 1.000058792387036100e+00 9.998850419270816081e-01 1.399822937753685090e-04
2.591489301266847178e-02 9.999016606052288925e-01 9.998847652007493148e-01 1.399883856252824544e-04
2.595689446752658114e-02 9.999286005244388820e-01 9.998844884743212091e-01 1.399822937753685090e-04
2.599889590783277526e-02 1.000039309679431554e+00 9.998842117479889158e-01 1.399822937753685090e-04
2.604089735541492701e-02 1.000015827486104403e+00 9.998839350216087718e-01 1.399822937753685090e-04
2.608289880299707875e-02 1.000013003346594376e+00 9.998836582952285168e-01 1.399822937753685090e-04
2.612490025057923049e-02 9.999193311813635576e-01 9.998833815688482618e-01 1.399823595509364440e-04
2.616690169816138223e-02 1.000032735824371910e+00 9.998831048424681178e-01 1.399822937753685090e-04
2.620890313846757635e-02 9.998555274172415963e-01 9.998828281161357134e-01 1.399844565163323932e-04
2.625090459332568571e-02 1.000008415250084770e+00 9.998825513897076078e-01 1.399822937753685090e-04
2.629290603363187984e-02 9.996850969040140811e-01 9.998822746633753145e-01 1.400087286222057069e-04
2.633490748848998919e-02 9.998609439745963501e-01 9.998819979369472088e-01 1.399824941559386915e-04
2.637690892879618332e-02 9.996590971256139602e-01 9.998817212106149155e-01 1.399822937753685090e-04
2.641891038365429267e-02 9.997477139828555570e-01 9.998814444841865878e-01 1.399826985894680141e-04
2.646091182396048680e-02 9.999563325445203210e-01 9.998811677578542945e-01 1.399822937753685090e-04
2.650291327154263854e-02 9.997178865752905930e-01 9.998808910314741505e-01 1.399822937753685090e-04
2.654491471912479028e-02 9.995293567796835754e-01 9.998806143050940065e-01 1.399822937753685090e-04
2.658691615943098441e-02 9.997613228836781385e-01 9.998803375787617131e-01 1.399822937753685090e-04
2.662891761428909376e-02 9.999079334545479814e-01 9.998800608523336075e-01 1.399822937753685090e-04
2.667091905459528789e-02 9.999960210639720071e-01 9.998797841260013142e-01 1.399822937753685090e-04
2.671292050945339724e-02 9.998679125560652192e-01 9.998795073995730975e-01 1.399822937753685090e-04
2.675492194975959137e-02 9.999596844622357095e-01 9.998792306732408042e-01 1.399822937753685090e-04
2.679692340461770073e-02 1.000090338110170674e+00 9.998789539468125875e-01 1.399822937753685090e-04
2.683892484492389485e-02 9.998290839794647944e-01 9.998786772204802942e-01 1.399822937753685090e-04
2.688092629978200421e-02 9.999535565395635262e-01 9.998784004940522996e-01 1.399900111989876123e-04
2.692292774736415595e-02 9.998959670084520690e-01 9.998781237676720446e-01 1.399822937753685090e-04
2.696492919494630769e-02 9.997868789077035689e-01 9.998778470412919006e-01 1.399822937753685090e-04
2.700693064252845943e-02 1.000271188333321737e+00 9.998775703149115346e-01 1.399822937753685090e-04
2.704893208283465356e-02 9.999676101918898441e-01 9.998772935885793522e-01 1.399822937753685090e-04
2.709093353769276291e-02 9.998884034376259722e-01 9.998770168621510246e-01 1.400178380930393969e-04
2.713293497799895704e-02 9.997830579518588445e-01 9.998767401358188422e-01 1.399822937753685090e-04
2.717493643285706639e-02 9.995533872726948266e-01 9.998764634093907366e-01 1.399822937753685090e-04
2.721693787316326052e-02 9.998201392263257326e-01 9.998761866830584433e-01 1.400114053407696822e-04
2.725893932074541226e-02 9.998274657557915113e-01 9.998759099566782993e-01 1.399822937753685090e-04
2.730094076832756400e-02 9.998801527794217714e-01 9.998756332302980443e-01 1.399822937753685090e-04
2.734294221590971574e-02 9.998091733181247998e-01 9.998753565039177893e-01 1.399822937753685090e-04
2.738494366349186748e-02 1.000085863705397982e+00 9.998750797775374233e-01 1.399822937753685090e-04
2.742694510379806161e-02 9.997779037735921026e-01 9.998748030512051299e-01 1.399822937753685090e-04
2.746894655865617096e-02 9.995384616666378452e-01 9.998745263247770243e-01 1.399822937753685090e-04
2.751094799896236509e-02 9.997530785053623248e-01 9.998742495984448420e-01 1.399822937753685090e-04
2.755294945382047445e-02 9.998435623718804344e-01 9.998739728720166253e-01 1.399822937753685090e-04
2.759495089412666857e-02 9.997239857596693646e-01 9.998736961456844430e-01 1.399828449043220998e-04
2.763695234898477793e-02 9.997652150288361961e-01 9.998734194192562263e-01 1.399822937753685090e-04
2.767895378929097205e-02 9.998130962153751744e-01 9.998731426929238220e-01 1.399822937753685090e-04
2.772095523687312379e-02 1.000076505782070191e+00 9.998728659665436780e-01 1.399822937753685090e-04
2.776295668445527554e-02 9.999407089331704412e-01 9.998725892401634230e-01 1.400111099451355136e-04
2.780495813203742728e-02 9.998232241231393980e-01 9.998723125137832790e-01 1.399822937753685090e-04
2.784695957961957902e-02 9.997083539988307344e-01 9.998720357874031350e-01 1.399822937753685090e-04
2.788896101992577314e-02 1.000019504393452552e+00 9.998717590610708417e-01 1.399822937753685090e-04
2.793096247478388250e-02 9.998672097670333603e-01 9.998714823346426250e-01 1.399822937753685090e-04
2.797296391509007663e-02 9.998892856979785249e-01 9.998712056083103317e-01 1.399822937753685090e-04
2.801496536994818598e-02 9.996988027353539419e-01 9.998709288818821150e-01 1.399822937753685090e-04
2.805696681025438011e-02 9.999036111863086607e-01 9.998706521555498217e-01 1.400005511577445130e-04
2.809896825783653185e-02 9.997631455115787436e-01 9.998703754291696777e-01 1.399822937753685090e-04
2.814096970541868359e-02 9.999651463542357233e-01 9.998700987027894227e-01 1.399822937753685090e-04
2.818297115300083533e-02 1.000097996704234715e+00 9.998698229132827464e-01 1.399822937753685090e-04
2.822497260058298707e-02 9.999703736188685355e-01 9.998695474662979699e-01 1.399912252013197863e-04
2.826697404088918120e-02 9.998260539714127759e-01 9.998692720193607109e-01 1.399822937753685090e-04
2.830897549574729055e-02 9.998319959954107272e-01 9.998689965723280837e-01 1.399898184253779558e-04
2.835097693605348468e-02 9.998019506261516254e-01 9.998687211253909357e-01 1.399822937753685090e-04
2.839297839091159403e-02 1.000041502119670689e+00 9.998684456783581975e-01 1.399822937753685090e-04
2.843497983121778816e-02 9.997082482205881249e-01 9.998681702314211606e-01 1.399822937753685090e-04
2.847698128607589751e-02 9.999763317997117928e-01 9.998678947843885334e-01 1.399855513336312510e-04
2.851898272638209164e-02 9.998914881398157650e-01 9.998676193374512744e-01 1.399822937753685090e-04
2.856098417396424338e-02 9.999405593140163750e-01 9.998673438904666089e-01 1.399822937753685090e-04
2.860298562154639512e-02 9.999045525517885613e-01 9.998670684434816103e-01 1.399822937753685090e-04
2.864498706912854686e-02 9.999257628682349797e-01 9.998667929964966117e-01 1.399822937753685090e-04
2.868698851671069860e-02 9.999056209697207986e-01 9.998665175495117241e-01 1.399822937753685090e-04
2.872898995701689273e-02 9.998784190510859871e-01 9.998662421025746871e-01 1.399822937753685090e-04
2.877099141187500209e-02 9.998948445901930659e-01 9.998659666555419490e-01 1.399822937753685090e-04
2.881299285218119621e-02 1.000164977422438817e+00 9.998656912086048010e-01 1.399822937753685090e-04
2.885499430703930557e-02 1.000022958750377944e+00 9.998654157615721738e-01 1.399822937753685090e-04
2.889699574734549969e-02 9.999875450386995768e-01 9.998651403146350258e-01 1.399822937753685090e-04
2.893899719492765144e-02 9.997217752824096859e-01 9.998648648676500272e-01 1.400560035144902417e-04
2.898099864250980318e-02 9.999595725915988442e-01 9.998645894206652507e-01 1.399886992046066368e-04
2.902300009009195492e-02 9.999382840788548776e-01 9.998643139736802521e-01 1.399822937753685090e-04
2.906500153767410666e-02 9.997719016548526350e-01 9.998640385266953645e-01 1.399822937753685090e-04
2.910700297798030078e-02 9.999571635697929173e-01 9.998637630797582165e-01 1.399822937753685090e-04
2.914900443283841014e-02 9.996165723810915837e-01 9.998634876327255894e-01 1.399822937753685090e-04
2.919100587314460427e-02 1.000037813993633229e+00 9.998632121857884414e-01 1.399822937753685090e-04
2.923300732800271362e-02 1.000008859967788544e+00 9.998629367387558142e-01 1.399822937753685090e-04
2.927500876830890775e-02 9.998159181634218573e-01 9.998626612918186662e-01 1.399844130430947966e-04
2.931701022316701710e-02 9.997582441544582421e-01 9.998623858447860391e-01 1.399920968581678323e-04
2.935901166347321123e-02 1.000080964742978695e+00 9.998621103978488911e-01 1.399822937753685090e-04
2.940101311105536297e-02 1.000046968174819195e+00 9.998618349508638925e-01 1.399822937753685090e-04
2.944301455863751471e-02 1.000038060457637989e+00 9.998615595038791160e-01 1.399822937753685090e-04
2.948501600621966645e-02 9.999368652496670729e-01 9.998612840568941174e-01 1.399938328172482013e-04
2.952701745380181819e-02 9.998769183656573967e-01 9.998610086099093408e-01 1.399880154734775496e-04
2.956901889410801232e-02 1.000050970635861125e+00 9.998607331629720818e-01 1.399822937753685090e-04
2.961102034896612167e-02 9.998857913493756078e-01 9.998604577159394546e-01 1.399822937753685090e-04
2.965302178927231580e-02 9.999337359809780112e-01 9.998601822690024177e-01 1.399822937753685090e-04
2.969502324413042516e-02 9.997079032867151049e-01 9.998599068219696795e-01 1.399881198062417117e-04
2.973702468443661928e-02 9.999286319974840520e-01 9.998596313750325315e-01 1.399832934980961249e-04
2.977902613201877102e-02 9.999931774031508569e-01 9.998593559280475329e-01 1.399822937753685090e-04
2.982102757960092276e-02 9.998253319044834164e-01 9.998590804810626453e-01 1.399822937753685090e-04
2.986302902718307450e-02 9.998390580708972353e-01 9.998588052078982713e-01 1.399822937753685090e-04
2.990503047476522624e-02 9.997530488312648123e-01 9.998585300662821140e-01 1.399822937753685090e-04
2.994703191507142037e-02 1.000046357120838891e+00 9.998582545356128337e-01 1.399822937753685090e-04
2.998903336992952973e-02 9.999818390102181986e-01 9.998579782286141082e-01 1.399822937753685090e-04
3.003103481023572385e-02 9.997403511680723609e-01 9.998577019217109729e-01 1.399822937753685090e-04
3.007303626509383321e-02 9.999567174757507670e-01 9.998574256147121364e-01 1.399822937753685090e-04
3.011503770540002733e-02 9.996442182285237843e-01 9.998571493078091121e-01 1.399822937753685090e-04
3.015703916025813669e-02 9.998411708130534592e-01 9.998568730008103866e-01 1.399822937753685090e-04
3.019904060056433082e-02 1.000077991110038145e+00 9.998565966939073624e-01 1.399822937753685090e-04
3.024104204814648256e-02 9.997788535758834749e-01 9.998563203869563765e-01 1.400888398303382933e-04
3.028304349572863430e-02 9.999376646494094745e-01 9.998560440800055016e-01 1.399822937753685090e-04
3.032504494331078604e-02 9.997654656876997503e-01 9.998557680182126317e-01 1.399822937753685090e-04
3.036704639089293778e-02 9.997901027399294094e-01 9.998554927825723526e-01 1.399849194283412485e-04
3.040904783119913191e-02 9.998898221050871449e-01 9.998552175469799241e-01 1.399822937753685090e-04
3.045104928605724126e-02 9.997380778218635244e-01 9.998549423112920165e-01 1.399822937753685090e-04
3.049305072636343539e-02 9.996885038063818563e-01 9.998546670756995880e-01 1.399963889704119568e-04
3.053505218122154474e-02 9.999187743961778230e-01 9.998543918400115693e-01 1.399835062267621875e-04
3.057705362152773887e-02 9.997893794193751793e-01 9.998541166044191408e-01 1.399897888266583759e-04
3.061905506910989061e-02 9.999154492256061566e-01 9.998538413687789728e-01 1.399822937753685090e-04
3.066105651669204235e-02 9.998399026502176046e-01 9.998535661331388047e-01 1.399822937753685090e-04
3.070305796427419409e-02 9.997494873043929475e-01 9.998532908974986366e-01 1.399822937753685090e-04
3.074505941185634583e-02 9.996916257434476094e-01 9.998530156618585796e-01 1.399822937753685090e-04
3.078706085216253996e-02 9.997077735844771551e-01 9.998527404262660401e-01 1.399822937753685090e-04
3.082906230702064931e-02 9.999562693215569009e-01 9.998524651905782434e-01 1.399822937753685090e-04
3.087106374732684344e-02 9.998060278959335356e-01 9.998521899549857039e-01 1.399822937753685090e-04
3.091306520218495280e-02 9.997970195020955408e-01 9.998519147192980183e-01 1.399822937753685090e-04
3.095506664249114692e-02 9.996354516639495147e-01 9.998516394837054788e-01 1.399822937753685090e-04
3.099706809734925628e-02 9.999282747556128559e-01 9.998513642480176822e-01 1.399822937753685090e-04
3.103906953765545040e-02 9.999261079967068921e-01 9.998510890124251427e-01 1.399822937753685090e-04
3.108107098523760214e-02 9.998424093223927667e-01 9.998508137767848636e-01 1.399822937753685090e-04
3.112307243281975389e-02 9.996166746918757617e-01 9.998505385411448065e-01 1.399822937753685090e-04
3.116507388040190563e-02 9.999916671901484255e-01 9.998502633055046385e-01 1.399913349217306844e-04
3.120707532798405737e-02 9.997217520883582287e-01 9.998499880698644704e-01 1.399822937753685090e-04
3.124907676829025149e-02 1.000008575995242177e+00 9.998497128342719309e-01 1.399822937753685090e-04
3.129107822314836085e-02 9.997364508240823566e-01 9.998494375985840232e-01 1.399822937753685090e-04
3.133307966345455498e-02 1.000012350311118681e+00 9.998491623629915948e-01 1.399822937753685090e-04
3.137508111831266433e-02 9.999166062091711105e-01 9.998488871273037981e-01 1.399822937753685090e-04
3.141708255861885846e-02 9.998683577227811536e-01 9.998486118917113696e-01 1.399822937753685090e-04
3.145908400620101020e-02 9.995583504231174699e-01 9.998483366560710905e-01 1.399822937753685090e-04
3.150108545378316194e-02 9.998100022828166900e-01 9.998480614204310335e-01 1.399822937753685090e-04
3.154308690136531368e-02 9.998199372195338830e-01 9.998477861847908654e-01 1.399822937753685090e-04
3.158508834167150781e-02 9.996423577079298628e-01 9.998475109491983259e-01 1.399847028153113537e-04
3.162708978197770193e-02 9.999339907613536971e-01 9.998472357136057864e-01 1.399822937753685090e-04
3.166909123683581129e-02 9.999746240266297326e-01 9.998469604779181008e-01 1.399889872432131936e-04
3.171109267714200541e-02 9.998762637845798329e-01 9.998466852423255613e-01 1.399822937753685090e-04
3.175309413200011477e-02 9.999947057482023727e-01 9.998464100066377647e-01 1.399822937753685090e-04
3.179509557230630890e-02 1.000099074443039582e+00 9.998461347710452252e-01 1.399822937753685090e-04
3.183709702716441825e-02 9.995263720245488592e-01 9.998458595353575395e-01 1.399822937753685090e-04
3.187909846747061238e-02 9.998004459020952694e-01 9.998455842997650000e-01 1.399877701675916481e-04
3.192109991505276412e-02 9.998926725288309614e-01 9.998453090641248320e-01 1.399822937753685090e-04
3.196310136263491586e-02 9.998576072607048282e-01 9.998450338284846639e-01 1.399822937753685090e-04
3.200510280294110999e-02 9.997192349075997297e-01 9.998447585928922354e-01 1.399822937753685090e-04
3.204710425779921934e-02 9.997649458596861161e-01 9.998444833572042167e-01 1.399953793148363398e-04
3.208910569810541347e-02 9.997606921783516176e-01 9.998442081216118993e-01 1.399822937753685090e-04
3.213110715296352282e-02 9.995559841375561971e-01 9.998439328859239916e-01 1.399822937753685090e-04
3.217310859326971695e-02 9.999798544603454298e-01 9.998436576503314521e-01 1.399822937753685090e-04
3.221511004812782630e-02 9.999024492312273971e-01 9.998433824146435445e-01 1.399822937753685090e-04
3.225711148843402043e-02 1.000028419772303279e+00 9.998431071790510050e-01 1.399822937753685090e-04
3.229911293601617217e-02 9.996368563577688882e-01 9.998428319434109479e-01 1.399822937753685090e-04
3.234111438359832391e-02 9.996220440922185535e-01 9.998425567077707798e-01 1.399822937753685090e-04
3.238311583118047565e-02 1.000143361950345700e+00 9.998422814721306118e-01 1.399822937753685090e-04
3.242511727876262739e-02 9.999769100901244601e-01 9.998420062364904437e-01 1.399822937753685090e-04
3.246711871906882152e-02 9.996990944005462731e-01 9.998417310008980152e-01 1.399822937753685090e-04
3.250912017392693087e-02 9.999120749342080838e-01 9.998414557652102186e-01 1.399822937753685090e-04
3.255112161423312500e-02 9.996615935182799895e-01 9.998411805296176791e-01 1.399822937753685090e-04
3.259312306909123436e-02 9.996240814887491499e-01 9.998409052939298824e-01 1.399822937753685090e-04
3.263512450939742848e-02 9.999097456658545546e-01 9.998406300583374540e-01 1.399866621979333804e-04
3.267712596425553784e-02 9.997985127275941242e-01 9.998403548226496573e-01 1.399827625515032267e-04
3.271912740456173196e-02 9.998367192331680808e-01 9.998400795870571178e-01 1.399822937753685090e-04
3.276112885214388371e-02 9.997142332935913256e-01 9.998398043514169498e-01 1.400001159622735170e-04
3.280313029972603545e-02 9.998055632372006007e-01 9.998395291157768927e-01 1.399822937753685090e-04
3.284513174003222957e-02 9.998184256826525562e-01 9.998392538801843532e-01 1.399822937753685090e-04
3.288713319489033893e-02 9.998559170157252929e-01 9.998389786444965566e-01 1.399822937753685090e-04
3.292913463519653305e-02 9.997016746950614374e-01 9.998387034089040171e-01 1.399822937753685090e-04
3.297113609005464241e-02 9.997838789570525631e-01 9.998384281732161094e-01 1.399822937753685090e-04
3.301313753036083654e-02 9.997622442460367687e-01 9.998381529376236809e-01 1.400097305674623683e-04
3.305513898521894589e-02 9.994867568365157773e-01 9.998378777019357733e-01 1.399822937753685090e-04
3.309714042552514002e-02 9.998435135305094867e-01 9.998376024663433448e-01 1.399822937753685090e-04
3.313914187310729176e-02 9.997806980251153774e-01 9.998373272307030657e-01 1.399822937753685090e-04
3.318114332068944350e-02 9.997219516953133045e-01 9.998370519950628976e-01 1.399822937753685090e-04
3.322314476827159524e-02 9.998313574373841606e-01 9.998367767594228406e-01 1.399822937753685090e-04
3.326514621585374698e-02 9.999337983206796343e-01 9.998365015237826725e-01 1.399822937753685090e-04
3.330714765615994111e-02 1.000030609422727812e+00 9.998362262881901330e-01 1.399854097020836153e-04
3.334914911101805046e-02 9.998582387698178309e-01 9.998359510525023364e-01 1.399822937753685090e-04
3.339115055132424459e-02 9.998973841025358134e-01 9.998356758169099079e-01 1.399839279974474592e-04
3.343315200618235394e-02 9.998018866232494251e-01 9.998354005812221112e-01 1.399822937753685090e-04
3.347515344648854807e-02 9.997181624016626689e-01 9.998351253456295717e-01 1.399822937753685090e-04
3.351715490134665743e-02 9.997742908322201361e-01 9.998348501099417751e-01 1.399822937753685090e-04
3.355915634165285155e-02 9.998411060198941769e-01 9.998345748743492356e-01 1.399822937753685090e-04
3.360115778923500329e-02 9.998945065247468733e-01 9.998342996387091786e-01 1.399822937753685090e-04
3.364315923681715503e-02 9.996091518093261907e-01 9.998340244030690105e-01 1.399822937753685090e-04
3.368516067712334916e-02 9.997090519526086183e-01 9.998337491674764710e-01 1.400469892712848249e-04
3.372716213198145851e-02 9.998302142425949945e-01 9.998334739317886743e-01 1.399841485473742508e-04
3.376916357228765264e-02 9.998304104004234194e-01 9.998331986961962459e-01 1.399822937753685090e-04
3.381116502714576200e-02 9.995917227165350694e-01 9.998329217105398348e-01 1.400370004492673334e-04
3.385316646745195612e-02 9.996249191485763186e-01 9.998326437027436064e-01 1.399822937753685090e-04
3.389516792231006548e-02 9.998518480800447916e-01 9.998323656948510108e-01 1.400109577962777919e-04
3.393716936261625960e-02 9.996168752118470557e-01 9.998320876870550045e-01 1.399822937753685090e-04
3.397917081019841135e-02 9.996898454192701955e-01 9.998318096792107035e-01 1.399822937753685090e-04
3.402117225778056309e-02 9.998850456924245345e-01 9.998315316713662915e-01 1.399822937753685090e-04
3.406317370536271483e-02 9.999072684924827925e-01 9.998312536635218795e-01 1.399822937753685090e-04
3.410517515294486657e-02 9.996831026821968447e-01 9.998309756556775785e-01 1.399881714959779703e-04
3.414717659325106069e-02 9.999412765393415059e-01 9.998306976478813501e-01 1.399822937753685090e-04
3.418917804810917005e-02 1.000018135243332607e+00 9.998304196399888655e-01 1.399822937753685090e-04
3.423117948841536418e-02 9.996789459671190370e-01 9.998301416321926371e-01 1.399822937753685090e-04
3.427318093599751592e-02 9.997812314057807903e-01 9.998298636243484472e-01 1.399822937753685090e-04
3.431518237630371004e-02 9.997190211138571314e-01 9.998295856165522189e-01 1.400582395372275705e-04
3.435718383116181940e-02 9.995981911515552376e-01 9.998293076086596232e-01 1.399822937753685090e-04
3.439918527146801353e-02 9.999264880365723585e-01 9.998290296008635059e-01 1.399895313336007110e-04
3.444118671905016527e-02 9.997339816174167781e-01 9.998287515930192049e-01 1.399822937753685090e-04
3.448318816663231701e-02 9.999279114487945597e-01 9.998284735851749039e-01 1.399822937753685090e-04
3.452518960693851113e-02 9.998821013416936410e-01 9.998281955773786756e-01 1.399822937753685090e-04
3.456719106179662049e-02 9.998840844885544810e-01 9.998279175694860799e-01 1.399837330242834348e-04
3.460919250210281461e-02 9.999916126605721267e-01 9.998276395616899626e-01 1.399822937753685090e-04
3.465119395696092397e-02 9.997141928158036484e-01 9.998273615537974779e-01 1.399822937753685090e-04
3.469319539726711810e-02 9.999120539375828676e-01 9.998270835460012496e-01 1.399822937753685090e-04
3.473519685212522745e-02 9.999482130253901646e-01 9.998268055381088759e-01 1.399856099256292308e-04
3.477719829243142158e-02 1.000029463317512413e+00 9.998265275303126476e-01 1.399822937753685090e-04
3.481919974001357332e-02 9.996772208529890458e-01 9.998262495224682356e-01 1.400176336002446019e-04
3.486120118759572506e-02 9.999389349858842646e-01 9.998259715146239346e-01 1.399822937753685090e-04
3.490320263517787680e-02 9.997034817628454029e-01 9.998256935067797446e-01 1.399822937753685090e-04
3.494520408276002854e-02 9.998455203277590853e-01 9.998254154989353326e-01 1.399822937753685090e-04
3.498720552306622267e-02 9.996265299723092745e-01 9.998251374911391043e-01 1.399822937753685090e-04
3.502920697792433202e-02 9.998802208163806160e-01 9.998248594832465086e-01 1.399879134958253969e-04
3.507120841823052615e-02 9.999516775725197926e-01 9.998245814754502803e-01 1.399822937753685090e-04
3.511320987308863550e-02 9.997286112317160800e-01 9.998243034675579066e-01 1.399871883077886871e-04
3.515521131339482963e-02 9.998355865257160247e-01 9.998240254597616783e-01 1.399828184192191977e-04
3.519721276825293899e-02 9.996963108504184348e-01 9.998237474518691936e-01 1.399822937753685090e-04
3.523921420855913311e-02 9.998486877201137046e-01 9.998234694440730763e-01 1.399822937753685090e-04
3.528121565614128485e-02 9.998290866847262537e-01 9.998231914362286643e-01 1.399145461763319335e-04
3.532321710372343659e-02 9.998623380837932118e-01 9.998229134283843633e-01 1.399822937753685090e-04
3.536521854402963072e-02 9.996508646715399626e-01 9.998226354205883570e-01 1.399822937753685090e-04
3.540721999888774008e-02 9.996590012096052691e-01 9.998223574126957613e-01 1.399822937753685090e-04
3.544922143919393420e-02 9.996558991117416859e-01 9.998220794048995330e-01 1.399822937753685090e-04
3.549122289405204356e-02 9.996182014783372427e-01 9.998218013970069373e-01 1.399822937753685090e-04
3.553322433435823768e-02 9.996400238821778750e-01 9.998215233892107090e-01 1.399822937753685090e-04
3.557522578921634704e-02 9.997354204241234443e-01 9.998212453813184464e-01 1.399822937753685090e-04
3.561722722952254117e-02 9.998790955205127950e-01 9.998209673735222180e-01 1.399903784167155448e-04
3.565922867710469291e-02 9.998447901792365533e-01 9.998206893656778060e-01 1.399822937753685090e-04
3.570123012468684465e-02 9.997593648577115522e-01 9.998204113578333940e-01 1.399822937753685090e-04
3.574323157226899639e-02 9.997321380364966315e-01 9.998201333499890930e-01 1.399822937753685090e-04
3.578523301985114813e-02 9.995890059455764254e-01 9.998198553421447921e-01 1.399822937753685090e-04
3.582723446015734226e-02 9.997511054202891101e-01 9.998195773343486747e-01 1.399852169890702621e-04
3.586923591501545161e-02 9.998691502795240549e-01 9.998192993264560791e-01 1.399822937753685090e-04
3.591123735532164574e-02 9.998363680975832501e-01 9.998190213186599618e-01 1.399822937753685090e-04
3.595323880290379748e-02 9.997214580950152252e-01 9.998187433108155497e-01 1.399961900419475710e-04
3.599524024320999160e-02 9.997249747546854692e-01 9.998184663354937607e-01 1.399822937753685090e-04
3.603724169806810096e-02 9.998984143527764878e-01 9.998181900284950352e-01 1.400490104834032354e-04
3.607924313837429509e-02 9.997860247518959298e-01 9.998179137215920109e-01 1.399822937753685090e-04
3.612124458595644683e-02 9.998199335500945750e-01 9.998176374146410250e-01 1.399822937753685090e-04
3.616324603353859857e-02 9.998858484507644473e-01 9.998173611076901501e-01 1.400349867411184552e-04
3.620524747384479269e-02 9.998237207764779644e-01 9.998170848007871259e-01 1.399822937753685090e-04
3.624724892870290205e-02 9.998556861227274606e-01 9.998168084937882893e-01 1.399840547835421573e-04
3.628925036900909618e-02 9.995942107420272560e-01 9.998165321868852651e-01 1.399839502825260269e-04
3.633125182386720553e-02 9.998887234118765122e-01 9.998162558798864286e-01 1.399822937753685090e-04
3.637325326417339966e-02 9.998650656513370372e-01 9.998159795729834043e-01 1.399822937753685090e-04
3.641525471903150901e-02 9.998100313536355532e-01 9.998157032659845678e-01 1.399822937753685090e-04
3.645725615933770314e-02 9.998818509256045539e-01 9.998154269590815435e-01 1.399822937753685090e-04
3.649925760691985488e-02 9.998244855487977700e-01 9.998151506521306686e-01 1.399822937753685090e-04
3.654125905450200662e-02 9.998351971451843179e-01 9.998148743451797937e-01 1.399822937753685090e-04
3.658326050208415836e-02 9.997979432072360284e-01 9.998145980382288078e-01 1.399951026795827357e-04
3.662526194966631010e-02 9.997659200328473661e-01 9.998143217312779329e-01 1.399822937753685090e-04
3.666726338997250423e-02 9.999573590182176952e-01 9.998140454243749087e-01 1.399822937753685090e-04
3.670926484483061358e-02 9.999883776410301017e-01 9.998137691173760722e-01 1.399822937753685090e-04
3.675126628513680771e-02 9.997326038608825849e-01 9.998134928104729369e-01 1.399822937753685090e-04
3.679326773999491706e-02 9.998703543292776219e-01 9.998132165034742114e-01 1.399822937753685090e-04
3.683526918030111119e-02 1.000052560357131748e+00 9.998129401965710761e-01 1.399822937753685090e-04
3.687727063515922055e-02 9.998627598774930680e-01 9.998126638895723506e-01 1.401140383132326529e-04
3.691927207546541467e-02 9.998655280330605022e-01 9.998123875826692153e-01 1.400293875136627165e-04
3.696127352304756641e-02 9.996417811183077040e-01 9.998121112757184514e-01 1.399822937753685090e-04
3.700327497062971815e-02 9.997535581602086108e-01 9.998118349687673545e-01 1.399822937753685090e-04
3.704527641093591228e-02 1.000159201385651286e+00 9.998115586618642192e-01 1.398643696187265638e-04
3.708727786579402164e-02 9.997339975340299167e-01 9.998112823548657158e-01 1.399822937753685090e-04
3.712927930610021576e-02 9.996396909220474081e-01 9.998110060479625805e-01 1.399822937753685090e-04
3.717128076095832512e-02 9.998451581078418027e-01 9.998107297409637440e-01 1.399822937753685090e-04
3.721328220126451924e-02 9.998734811875411577e-01 9.998104534340604976e-01 1.399928235234211386e-04
3.725528364884667099e-02 9.999175313228088058e-01 9.998101771271097338e-01 1.399822937753685090e-04
3.729728508915286511e-02 9.997122079870228717e-01 9.998099008202065985e-01 1.399822937753685090e-04
3.733928653673501685e-02 9.997529649659268047e-01 9.998096245132557236e-01 1.399955713803233354e-04
3.738128798431716859e-02 9.997532857182309662e-01 9.998093482063047377e-01 1.399822937753685090e-04
3.742328943189932033e-02 1.000044069765205768e+00 9.998090718993538628e-01 1.399822937753685090e-04
3.746529087948147207e-02 1.000062447352370043e+00 9.998087955924028769e-01 1.399822937753685090e-04
3.750729231978766620e-02 1.000011824852176767e+00 9.998085192854999637e-01 1.399822937753685090e-04
3.754929377464577556e-02 9.998092843358487025e-01 9.998082429785011271e-01 1.399822937753685090e-04
3.759129521495196968e-02 9.998227480049747262e-01 9.998079666715981029e-01 1.399822937753685090e-04
3.763329666981007904e-02 1.000056483487148817e+00 9.998076903645992664e-01 1.399822937753685090e-04
3.767529811011627316e-02 9.997998064860323941e-01 9.998074140576962421e-01 1.399822937753685090e-04
3.771729956497438252e-02 9.997149767809888621e-01 9.998071377506974056e-01 1.399822937753685090e-04
3.775930100528057665e-02 9.999907574172713920e-01 9.998068614437943813e-01 1.399822937753685090e-04
3.780130245286272839e-02 9.997372439258679355e-01 9.998065851368435064e-01 1.399822937753685090e-04
3.784330390044488013e-02 1.000015185469393719e+00 9.998063088298925205e-01 1.399849860562951893e-04
3.788530534075107425e-02 1.000178091551244153e+00 9.998060325229894962e-01 1.399822937753685090e-04
3.792730679560918361e-02 9.997464614245237247e-01 9.998057562159906597e-01 1.399822937753685090e-04
3.796930823591537774e-02 9.998703941741995393e-01 9.998054799090876354e-01 1.399822937753685090e-04
3.801130969077348709e-02 9.998668729232867980e-01 9.998052036020889100e-01 1.400364133189175696e-04
3.805331113107968122e-02 9.999403765172282244e-01 9.998049272951858857e-01 1.399822937753685090e-04
3.809531258593779057e-02 1.000071205263115548e+00 9.998046509881870492e-01 1.399822937753685090e-04
3.813731402624398470e-02 9.996011379176396039e-01 9.998043746812840249e-01 1.399822937753685090e-04
3.817931547382613644e-02 9.996698709783100600e-01 9.998040983743330390e-01 1.399980587296534209e-04
3.822131692140828818e-02 9.998833440254214500e-01 9.998038220673821641e-01 1.399822937753685090e-04
3.826331836899043992e-02 1.000137917685109068e+00 9.998035457604312892e-01 1.399822937753685090e-04
3.830531981657259166e-02 9.998359520893819186e-01 9.998032694534803033e-01 1.399921490269575468e-04
3.834732125687878579e-02 9.997696399272134604e-01 9.998029931465771680e-01 1.399854035983303703e-04
3.838932271173689514e-02 9.998706752827544175e-01 9.998027168395784425e-01 1.399822937753685090e-04
3.843132414476713166e-02 9.998014329556194069e-01 9.998024405327232689e-01 1.399822937753685090e-04
3.847332559962524101e-02 9.999297727992375595e-01 9.998021642257245434e-01 1.399822937753685090e-04
3.851532703993143514e-02 9.999518688988405790e-01 9.998018879188214081e-01 1.399886684669271182e-04
3.855732849478954449e-02 9.995737737159480218e-01 9.998016116118226826e-01 1.399822937753685090e-04
3.859932993509573862e-02 9.999072367533546890e-01 9.998013353049195473e-01 1.399871236394675876e-04
3.864133138267789036e-02 9.996412428904730696e-01 9.998010589979686724e-01 1.399822937753685090e-04
3.868333283026004210e-02 9.996793392047711446e-01 9.998007826910176865e-01 1.399822937753685090e-04
3.872533427056623623e-02 9.995860298331185056e-01 9.998005063841145512e-01 1.399822937753685090e-04
3.876733572542434558e-02 9.994531561393709129e-01 9.998002300771158257e-01 1.399822937753685090e-04
3.880933716573053971e-02 9.999601651006043701e-01 9.997999537702126904e-01 1.399877898565913192e-04
3.885133862058864906e-02 9.998315825812235103e-01 9.997996774632140760e-01 1.399822937753685090e-04
3.889334006089484319e-02 9.997275330348588396e-01 9.997994011563108296e-01 1.399857976042014312e-04
3.893534151575295255e-02 9.996890907543946048e-01 9.997991248493122152e-01 1.399822937753685090e-04
3.897734295605914667e-02 9.999514491880837630e-01 9.997988485424090799e-01 1.399822937753685090e-04
3.901934440364129841e-02 9.997196447953645704e-01 9.997985722354580940e-01 1.399822937753685090e-04
3.906134585122345015e-02 9.996286663600157940e-01 9.997982959285073301e-01 1.399822937753685090e-04
3.910334729880560189e-02 9.998829730737740507e-01 9.997980196215562332e-01 1.399822937753685090e-04
3.914534874638775364e-02 9.997102909145128002e-01 9.997977433146053583e-01 1.399856008612279288e-04
3.918735018669394776e-02 9.999029641230384735e-01 9.997974670077023340e-01 1.399822937753685090e-04
3.922935164155205712e-02 9.997718637366186378e-01 9.997971907007034975e-01 1.399822937753685090e-04
3.927135308185825124e-02 9.997182337440732036e-01 9.997969137687042762e-01 1.399952904943484557e-04
3.931335453671636060e-02 9.998657493025389087e-01 9.997966364584240928e-01 1.399822937753685090e-04
3.935535597702255473e-02 9.999342751705245780e-01 9.997963591482398327e-01 1.399822937753685090e-04
3.939735743188066408e-02 9.997481026239389834e-01 9.997960818379598713e-01 1.399825691635634231e-04
3.943935886491090059e-02 9.999314153113045833e-01 9.997958045278237948e-01 1.399822937753685090e-04
3.948136031249305233e-02 9.997065113219278931e-01 9.997955272175914621e-01 1.399822937753685090e-04
3.952336176007520407e-02 9.996696225833079374e-01 9.997952499073594623e-01 1.399876140973861692e-04
3.956536320038139820e-02 9.994727951073020256e-01 9.997949725971754242e-01 1.399822937753685090e-04
3.960736465523950756e-02 9.999918309656309345e-01 9.997946952868952408e-01 1.399822937753685090e-04
3.964936609554570168e-02 9.999090817254425723e-01 9.997944179767110917e-01 1.399822937753685090e-04
3.969136755040381104e-02 9.999258114804283615e-01 9.997941406664309083e-01 1.399822937753685090e-04
3.973336899071000516e-02 9.998283685763492690e-01 9.997938633562468702e-01 1.399988298434861743e-04
3.977537044556811452e-02 9.994874566822529172e-01 9.997935860459666868e-01 1.400062511387232080e-04
3.981737188587430865e-02 9.996553866962542001e-01 9.997933087357826487e-01 1.399822937753685090e-04
3.985937333345646039e-02 9.995384650548506666e-01 9.997930314255503159e-01 1.399839842387621245e-04
3.990137478103861213e-02 9.999996602924190459e-01 9.997927541153183162e-01 1.399822937753685090e-04
3.994337622862076387e-02 9.995558323346931395e-01 9.997924768050860944e-01 1.399822937753685090e-04
3.998537767620291561e-02 9.998425775808866822e-01 9.997921994948540947e-01 1.399822937753685090e-04
4.002737911650910974e-02 9.999134877258255560e-01 9.997919221846698346e-01 1.399822937753685090e-04
4.006938057136721909e-02 9.996714215553538230e-01 9.997916448743897622e-01 1.399822937753685090e-04
4.011138201167341322e-02 9.997193505849523154e-01 9.997913675642057241e-01 1.399822937753685090e-04
4.015338346653152257e-02 9.997418350342243132e-01 9.997910902539253186e-01 1.399844738223653020e-04
4.019538490683771670e-02 9.997073096244377677e-01 9.997908129437412805e-01 1.399822937753685090e-04
4.023738636169582605e-02 9.999402024161079261e-01 9.997905356334612081e-01 1.399822937753685090e-04
4.027938780200202018e-02 9.996621484400675106e-01 9.997902583232769480e-01 1.400395620286579938e-04
4.032138924958417192e-02 9.997961349414304921e-01 9.997899810130448373e-01 1.399822937753685090e-04
4.036339068989036605e-02 9.997702208404850577e-01 9.997897037028607992e-01 1.399901957334643145e-04
4.040539213019656017e-02 9.996578515420456723e-01 9.997894263926766500e-01 1.399822937753685090e-04
4.044739358505466953e-02 9.997968041740851186e-01 9.997891490823964666e-01 1.399839503784481307e-04
4.048939502536086366e-02 9.998830406807511784e-01 9.997888717722124285e-01 1.399822937753685090e-04
4.053139648021897301e-02 9.997703177837071742e-01 9.997885944619322451e-01 1.399878541538670477e-04
4.057339792052516714e-02 9.997474953058026470e-01 9.997883171517480960e-01 1.399861005640559545e-04
4.061539937538327649e-02 9.997571900343694695e-01 9.997880398414679126e-01 1.399832992974996170e-04
4.065740081568947062e-02 9.995748431346538343e-01 9.997877625312838745e-01 1.399822937753685090e-04
4.069940226327162236e-02 9.997021963299780323e-01 9.997874852210515417e-01 1.399822937753685090e-04
4.074140371085377410e-02 9.997912567604051448e-01 9.997872079108195420e-01 1.399822937753685090e-04
4.078340515843592584e-02 9.997645157452618170e-01 9.997869306005873202e-01 1.399822937753685090e-04
4.082540660601807758e-02 9.996929153364897402e-01 9.997866532903553205e-01 1.399822937753685090e-04
4.086740804632427171e-02 9.998147661793851393e-01 9.997863759801711714e-01 1.400768130541401734e-04
4.090940950118238106e-02 9.999332370308633422e-01 9.997860986698909880e-01 1.399822937753685090e-04
4.095141094148857519e-02 9.998100433162393497e-01 9.997858213597069499e-01 1.399881161066903585e-04
4.099341239634668455e-02 9.996890316896219764e-01 9.997855440494267665e-01 1.399823766403388741e-04
4.103541383665287867e-02 9.997693969045630125e-01 9.997852667392426174e-01 1.399822937753685090e-04
4.107741529151098803e-02 9.998485195052073671e-01 9.997849894289624340e-01 1.399822937753685090e-04
4.111941673181718215e-02 9.997692731184830706e-01 9.997847121187783959e-01 1.399822937753685090e-04
4.116141817939933389e-02 9.997125852951270764e-01 9.997844348085460631e-01 1.399912066730038063e-04
4.120341961970552802e-02 9.994774646200812462e-01 9.997841574983620250e-01 1.399822937753685090e-04
4.124542106001172215e-02 9.995335050652901510e-01 9.997838801881778759e-01 1.400059043587816130e-04
4.128742251486983150e-02 9.996728033475685837e-01 9.997836028778976925e-01 1.400043398068515446e-04
4.132942395517602563e-02 9.997538359765320015e-01 9.997833255677136544e-01 1.399822937753685090e-04
4.137142541003413498e-02 9.997855134727250404e-01 9.997830482574334710e-01 1.399822937753685090e-04
4.141342685034032911e-02 9.999287078922070027e-01 9.997827709472493218e-01 1.399822937753685090e-04
4.145542830519843847e-02 9.999328750112513875e-01 9.997824936369691384e-01 1.399822937753685090e-04
4.149742974550463259e-02 9.998374183561841155e-01 9.997822163267851003e-01 1.399822937753685090e-04
4.153943119308678433e-02 9.998711812771445828e-01 9.997819390165531006e-01 1.399822937753685090e-04
4.158143264066893607e-02 9.997626329008663104e-01 9.997816617063207678e-01 1.399823591357951882e-04
4.162343408825108781e-02 9.996542459549807580e-01 9.997813843960886571e-01 1.399829752931366997e-04
4.166543553583323956e-02 9.998281661829369060e-01 9.997811070858565463e-01 1.399822937753685090e-04
4.170743697613943368e-02 9.998343453977390771e-01 9.997808297756725082e-01 1.399827650977377715e-04
4.174943843099754304e-02 9.998258176340840686e-01 9.997805524653923248e-01 1.399822937753685090e-04
4.179143987130373716e-02 9.997526720167227987e-01 9.997802751552081757e-01 1.399822937753685090e-04
4.183344132616184652e-02 9.997419615525645620e-01 9.997799978449279923e-01 1.399822937753685090e-04
4.187544276646804065e-02 1.000014367373166291e+00 9.997797205347439542e-01 1.399883131065549405e-04
4.191744422132615000e-02 9.999974880781876685e-01 9.997794432244637708e-01 1.399822937753685090e-04
4.195944566163234413e-02 9.995535363350557256e-01 9.997791659142796217e-01 1.399822937753685090e-04
4.200144710193853825e-02 9.998233767895471358e-01 9.997788886040955836e-01 1.399822937753685090e-04
4.204344854952068999e-02 1.000017787285632398e+00 9.997786112938633618e-01 1.399822937753685090e-04
4.208544998982688412e-02 9.998348579774100076e-01 9.997783339836793237e-01 1.399822937753685090e-04
4.212745144468499348e-02 9.996580070459992751e-01 9.997780566733990293e-01 1.399822937753685090e-04
4.216945288499118760e-02 9.996440765159754216e-01 9.997777793632148802e-01 1.399822937753685090e-04
4.221145433984929696e-02 9.999425165332379573e-01 9.997775020529348078e-01 1.399528435722733862e-04
4.225345578015549108e-02 9.997497382920748077e-01 9.997772247427506587e-01 1.399822937753685090e-04
4.229545723501360044e-02 9.996793817973179674e-01 9.997769474324704753e-01 1.399827351717708478e-04
4.233745867531979457e-02 9.997541493079755703e-01 9.997766701222863261e-01 1.399822937753685090e-04
4.237946012290194631e-02 9.996465115870485363e-01 9.997763928120543264e-01 1.399822937753685090e-04
4.242146157048409805e-02 9.999644463691967911e-01 9.997761155018221046e-01 1.399822937753685090e-04
4.246346301806624979e-02 9.997551104552044876e-01 9.997758381915901049e-01 1.399822937753685090e-04
4.250546446564840153e-02 9.998573498246539071e-01 9.997755608813577721e-01 1.399827873593864321e-04
4.254746590595459566e-02 9.997787560524143968e-01 9.997752835711737340e-01 1.399822937753685090e-04
4.258946736081270501e-02 9.996984447234195104e-01 9.997750062608935506e-01 1.399822937753685090e-04
4.263146880111889914e-02 9.996641996859495505e-01 9.997747289507094015e-01 1.399822937753685090e-04
4.267347025597700849e-02 9.998199289498616027e-01 9.997744516404292181e-01 1.399822937753685090e-04
4.271547168900724500e-02 9.999277982675791598e-01 9.997741743302932527e-01 1.399822937753685090e-04
4.275747314386535436e-02 9.995486574368647181e-01 9.997738970200130693e-01 1.399825426656689954e-04
4.279947458417154849e-02 9.997343534596052628e-01 9.997736197098289201e-01 1.399822937753685090e-04
4.284147603175370023e-02 9.996145855820175452e-01 9.997733423995968094e-01 1.399822937753685090e-04
4.288347747933585197e-02 9.999607844261830802e-01 9.997730650893646986e-01 1.399822937753685090e-04
4.292547891964204609e-02 9.995903624323220216e-01 9.997727877791805495e-01 1.399822937753685090e-04
4.296748037450015545e-02 1.000119076680770380e+00 9.997725104689003661e-01 1.399822937753685090e-04
4.300948181480634958e-02 9.999240054000756439e-01 9.997722331587163280e-01 1.399822937753685090e-04
4.305148326966445893e-02 9.998979646092354123e-01 9.997719558484361446e-01 1.399822937753685090e-04
4.309348470997065306e-02 9.997368962223484035e-01 9.997716785382519955e-01 1.399862668339106370e-04
4.313548616482876241e-02 9.999886262129206171e-01 9.997714020941301793e-01 1.400007828817412747e-04
4.317748760513495654e-02 9.996749082587030877e-01 9.997711260320666371e-01 1.399822937753685090e-04
4.321948905271710828e-02 9.999448792279509446e-01 9.997708499699552442e-01 1.399822937753685090e-04
4.326149050029926002e-02 9.997496268587164892e-01 9.997705739078438514e-01 1.399822937753685090e-04
4.330349194788141176e-02 9.998425103976175121e-01 9.997702978457324585e-01 1.399822937753685090e-04
4.334549339546356350e-02 9.998619695950915487e-01 9.997700217836210657e-01 1.399822937753685090e-04
4.338749483576975763e-02 9.998557743621034888e-01 9.997697457215575234e-01 1.399957230488459658e-04
4.342949628335190937e-02 9.998649942716039130e-01 9.997694696594460195e-01 1.399953318718445846e-04
4.347149772365810350e-02 9.997857882869953805e-01 9.997691935973825883e-01 1.399822937753685090e-04
4.351349917851621285e-02 9.999164856752624786e-01 9.997689175352233448e-01 1.399880675058812988e-04
4.355550061882240698e-02 9.996731227042663370e-01 9.997686414731598026e-01 1.399822937753685090e-04
4.359750207368051633e-02 9.996896798475796153e-01 9.997683654110006701e-01 1.399822937753685090e-04
4.363950351398671046e-02 9.998595365150286796e-01 9.997680893489369058e-01 1.399822937753685090e-04
4.368150496156886220e-02 9.999970112761968899e-01 9.997678132868256240e-01 1.399822937753685090e-04
4.372350640915101394e-02 9.996241447415923354e-01 9.997675372247142311e-01 1.399822937753685090e-04
4.376550784945720807e-02 9.997024616674832220e-01 9.997672611626506889e-01 1.400349133605478737e-04
4.380750930431531742e-02 9.997229987615737778e-01 9.997669851004914454e-01 1.399822937753685090e-04
4.384951074462151155e-02 9.996397538889483236e-01 9.997667090384279032e-01 1.399822937753685090e-04
4.389151219947962090e-02 9.995065895384470656e-01 9.997664329762686597e-01 1.400306670421673234e-04
4.393351363978581503e-02 9.997100932925633288e-01 9.997661569142051174e-01 1.399822937753685090e-04
4.397551509464392439e-02 9.996916685408503422e-01 9.997658808520458740e-01 1.399868440220760637e-04
4.401751653495011851e-02 9.998317035498032190e-01 9.997656047899822207e-01 1.399822937753685090e-04
4.405951798253227025e-02 9.998256850866212853e-01 9.997653287278708278e-01 1.399842226854078266e-04
4.410151942283846438e-02 9.997389005933423611e-01 9.997650526658073966e-01 1.399822937753685090e-04
4.414352087042061612e-02 9.996067943494100216e-01 9.997647766036958927e-01 1.399822937753685090e-04
4.418552231800276786e-02 9.997774448993480556e-01 9.997645005415844999e-01 1.399875010336379996e-04
4.422752375830896199e-02 9.996989208202112787e-01 9.997642244795210686e-01 1.399822937753685090e-04
4.426952521316707134e-02 9.995948026300772726e-01 9.997639484173617141e-01 1.399822937753685090e-04
4.431152665347326547e-02 9.998054658235232539e-01 9.997636723552981719e-01 1.399822937753685090e-04
4.435352810833137482e-02 9.998916692639499004e-01 9.997633962931390395e-01 1.399859191377958174e-04
4.439552954863756895e-02 9.996110876384974864e-01 9.997631202310753862e-01 1.399831925380461259e-04
4.443753100349567831e-02 9.999542645604007074e-01 9.997628441689161427e-01 1.399822937753685090e-04
4.447953244380187243e-02 9.999020363293860125e-01 9.997625681068527115e-01 1.399850297824398290e-04
4.452153389138402417e-02 9.997366641308677027e-01 9.997622920447412076e-01 1.399822937753685090e-04
4.456353533896617591e-02 9.997054896691104364e-01 9.997620159826298147e-01 1.399822937753685090e-04
4.460553677927237004e-02 9.997440736243525805e-01 9.997617399205662725e-01 1.399822937753685090e-04
4.464753823413047940e-02 9.997922431986276948e-01 9.997614638584070290e-01 1.399844336183233293e-04
4.468953967443667352e-02 9.996180073930285293e-01 9.997611877963433757e-01 1.399822937753685090e-04
4.473154112929478288e-02 9.998866760685917177e-01 9.997609117341843543e-01 1.399822937753685090e-04
4.477354256232501939e-02 9.997819938469304502e-01 9.997606356721685517e-01 1.399882523513305756e-04
4.481554401718312874e-02 9.996994858769830961e-01 9.997603596100091972e-01 1.399822937753685090e-04
4.485754545748932287e-02 9.997461056857317452e-01 9.997600835479456549e-01 1.399998745156966467e-04
4.489954690507147461e-02 9.997320512211085308e-01 9.997598074858344841e-01 1.399824053201205953e-04
4.494154835265362635e-02 9.996222869237441078e-01 9.997595314237229802e-01 1.399822937753685090e-04
4.498354980023577809e-02 9.999321091310211518e-01 9.997592553616114763e-01 1.400142517594441210e-04
4.502555124781792983e-02 9.996440239658390681e-01 9.997589792995001945e-01 1.399822937753685090e-04
4.506755268812412396e-02 9.996409828929180286e-01 9.997587032374367633e-01 1.399822937753685090e-04
4.510955414298223332e-02 1.000023789196197832e+00 9.997584271752774088e-01 1.399822937753685090e-04
4.515155558328842744e-02 9.998331253300113408e-01 9.997581511132137555e-01 1.399822937753685090e-04
4.519355703814653680e-02 9.996838034098683989e-01 9.997578750510546231e-01 1.399822937753685090e-04
4.523555847845273092e-02 9.997022375912971714e-01 9.997575989889910808e-01 1.399822937753685090e-04
4.527755993331084028e-02 9.997049121076236888e-01 9.997573229268318373e-01 1.399822937753685090e-04
4.531956137361703441e-02 1.000126116146714317e+00 9.997570468647681841e-01 1.399822937753685090e-04
4.536156281392322853e-02 9.995839623086471004e-01 9.997567709811738812e-01 1.399822937753685090e-04
4.540356426150538027e-02 9.998126518694786524e-01 9.997564952318933607e-01 1.399822937753685090e-04
4.544556570181157440e-02 9.998332593039351845e-01 9.997562194826606907e-01 1.399869490638220085e-04
4.548756715666968375e-02 9.997202473537947220e-01 9.997559437333324306e-01 1.399822937753685090e-04
4.552956859697587788e-02 9.996673162077236441e-01 9.997556679840995386e-01 1.399822937753685090e-04
4.557157005183398724e-02 9.995873687505437699e-01 9.997553922347713895e-01 1.399822937753685090e-04
4.561357149214018136e-02 9.998330164325359704e-01 9.997551164855387196e-01 1.400201518450454395e-04
4.565557294699829072e-02 9.999353555411208960e-01 9.997548407362102374e-01 1.399822937753685090e-04
4.569757438730448484e-02 9.998860980001665899e-01 9.997545649869775675e-01 1.399822937753685090e-04
4.573957583488663658e-02 9.998208532487758982e-01 9.997542892376970469e-01 1.399822937753685090e-04
4.578157728246878833e-02 1.000055297825905187e+00 9.997540134884166374e-01 1.399822937753685090e-04
4.582357873005094007e-02 9.999100354239148780e-01 9.997537377391360058e-01 1.399926874832910771e-04
4.586558017763309181e-02 9.996987808629524963e-01 9.997534619898555963e-01 1.399822937753685090e-04
4.590758161793928593e-02 9.995989572290365777e-01 9.997531862406228154e-01 1.399822937753685090e-04
4.594958307279739529e-02 9.997115699005593159e-01 9.997529104912945552e-01 1.399825817659865158e-04
4.599158450582763180e-02 9.999834797906660411e-01 9.997526347421096249e-01 1.400090808581669983e-04
4.603358596068574116e-02 9.996656274898099159e-01 9.997523589927812537e-01 1.399822937753685090e-04
4.607558740099193528e-02 9.998432811025016465e-01 9.997520832435486948e-01 1.399822937753685090e-04
4.611758885585004464e-02 9.997425425969781454e-01 9.997518074942204347e-01 1.400017370249882439e-04
4.615959029615623876e-02 9.996226959337133344e-01 9.997515317449876537e-01 1.399822937753685090e-04
4.620159174373839051e-02 9.997982929567517107e-01 9.997512559957071332e-01 1.399822937753685090e-04
4.624359319132054225e-02 9.999599305611751587e-01 9.997509802464267237e-01 1.399822937753685090e-04
4.628559463162673637e-02 9.997092099934082876e-01 9.997507044971938317e-01 1.399822937753685090e-04
4.632759608648484573e-02 9.998768775128440423e-01 9.997504287478655716e-01 1.399822937753685090e-04
4.636959752679103985e-02 9.998827215559302761e-01 9.997501529986329016e-01 1.399859180847859788e-04
4.641159898164914921e-02 9.995887282858632039e-01 9.997498772493045305e-01 1.399822937753685090e-04
4.645360042195534334e-02 9.999061916141586126e-01 9.997496015000717495e-01 1.399822937753685090e-04
4.649560187681345269e-02 9.999539202348884936e-01 9.997493257507436004e-01 1.399822937753685090e-04
4.653760330984368920e-02 9.995411339506561355e-01 9.997490500015585591e-01 1.399822937753685090e-04
4.657960475742584094e-02 9.999432838188880845e-01 9.997487742522780385e-01 1.399822937753685090e-04
4.662160620500799268e-02 9.996199064512089061e-01 9.997484985029975180e-01 1.399822937753685090e-04
4.666360765259014443e-02 9.998117094410530203e-01 9.997482227537171084e-01 1.399826369333678126e-04
4.670560910017229617e-02 9.997184680248146771e-01 9.997479470044365879e-01 1.399822937753685090e-04
4.674761054047849029e-02 9.998572058896671999e-01 9.997476712552038070e-01 1.399822937753685090e-04
4.678961199533659965e-02 9.998780577409349668e-01 9.997473955058754358e-01 1.399822937753685090e-04
4.683161343564279377e-02 9.997023372038645883e-01 9.997471197566427659e-01 1.399822937753685090e-04
4.687361489050090313e-02 9.997270327983461824e-01 9.997468440073145057e-01 1.399822937753685090e-04
4.691561633080709726e-02 9.998140116890724682e-01 9.997465682580817248e-01 1.399822937753685090e-04
4.695761777838924900e-02 9.997786716746657198e-01 9.997462925088012042e-01 1.399822937753685090e-04
4.699961922597140074e-02 9.999279853264462226e-01 9.997460167595207947e-01 1.399822937753685090e-04
4.704162067355355248e-02 9.998622303955460033e-01 9.997457410102402742e-01 1.400009553060221825e-04
4.708362212113570422e-02 9.995751236566772224e-01 9.997454652609597536e-01 1.399822937753685090e-04
4.712562355416594073e-02 9.998008663795806550e-01 9.997451895117747123e-01 1.399882472222681448e-04
4.716762500902405009e-02 9.997120785176544233e-01 9.997449137624464521e-01 1.399822937753685090e-04
4.720962644933024421e-02 9.995001099220229834e-01 9.997446380132137822e-01 1.399822937753685090e-04
4.725162790418835357e-02 9.997450579994249242e-01 9.997443622638855221e-01 1.399822937753685090e-04
4.729362934449454769e-02 9.996837740784939585e-01 9.997440865146527411e-01 1.399912541820639959e-04
4.733563079935265705e-02 9.995445885432324706e-01 9.997438107653244810e-01 1.399822937753685090e-04
4.737763223965885118e-02 9.996390164289927771e-01 9.997435350160918111e-01 1.399822937753685090e-04
4.741963368724100292e-02 9.995465396743615782e-01 9.997432592668112905e-01 1.400485134173019841e-04
4.746163513482315466e-02 9.996628748228898464e-01 9.997429835175307700e-01 1.399822937753685090e-04
4.750363658240530640e-02 9.996555143556553613e-01 9.997427077682501384e-01 1.399822937753685090e-04
4.754563802998745814e-02 9.997390416400457891e-01 9.997424320189697289e-01 1.399822937753685090e-04
4.758763947029365227e-02 9.999434219706173632e-01 9.997421564947955863e-01 1.399824952179393037e-04
4.762964091787580401e-02 9.998323319355667538e-01 9.997418817824583748e-01 1.399822937753685090e-04
4.767164235818199813e-02 9.993773857988161868e-01 9.997416070701685697e-01 1.399822937753685090e-04
4.771364381304010749e-02 9.996865476139354945e-01 9.997413323577836186e-01 1.399822937753685090e-04
4.775564525334630162e-02 9.995780427129719037e-01 9.997410576454940356e-01 1.399822937753685090e-04
4.779764670092845336e-02 9.996014547727289923e-01 9.997407829331564910e-01 1.399822937753685090e-04
4.783964814851060510e-02 9.996281713874964892e-01 9.997405082208193905e-01 1.399873054221835022e-04
4.788164959609275684e-02 9.997316646424952991e-01 9.997402335084819569e-01 1.399822937753685090e-04
4.792365104367490858e-02 9.997972560225509842e-01 9.997399587961446343e-01 1.399822937753685090e-04
4.796565248398110271e-02 9.996167589956334032e-01 9.997396840838549403e-01 1.399822937753685090e-04
4.800765393883921206e-02 9.996062456124247264e-01 9.997394093714699892e-01 1.399822937753685090e-04
4.804965537914540619e-02 9.995979584945763330e-01 9.997391346591802952e-01 1.399822937753685090e-04
4.809165683400351554e-02 9.996252725609530154e-01 9.997388599467952330e-01 1.399822937753685090e-04
4.813365827430970967e-02 9.998226196387768328e-01 9.997385852345056501e-01 1.399904602127448317e-04
4.817565972189186141e-02 9.995787622272758188e-01 9.997383105221682165e-01 1.399832829630185945e-04
4.821766116219805554e-02 9.997520993813746593e-01 9.997380358098785225e-01 1.399822937753685090e-04
4.825966260978020728e-02 9.996228161766917975e-01 9.997377610975411999e-01 1.399822937753685090e-04
4.830166405736235902e-02 9.994363719494424592e-01 9.997374863852037663e-01 1.399822937753685090e-04
4.834366550494451076e-02 9.997643934449517156e-01 9.997372116728666658e-01 1.399902371570715617e-04
4.838566695252666250e-02 9.997215413646119986e-01 9.997369369605291212e-01 1.399822937753685090e-04
4.842766839283285663e-02 9.996011530813397883e-01 9.997366622482395382e-01 1.399822937753685090e-04
4.846966984769096598e-02 9.997477222441192302e-01 9.997363875358545870e-01 1.399827812755885515e-04
4.851167128799716011e-02 9.996531633369790670e-01 9.997361128235647820e-01 1.399822937753685090e-04
4.855367274285526946e-02 9.995859277154266476e-01 9.997358381111799419e-01 1.399822937753685090e-04
4.859567418316146359e-02 9.996356953383119803e-01 9.997355633988902479e-01 1.400767907243173410e-04
4.863767563074361533e-02 9.997661271755609036e-01 9.997352886865529253e-01 1.399822937753685090e-04
4.867967707104980946e-02 9.995447681031435216e-01 9.997350139742631203e-01 1.399822937753685090e-04
4.872167851863196120e-02 9.999343803481242077e-01 9.997347392619259088e-01 1.399822937753685090e-04
4.876367996621411294e-02 9.996958538563507357e-01 9.997344645495884752e-01 1.399822937753685090e-04
4.880568140652030706e-02 9.996496042959871486e-01 9.997341898372987812e-01 1.399822937753685090e-04
4.884768286137841642e-02 9.997339407186249804e-01 9.997339151249138300e-01 1.399822937753685090e-04
4.888968430168461055e-02 9.994621644403813843e-01 9.997336404126240250e-01 1.399822937753685090e-04
4.893168575654271990e-02 9.997737570617033498e-01 9.997333657002392959e-01 1.399822937753685090e-04
4.897368719684891403e-02 9.994707208656767872e-01 9.997330909879494909e-01 1.399822937753685090e-04
4.901568865170702338e-02 9.995481049772905191e-01 9.997328162755646508e-01 1.399822937753685090e-04
4.905769009201321751e-02 9.997125316937021111e-01 9.997325415632748458e-01 1.399822937753685090e-04
4.909969153959536925e-02 9.997075989454444755e-01 9.997322668509375232e-01 1.399822937753685090e-04
4.914169298717752099e-02 9.997803135456545531e-01 9.997319921386002006e-01 1.399822937753685090e-04
4.918369442748371512e-02 9.997074948612308942e-01 9.997317174263103956e-01 1.399822937753685090e-04
4.922569587506586686e-02 9.997698985967526930e-01 9.997314427139731841e-01 1.399822937753685090e-04
4.926769731537206098e-02 9.995478529775139176e-01 9.997311680016833790e-01 1.399838116416259699e-04
4.930969877023017034e-02 9.998587631665437625e-01 9.997308932892984279e-01 1.399822937753685090e-04
4.935170021053636447e-02 9.999148221997681274e-01 9.997306185770087339e-01 1.399822937753685090e-04
4.939370166539447382e-02 9.998633006035668735e-01 9.997303438646237828e-01 1.399822937753685090e-04
4.943570310570066795e-02 9.996942311988917806e-01 9.997300691523341998e-01 1.399720457216010734e-04
4.947770455328281969e-02 9.998633549217668115e-01 9.997297944399966552e-01 1.399824653039770459e-04
4.951970600086497143e-02 9.994900855834673026e-01 9.997295197276594436e-01 1.399822937753685090e-04
4.956170744844712317e-02 9.997740450136385348e-01 9.997292450153221210e-01 1.399822937753685090e-04
4.960370889602927491e-02 9.998189885905675034e-01 9.997289703029847985e-01 1.399822937753685090e-04
4.964571032905951142e-02 9.997634175897661679e-01 9.997286955907426220e-01 1.400445738653869352e-04
4.968771178391762078e-02 9.996301916894752004e-01 9.997284208783576709e-01 1.399822937753685090e-04
4.972971322422381490e-02 9.994871905942009915e-01 9.997281461660679769e-01 1.399822937753685090e-04
4.977171467908192426e-02 9.995562219285226702e-01 9.997278714536830257e-01 1.399822937753685090e-04
4.981371611938811839e-02 9.996138422284900349e-01 9.997275967413933317e-01 1.399822937753685090e-04
4.985571757424622774e-02 9.996347022498557333e-01 9.997273220290083806e-01 1.399825943112280541e-04
4.989771901455242187e-02 9.996807889787803214e-01 9.997270473167186866e-01 1.399822937753685090e-04
4.993972046213457361e-02 9.999687028056158944e-01 9.997267726043813640e-01 1.399917445713536100e-04
4.998172190971672535e-02 9.996268591981961604e-01 9.997264978920439304e-01 1.399822937753685090e-04
5.002372335729887709e-02 9.995687979811738177e-01 9.997262231797068299e-01 1.399822937753685090e-04
5.006572480488102883e-02 9.997561385272923928e-01 9.997259484673692853e-01 1.399875253852561066e-04
5.010772624518722296e-02 9.996713531564503930e-01 9.997256737550797023e-01 1.399822937753685090e-04
5.014972769276937470e-02 9.995481752402761710e-01 9.997253990427423798e-01 1.399864951260746998e-04
5.019172913307556883e-02 9.997189132186620197e-01 9.997251243304525747e-01 1.399822937753685090e-04
5.023373058793367818e-02 9.997999056912131310e-01 9.997248496180677346e-01 1.399822937753685090e-04
5.027573202823987231e-02 9.996942241286312925e-01 9.997245749057779296e-01 1.399822937753685090e-04
5.031773347582202405e-02 9.997542461894768362e-01 9.997243001934406070e-01 1.399822937753685090e-04
5.035973492340417579e-02 9.994303815754445042e-01 9.997240254811032845e-01 1.399836298223259840e-04
5.040173637098632753e-02 9.996842513770565208e-01 9.997237507687659619e-01 1.399822937753685090e-04
5.044373781856847927e-02 9.998153542823743356e-01 9.997234760564286393e-01 1.399844660048977358e-04
5.048573925887467340e-02 9.995930543800747303e-01 9.997232012841043014e-01 1.399822937753685090e-04
5.052774071373278275e-02 9.998035971959187140e-01 9.997229253360054857e-01 1.399822937753685090e-04
5.056974215403897688e-02 9.996357794048278400e-01 9.997226493880022602e-01 1.399822937753685090e-04
5.061174360162112862e-02 9.996542497871695465e-01 9.997223734399514061e-01 1.399822937753685090e-04
5.065374504192732275e-02 9.997214819399936614e-01 9.997220974919481806e-01 1.399822937753685090e-04
5.069574649678543210e-02 9.998931582546276564e-01 9.997218215438494759e-01 1.399887758927711632e-04
5.073774793709162623e-02 9.997651453664447851e-01 9.997215455958463615e-01 1.399886073497747636e-04
5.077974938467377797e-02 9.997697106294476388e-01 9.997212696477953964e-01 1.399841994763753117e-04
5.082175083225592971e-02 9.997354923163069840e-01 9.997209936997445423e-01 1.399822937753685090e-04
5.086375227983808145e-02 9.997588799469050436e-01 9.997207177516935772e-01 1.399822937753685090e-04
5.090575372742023319e-02 9.996458356904959208e-01 9.997204418036426121e-01 1.399822937753685090e-04
5.094775516772642732e-02 9.997154736318892843e-01 9.997201658556394976e-01 1.399822937753685090e-04
5.098975662258453667e-02 9.996031823302228281e-01 9.997198899075409040e-01 1.399822937753685090e-04
5.103175806289073080e-02 9.997262493257622618e-01 9.997196139595376785e-01 1.399822937753685090e-04
5.107375951047288254e-02 9.998862177847439581e-01 9.997193380114868244e-01 1.399822937753685090e-04
5.111576095077907667e-02 9.996124871734126671e-01 9.997190620634835989e-01 1.399890150243095731e-04
5.115776239836122841e-02 9.996913722060046803e-01 9.997187861154327448e-01 1.399838542700938913e-04
5.119976384594338015e-02 9.994321562529474567e-01 9.997185101673817798e-01 1.399985116122518143e-04
5.124176529352553189e-02 9.997820334604343717e-01 9.997182342193308147e-01 1.399822937753685090e-04
5.128376674110768363e-02 9.993648496907220347e-01 9.997179582712799606e-01 1.399930222199574138e-04
5.132576818141387776e-02 9.998251314964561320e-01 9.997176823232767351e-01 1.399822937753685090e-04
5.136776963627198711e-02 9.998412528794897725e-01 9.997174063751779194e-01 1.399851782447281904e-04
5.140977107657818124e-02 9.997371689765216507e-01 9.997171304271749159e-01 1.399822937753685090e-04
5.145177253143629059e-02 9.994578762869166244e-01 9.997168544790761002e-01 1.399822937753685090e-04
5.149377396446652710e-02 9.996436765680518644e-01 9.997165785311208364e-01 1.400009058437150754e-04
5.153577541932463646e-02 9.996158323046931971e-01 9.997163025830220207e-01 1.399822937753685090e-04
5.157777685963083059e-02 9.996150548818688586e-01 9.997160266350190172e-01 1.399822937753685090e-04
5.161977830721298233e-02 9.996051268112171595e-01 9.997157506869679411e-01 1.399822937753685090e-04
5.166177975479513407e-02 9.996811280121803422e-01 9.997154747389169760e-01 1.399826160500074234e-04
5.170378119510132819e-02 9.995714540635124434e-01 9.997151987909139725e-01 1.400552989796945852e-04
5.174578264995943755e-02 9.997283328593435936e-01 9.997149228428151568e-01 1.399822937753685090e-04
5.178778409026563168e-02 9.999144031330349236e-01 9.997146468948120424e-01 1.399822937753685090e-04
5.182978554512374103e-02 9.996345182670305363e-01 9.997143709467133377e-01 1.399822937753685090e-04
5.187178698542993516e-02 9.994002669421323537e-01 9.997140949987101122e-01 1.399822937753685090e-04
5.191378844028804451e-02 9.995948242417455054e-01 9.997138190506114075e-01 1.399822937753685090e-04
5.195578987331828102e-02 9.995382396581568019e-01 9.997135431026560326e-01 1.399877659755933642e-04
5.199779132090043277e-02 9.994894593705093699e-01 9.997132671546051785e-01 1.400075264385962912e-04
5.203979276848258451e-02 9.996297524215199681e-01 9.997129912065542134e-01 1.399822937753685090e-04
5.208179421606473625e-02 9.998195045113191792e-01 9.997127152585032484e-01 1.399822937753685090e-04
5.212379566364688799e-02 9.997818502051806222e-01 9.997124393104523943e-01 1.399822937753685090e-04
5.216579710395308211e-02 9.995673480701865454e-01 9.997121633624491688e-01 1.399822937753685090e-04
5.220779855881119147e-02 9.998093261327857251e-01 9.997118874143503531e-01 1.399891059732944615e-04
5.224979999911738560e-02 9.996656447046566862e-01 9.997116114663473496e-01 1.399822937753685090e-04
5.229180145397549495e-02 9.998579228399515628e-01 9.997113355182487560e-01 1.399822937753685090e-04
5.233380289428168908e-02 9.996892766614711157e-01 9.997110595702455305e-01 1.399822937753685090e-04
5.237580434186384082e-02 9.997439222663495606e-01 9.997107836221946764e-01 1.399822937753685090e-04
5.241780578217003495e-02 9.997487380919555244e-01 9.997105076741914509e-01 1.399822937753685090e-04
5.245980722975218669e-02 9.996873790764959633e-01 9.997102317261405968e-01 1.399822937753685090e-04
5.250180867733433843e-02 9.998801733426769811e-01 9.997099557780896317e-01 1.399822937753685090e-04
5.254381011764053255e-02 9.997535734523861350e-01 9.997096798300865172e-01 1.399822937753685090e-04
5.258581157249864191e-02 9.995025475324743613e-01 9.997094038819877015e-01 1.399822937753685090e-04
5.262781301280483603e-02 9.995110516283078894e-01 9.997091279339844760e-01 1.399822937753685090e-04
5.266981446766294539e-02 9.994569647094410092e-01 9.997088519858857714e-01 1.399822937753685090e-04
5.271181590796913952e-02 9.994620150206814380e-01 9.997085760378826569e-01 1.399822937753685090e-04
5.275381736282724887e-02 9.996793968074212389e-01 9.997083000897839522e-01 1.399822937753685090e-04
5.279581879585748538e-02 9.995000018852480128e-01 9.997080241418285773e-01 1.399822937753685090e-04
5.283782024343963712e-02 9.994094278254286312e-01 9.997077481937776122e-01 1.399822937753685090e-04
5.287982169102178887e-02 9.998097736930297019e-01 9.997074722457267582e-01 1.399822937753685090e-04
5.292182313860394061e-02 9.998829354908704836e-01 9.997071962976757931e-01 1.400152545960444762e-04
5.296382458618609235e-02 9.998843036287542452e-01 9.997069203496248280e-01 1.399822937753685090e-04
5.300582602649228647e-02 9.997816673021299172e-01 9.997066444016217135e-01 1.399822937753685090e-04
5.304782748135039583e-02 9.996882625241553244e-01 9.997063684535230088e-01 1.399822937753685090e-04
5.308982892165658996e-02 9.998709172265425327e-01 9.997060925055198943e-01 1.399972617993056718e-04
5.313183037651469931e-02 9.996280891335878049e-01 9.997058165574211896e-01 1.399926617779805840e-04
5.317383181682089344e-02 9.997310534322553233e-01 9.997055406094179641e-01 1.399822937753685090e-04
5.321583326440304518e-02 9.996110954761996403e-01 9.997052646613671101e-01 1.399853378353256279e-04
5.325783470470923930e-02 9.999340445324164106e-01 9.997049887133638846e-01 1.399822937753685090e-04
5.329983615229139104e-02 9.995762332975546283e-01 9.997047127653130305e-01 1.399822937753685090e-04
5.334183759987354279e-02 9.996549496907851662e-01 9.997044368172620654e-01 1.399822937753685090e-04
5.338383904017973691e-02 9.994260484906555275e-01 9.997041608692589509e-01 1.399822937753685090e-04
5.342584049503784627e-02 9.998504968997887765e-01 9.997038849211601352e-01 1.400413203354603159e-04
5.346784193534404039e-02 9.997038784469616246e-01 9.997036089731570208e-01 1.399822937753685090e-04
5.350984339020214975e-02 9.995620757193933725e-01 9.997033330250582051e-01 1.399822937753685090e-04
5.355184483050834388e-02 9.997479067608564529e-01 9.997030570770550906e-01 1.399822937753685090e-04
5.359384627809049562e-02 9.996247898178475255e-01 9.997027811290042365e-01 1.399822937753685090e-04
5.363584771839668974e-02 9.995957359674632059e-01 9.997025051810011220e-01 1.399822937753685090e-04
5.367784916597884148e-02 9.996277709028613678e-01 9.997022292329502680e-01 1.399825502256989086e-04
5.371985061356099322e-02 9.994278153137206022e-01 9.997019532848991918e-01 1.401239364549652759e-04
5.376185206114314497e-02 9.995352076596485391e-01 9.997016773368483378e-01 1.399822937753685090e-04
5.380385350872529671e-02 9.995802136025729867e-01 9.997014013887973727e-01 1.399822937753685090e-04
5.384585494903149083e-02 9.995954726793236933e-01 9.997011254407943692e-01 1.399822937753685090e-04
5.388785640388960019e-02 9.995931034402191218e-01 9.997008494926955535e-01 1.399822937753685090e-04
5.392985784419579431e-02 9.997465494069844860e-01 9.997005735446923280e-01 1.399917398175524704e-04
5.397185929905390367e-02 9.993243061477140587e-01 9.997002975965936233e-01 1.399822937753685090e-04
5.401386073208414018e-02 9.996061735658678948e-01 9.997000216486382485e-01 1.399853037094924194e-04
5.405586218694224954e-02 9.996702839456164114e-01 9.996997457005395438e-01 1.399822937753685090e-04
5.409786362724844366e-02 9.995675091386638789e-01 9.996994697525364293e-01 1.399822937753685090e-04
5.413986507483059540e-02 9.998838401007261734e-01 9.996991938044854642e-01 1.399822937753685090e-04
5.418186652241274714e-02 9.995186514143747925e-01 9.996989178564346101e-01 1.399822937753685090e-04
5.422386796271894127e-02 9.995891659476674462e-01 9.996986419084313846e-01 1.399842628104238480e-04
5.426586941757705063e-02 9.996828971568124667e-01 9.996983659603326799e-01 1.400158342976559514e-04
5.430787085788324475e-02 9.998152961977194719e-01 9.996980900123295655e-01 1.399822937753685090e-04
5.434987231274135411e-02 9.995347089192436751e-01 9.996978140642307498e-01 1.399822937753685090e-04
5.439187374577159062e-02 9.997246486743249783e-01 9.996975381162754859e-01 1.399822937753685090e-04
5.443387520062969998e-02 9.997735908080158662e-01 9.996972621681767812e-01 1.399822937753685090e-04
5.447587664093589410e-02 9.995787257934146686e-01 9.996969862201736667e-01 1.399822937753685090e-04
5.451787808851804584e-02 9.995419630329180904e-01 9.996967102721227016e-01 1.400234296162191706e-04
5.455987953610019758e-02 9.998871634982062773e-01 9.996964343240716255e-01 1.399822937753685090e-04
5.460188098368234932e-02 9.998368848440479795e-01 9.996961583760208825e-01 1.400180755603304807e-04
5.464388243126450107e-02 9.998767542525565100e-01 9.996958824279698064e-01 1.399822937753685090e-04
5.468588387157069519e-02 9.998691400111263672e-01 9.996956064799668029e-01 1.399853757359637138e-04
5.472788532642880455e-02 9.994536410985881414e-01 9.996953305318679872e-01 1.399822937753685090e-04
5.476988675945904106e-02 9.996263697394965897e-01 9.996950545839127233e-01 1.399865139329611137e-04
5.481188821431715041e-02 9.995109940242509206e-01 9.996947786358139076e-01 1.399822937753685090e-04
5.485388965462334454e-02 9.997444163273395690e-01 9.996945026878106821e-01 1.399822937753685090e-04
5.489589110948145390e-02 9.996672475951760006e-01 9.996942267397120885e-01 1.399822937753685090e-04
5.493789254978764802e-02 9.996608534611142183e-01 9.996939507917089740e-01 1.399839765284865913e-04
5.497989399736979976e-02 9.997931994121925792e-01 9.996936748436580089e-01 1.399822937753685090e-04
5.502189544495195150e-02 9.994814042879059945e-01 9.996933988956070438e-01 1.399822937753685090e-04
5.506389688525814563e-02 9.994216590712409198e-01 9.996931229476039293e-01 1.399822937753685090e-04
5.510589834011625499e-02 9.999002182181845333e-01 9.996928469995052247e-01 1.399895195892550078e-04
5.514789977314649150e-02 9.997392108473374117e-01 9.996925710515499608e-01 1.399822937753685090e-04
5.518990122800460085e-02 9.995296473156348727e-01 9.996922951034511451e-01 1.399822937753685090e-04
5.523190266831079498e-02 9.996124078187141881e-01 9.996920191554480306e-01 1.399824917526219423e-04
5.527390412316890433e-02 9.997908722667163683e-01 9.996917432073493259e-01 1.399822937753685090e-04
5.531590556347509846e-02 9.996252322728594875e-01 9.996914672593461004e-01 1.399822937753685090e-04
5.535790701105725020e-02 9.996428090841744662e-01 9.996911913112952464e-01 1.399822937753685090e-04
5.539990845863940194e-02 9.995127514239219302e-01 9.996909153632442813e-01 1.399822937753685090e-04
5.544190990622155368e-02 9.996303130421254624e-01 9.996906394151933162e-01 1.399822937753685090e-04
5.548391135380370542e-02 9.994617084978761890e-01 9.996903634671424621e-01 1.399822937753685090e-04
5.552591278683394194e-02 9.998172365778040804e-01 9.996900875191870872e-01 1.399822937753685090e-04
5.556791424169205129e-02 9.999326491251258053e-01 9.996898115710883825e-01 1.399822937753685090e-04
5.560991568199824542e-02 9.995630094976967195e-01 9.996895356230851570e-01 1.399822937753685090e-04
5.565191713685635477e-02 9.993124162876845240e-01 9.996892596749863413e-01 1.399822937753685090e-04
5.569391857716254890e-02 9.995170264630167667e-01 9.996889837269833379e-01 1.399872105306632151e-04
5.573592003202065825e-02 9.998961719048221619e-01 9.996887077788845222e-01 1.399822937753685090e-04
5.577792147232685238e-02 9.994485894192453035e-01 9.996884318308815187e-01 1.399822937753685090e-04
5.581992291990900412e-02 9.997829346674725892e-01 9.996881559541591633e-01 1.399822937753685090e-04
5.586192436749115586e-02 9.995780958463909016e-01 9.996878805552862346e-01 1.399822937753685090e-04
5.590392580052139238e-02 9.996710235676053991e-01 9.996876051565087851e-01 1.399822937753685090e-04
5.594592725537950173e-02 9.997390974218981485e-01 9.996873297575881168e-01 1.399822937753685090e-04
5.598792869568569586e-02 9.997425052898096798e-01 9.996870543587629276e-01 1.399822937753685090e-04
5.602993015054380521e-02 9.996504721406739291e-01 9.996867789598422593e-01 1.399822937753685090e-04
5.607193159084999934e-02 9.996896368087512252e-01 9.996865035610170702e-01 1.399822937753685090e-04
5.611393304570810869e-02 9.997493369329860657e-01 9.996862281620964019e-01 1.399822937753685090e-04
5.615593448601430282e-02 9.998226927073240455e-01 9.996859527632713238e-01 1.399822937753685090e-04
5.619793593359645456e-02 9.998187283818495974e-01 9.996856773643983951e-01 1.399822937753685090e-04
5.623993738117860630e-02 9.997771009953984045e-01 9.996854019655255774e-01 1.399861723839945684e-04
5.628193882148480043e-02 9.996523240900369034e-01 9.996851265667002773e-01 1.399822937753685090e-04
5.632394026906695217e-02 9.995574503584357950e-01 9.996848511678273486e-01 1.399822937753685090e-04
5.636594170937314630e-02 9.998214724437334278e-01 9.996845757690022705e-01 1.400352421167659503e-04
5.640794316423125565e-02 9.996413431037303177e-01 9.996843003700816022e-01 1.399822937753685090e-04
5.644994460453744978e-02 9.997665794920230775e-01 9.996840249712563020e-01 1.399876540859192975e-04
5.649194605939555913e-02 9.996235704314616610e-01 9.996837495723356337e-01 1.399822937753685090e-04
5.653394749970175326e-02 9.997044266787316058e-01 9.996834741735105556e-01 1.399822937753685090e-04
5.657594895455986261e-02 9.997620294089235582e-01 9.996831987745899983e-01 1.399879648894901928e-04
5.661795038759009913e-02 9.997063350926959080e-01 9.996829233758125488e-01 1.399822937753685090e-04
5.665995183517225087e-02 9.998874617055057978e-01 9.996826479769395091e-01 1.399822937753685090e-04
5.670195328275440261e-02 9.996756151204142515e-01 9.996823725780665804e-01 1.399822937753685090e-04
5.674395472306059673e-02 9.997668859281775289e-01 9.996820971792415023e-01 1.399822937753685090e-04
5.678595617791870609e-02 9.996304997892421218e-01 9.996818217803208340e-01 1.400261973732754830e-04
5.682795761822490022e-02 9.997694321275250040e-01 9.996815463814956448e-01 1.399822937753685090e-04
5.686995907308300957e-02 9.996721161571686665e-01 9.996812709825749765e-01 1.399822937753685090e-04
5.691196051338920370e-02 9.996717836492651221e-01 9.996809955837497874e-01 1.399822937753685090e-04
5.695396196824731305e-02 9.995030927874727356e-01 9.996807201848292301e-01 1.399822937753685090e-04
5.699596340127754956e-02 9.997927612065424796e-01 9.996804447860517806e-01 1.399822937753685090e-04
5.703796484885970131e-02 9.998088450449035269e-01 9.996801693871787409e-01 1.399822937753685090e-04
5.707996629644185305e-02 9.997247885863672634e-01 9.996798939883058122e-01 1.399822937753685090e-04
5.712196774402400479e-02 9.996738902106793168e-01 9.996796185894328834e-01 1.399822937753685090e-04
5.716396919160615653e-02 9.996440921051713557e-01 9.996793431905600658e-01 1.399822937753685090e-04
5.720597063191235065e-02 9.996736509520732783e-01 9.996790677917348766e-01 1.399822937753685090e-04
5.724797208677046001e-02 9.997885291646920747e-01 9.996787923928140973e-01 1.399822937753685090e-04
5.728997352707665414e-02 9.997117892027742592e-01 9.996785169939890192e-01 1.399822937753685090e-04
5.733197497465880588e-02 9.995935114032709068e-01 9.996782415951159795e-01 1.399822937753685090e-04
5.737397641496500000e-02 9.996497372908600410e-01 9.996779661962909014e-01 1.399822937753685090e-04
5.741597786982310936e-02 9.996757516065737370e-01 9.996776907973703441e-01 1.399822937753685090e-04
5.745797931012930349e-02 9.995495623373729099e-01 9.996774153985451550e-01 1.399822937753685090e-04
5.749998075771145523e-02 9.998356762444671197e-01 9.996771399996721152e-01 1.399822937753685090e-04
5.754198220529360697e-02 9.996937920442926506e-01 9.996768646007992976e-01 1.399822937753685090e-04
5.758398364559980109e-02 9.994965722849213918e-01 9.996765892019741084e-01 1.399822937753685090e-04
5.762598510045791045e-02 9.997348839974375956e-01 9.996763138030534401e-01 1.399822937753685090e-04
5.766798653348814696e-02 9.996270229990112943e-01 9.996760384042758796e-01 1.399822937753685090e-04
5.770998798834625632e-02 9.997019082176902272e-01 9.996757630053553223e-01 1.399822937753685090e-04
5.775198942865245044e-02 9.996762295640405638e-01 9.996754876065301332e-01 1.400408867648230782e-04
5.779399088351055980e-02 9.999861477556318823e-01 9.996752122076095759e-01 1.399871399308693276e-04
5.783599232381675392e-02 9.996404879321458825e-01 9.996749368087842758e-01 1.399822937753685090e-04
5.787799377139890566e-02 9.994564968527771542e-01 9.996746614099114581e-01 1.400036852224305079e-04
5.791999521898105741e-02 9.997405683607296645e-01 9.996743860110385294e-01 1.399894253068149441e-04
5.796199666656320915e-02 9.996871777090506894e-01 9.996741106121654896e-01 1.399822937753685090e-04
5.800399810686940327e-02 9.996461868619892499e-01 9.996738352133404115e-01 1.399822937753685090e-04
5.804599954717559740e-02 9.998098704714694085e-01 9.996735600212861561e-01 1.399884671609063287e-04
5.808800100203370675e-02 9.996444193555479307e-01 9.996732850845299057e-01 1.399822937753685090e-04
5.813000244233990088e-02 9.997790025714970996e-01 9.996730101478688013e-01 1.399822937753685090e-04
5.817200389719801024e-02 9.996247928213821687e-01 9.996727352111124398e-01 1.399822937753685090e-04
5.821400533750420436e-02 9.998199125523283826e-01 9.996724602744514465e-01 1.399822937753685090e-04
5.825600679236231372e-02 9.996492729420665135e-01 9.996721853376950850e-01 1.399822937753685090e-04
5.829800823266850784e-02 9.998951592300164837e-01 9.996719104010340917e-01 1.399822937753685090e-04
5.834000967297470197e-02 9.996263242004751470e-01 9.996716354643729874e-01 1.400624409132947951e-04
5.838201112055685371e-02 9.998383227991300970e-01 9.996713605276642545e-01 1.399822937753685090e-04
5.842401256086304784e-02 9.995285947903185253e-01 9.996710855910032612e-01 1.399851361782266225e-04
5.846601401572115719e-02 9.996294580386042572e-01 9.996708106542471217e-01 1.399822937753685090e-04
5.850801545602735132e-02 9.997015638049572273e-01 9.996705357175860174e-01 1.399822937753685090e-04
5.855001691088546067e-02 9.994376717876488625e-01 9.996702607808296559e-01 1.399822937753685090e-04
5.859201835119165480e-02 9.994961465073056717e-01 9.996699858441686626e-01 1.399822937753685090e-04
5.863401980604976416e-02 9.996372867506111426e-01 9.996697109074123011e-01 1.399822937753685090e-04
5.867602123908000067e-02 9.996386428130111801e-01 9.996694359707989364e-01 1.399822937753685090e-04
5.871802268666215241e-02 9.995588676753039969e-01 9.996691610632160163e-01 1.399933634782165052e-04
5.876002413424430415e-02 9.996186086238358914e-01 9.996688866008583974e-01 1.399822937753685090e-04
5.880202558182645589e-02 9.995811698937910883e-01 9.996686105159200419e-01 1.399822937753685090e-04
5.884402702940860763e-02 9.996867022474584807e-01 9.996683341613872287e-01 1.399822937753685090e-04
5.888602846971480176e-02 9.998565386670755784e-01 9.996680578069024881e-01 1.399864699372883675e-04
5.892802992457291111e-02 9.995005804365389990e-01 9.996677814523218242e-01 1.399822937753685090e-04
5.897003136487910524e-02 9.994205704236752696e-01 9.996675050978369725e-01 1.399822937753685090e-04
5.901203281246125698e-02 9.996778867464181095e-01 9.996672287433042703e-01 1.399822937753685090e-04
5.905403425276745111e-02 9.997612900975129113e-01 9.996669523888194187e-01 1.400266716094485738e-04
5.909603570762556046e-02 9.997048889753227252e-01 9.996666760342387548e-01 1.399822937753685090e-04
5.913803714793175459e-02 9.995046419600333021e-01 9.996663996797539031e-01 1.399879895157461697e-04
5.918003859551390633e-02 9.996594280977403324e-01 9.996661233252212009e-01 1.399822937753685090e-04
5.922204004309605807e-02 9.998490302298197463e-01 9.996658469706883876e-01 1.399822937753685090e-04
5.926404148340225220e-02 9.997327710418200120e-01 9.996655706162037580e-01 1.399822937753685090e-04
5.930604293826036155e-02 9.994065488909138484e-01 9.996652942616229831e-01 1.399822937753685090e-04
5.934804437129059806e-02 9.992876927128412357e-01 9.996650179071859821e-01 1.399822937753685090e-04
5.939004582614870742e-02 9.996985656197799885e-01 9.996647415526054292e-01 1.399822937753685090e-04
5.943204726645490155e-02 9.999039881585330969e-01 9.996644651981205776e-01 1.399822937753685090e-04
5.947404872131301090e-02 9.994594754142218651e-01 9.996641888435399137e-01 1.399822937753685090e-04
5.951605016161920503e-02 9.996294490420849499e-01 9.996639124890552841e-01 1.399822937753685090e-04
5.955805160920135677e-02 9.996494714710707497e-01 9.996636361345223598e-01 1.399822937753685090e-04
5.960005305678350851e-02 9.995472706902860383e-01 9.996633612471094166e-01 1.399822937753685090e-04
5.964205450436566025e-02 9.995060508144028022e-01 9.996630864528983640e-01 1.399822937753685090e-04
5.968405594467185438e-02 9.996727738353978765e-01 9.996628116587351620e-01 1.399822937753685090e-04
5.972605738497804850e-02 9.997613325731871114e-01 9.996625368645717380e-01 1.399822937753685090e-04
5.976805883983615786e-02 9.994874802037888584e-01 9.996622620703131679e-01 1.399822937753685090e-04
5.981006028014235198e-02 9.998444668547220582e-01 9.996619872761498549e-01 1.399917561663131132e-04
5.985206173500046134e-02 9.996411148340474950e-01 9.996617124818913958e-01 1.399822937753685090e-04
5.989406317530665547e-02 9.995859269564816296e-01 9.996614376877279717e-01 1.399850926309648786e-04
5.993606463016476482e-02 9.994002645241552019e-01 9.996611628934694016e-01 1.399822937753685090e-04
5.997806606319500133e-02 9.994968214602675260e-01 9.996608880993538282e-01 1.399822937753685090e-04
6.002006751077715307e-02 9.995058862487676832e-01 9.996606133051428866e-01 1.399822937753685090e-04
6.006206895835930482e-02 9.995232942543140764e-01 9.996603385109317230e-01 1.399822937753685090e-04
6.010407039866549894e-02 9.996203367785829741e-01 9.996600637167685210e-01 1.399822937753685090e-04
6.014607185352360830e-02 9.995818760658501390e-01 9.996597889225100619e-01 1.399822937753685090e-04
6.018807329382980242e-02 9.995606074588296863e-01 9.996595141283466379e-01 1.399822937753685090e-04
6.023007474868791178e-02 9.997521393739383644e-01 9.996592393340880678e-01 1.399822937753685090e-04
6.027207618899410591e-02 9.994370111500117115e-01 9.996589645399247548e-01 1.399917020565519536e-04
6.031407763657625765e-02 9.997530325511417848e-01 9.996586897457138132e-01 1.399843387817285346e-04
6.035607907688245177e-02 9.995468622611151099e-01 9.996584149515503892e-01 1.399822937753685090e-04
6.039808052446460351e-02 9.995398355369404797e-01 9.996581401573395587e-01 1.399822937753685090e-04
6.044008197204675525e-02 9.993139728025519641e-01 9.996578653631286171e-01 1.399822937753685090e-04
6.048208341962890700e-02 9.995195291582573693e-01 9.996575905689177866e-01 1.399893173886423362e-04
6.052408486721105874e-02 9.995548115685759516e-01 9.996573157747066229e-01 1.399869253411110384e-04
6.056608630751725286e-02 9.997588507657427792e-01 9.996570409805434210e-01 1.399822937753685090e-04
6.060808775509940460e-02 9.995520100812660402e-01 9.996567661863323684e-01 1.399822937753685090e-04
6.065008919540559873e-02 9.993349487783186325e-01 9.996564913921690554e-01 1.399980696125475077e-04
6.069209065026370808e-02 9.996197806273571240e-01 9.996562165979104853e-01 1.399845790595340264e-04
6.073409209056990221e-02 9.996058151810739423e-01 9.996559418037472833e-01 1.399822937753685090e-04
6.077609354542801157e-02 9.999089425498005612e-01 9.996556670094887131e-01 1.399822937753685090e-04
6.081809498573420569e-02 9.996068426512243477e-01 9.996553922153252891e-01 1.399836913188919074e-04
6.086009643331635743e-02 9.998255321603123358e-01 9.996551174211144586e-01 1.399822937753685090e-04
6.090209788089850917e-02 9.994020465983409762e-01 9.996548426269035170e-01 1.399822937753685090e-04
6.094409931392874569e-02 9.998342044904594550e-01 9.996545678327877216e-01 1.399822937753685090e-04
6.098610076878685504e-02 9.997294714552249495e-01 9.996542930385291514e-01 1.399822937753685090e-04
6.102810220909304917e-02 9.994699143363747762e-01 9.996540182443659495e-01 1.399822937753685090e-04
6.107010366395115852e-02 9.994637911149002463e-01 9.996537434501072683e-01 1.399822937753685090e-04
6.111210510425735265e-02 9.998406302388572753e-01 9.996534686559439553e-01 1.400319786770635045e-04
6.115410655911546201e-02 9.997481449936954645e-01 9.996531938616853852e-01 1.399869396434247663e-04
6.119610799942165613e-02 9.994958196108961745e-01 9.996529190675221832e-01 1.399826354826586038e-04
6.123810943972785026e-02 9.995759452476201679e-01 9.996526442733587592e-01 1.399822937753685090e-04
6.128011088731000200e-02 9.995089641350246579e-01 9.996523694791478176e-01 1.399822937753685090e-04
6.132211233489215374e-02 9.992541499183615894e-01 9.996520946849369871e-01 1.399822937753685090e-04
6.136411378247430548e-02 9.995985521717096756e-01 9.996518198907259345e-01 1.399091275419997124e-04
6.140611522278049961e-02 9.996505814305027826e-01 9.996515450965625105e-01 1.399822937753685090e-04
6.144811667763860896e-02 9.997132464465169344e-01 9.996512703023040514e-01 1.399822937753685090e-04
6.149011811794480309e-02 9.996069222920938024e-01 9.996509955081408494e-01 1.399822937753685090e-04
6.153211956552695483e-02 9.994427366828672055e-01 9.996507207139299078e-01 1.399822937753685090e-04
6.157412100583314896e-02 9.995927598606412223e-01 9.996504459197664838e-01 1.399822937753685090e-04
6.161612246069125831e-02 9.996399713023498279e-01 9.996501711255079137e-01 1.399822937753685090e-04
6.165812390099745244e-02 9.998993411346083215e-01 9.996498963313447117e-01 1.399829348094792578e-04
6.170012534857960418e-02 9.996608058328234625e-01 9.996496215371336591e-01 1.399881629894193129e-04
6.174212679616175592e-02 9.996835030791906274e-01 9.996493467429227175e-01 1.399822937753685090e-04
6.178412823646795005e-02 9.996614054775093683e-01 9.996490719487594045e-01 1.399822937753685090e-04
6.182612969132605940e-02 9.996833930762932807e-01 9.996487971545009454e-01 1.399822937753685090e-04
6.186813112435629591e-02 9.997659563516833048e-01 9.996485223603850390e-01 1.400294816583922449e-04
6.191013257921440527e-02 9.992987868269499474e-01 9.996482475661265799e-01 1.399822937753685090e-04
6.195213401952059940e-02 9.993760896540755390e-01 9.996479727719633779e-01 1.399822937753685090e-04
6.199413547437870875e-02 9.995972747214604270e-01 9.996476979777048077e-01 1.399822937753685090e-04
6.203613691468490288e-02 9.995550670169208729e-01 9.996474231835413837e-01 1.399822937753685090e-04
6.207813836226705462e-02 9.998866221148300371e-01 9.996471483893304422e-01 1.399822937753685090e-04
6.212013980984920636e-02 9.995736529270831117e-01 9.996468735951196116e-01 1.399825033621924792e-04
6.216214125015540048e-02 9.995543503637457361e-01 9.996465988009560766e-01 1.399822937753685090e-04
6.220414269773755223e-02 9.997122744731757882e-01 9.996463240067452460e-01 1.399822937753685090e-04
6.224614413804374635e-02 9.996584268937708240e-01 9.996460492125819330e-01 1.399822937753685090e-04
6.228814559290185571e-02 9.993704801271133809e-01 9.996457744183234739e-01 1.399854589015975715e-04
6.233014703320804983e-02 9.994373783151708768e-01 9.996454996241599389e-01 1.399868994092198283e-04
6.237214848806615919e-02 9.995360771304953040e-01 9.996452248299014798e-01 1.399880295144831312e-04
6.241414992837235332e-02 9.997092696691484148e-01 9.996449500357382778e-01 1.399833013375546722e-04
6.245615137595450506e-02 9.996428549251010764e-01 9.996446752415272252e-01 1.399822937753685090e-04
6.249815281626069918e-02 9.994898569972356928e-01 9.996444004473638012e-01 1.399845047292199330e-04
6.254015426384285092e-02 9.995387368550018303e-01 9.996441256531529707e-01 1.399822937753685090e-04
6.258215571142500266e-02 9.998366102634933528e-01 9.996438508589421401e-01 1.399822937753685090e-04
6.262415715173119679e-02 9.995133608158223160e-01 9.996435760647786051e-01 1.399849019590740590e-04
6.266615860658930615e-02 9.995510446986054509e-01 9.996433012705201460e-01 1.399049990900846376e-04
6.270816004689550027e-02 9.998484574930320834e-01 9.996430264763568330e-01 1.399049990900846376e-04
6.275016149447765201e-02 9.997766862824087886e-01 9.996427516821458914e-01 1.399068674590272154e-04
6.279216293478384614e-02 9.996815471330131597e-01 9.996424768879824674e-01 1.399049990900846376e-04
6.283416438964195549e-02 9.999387688998296886e-01 9.996422020937240083e-01 1.399107767834252146e-04
6.287616582994814962e-02 9.999553187930954046e-01 9.996419272995606953e-01 1.399049990900846376e-04
6.291816727753030136e-02 9.996946839325827616e-01 9.996416525053496427e-01 1.399049990900846376e-04
6.296016872511245310e-02 9.997860412451713419e-01 9.996413777111387011e-01 1.399049990900846376e-04
6.300217017269460484e-02 9.996105203205607470e-01 9.996411029169278706e-01 1.399049990900846376e-04
6.304417161300079897e-02 9.996217295494880251e-01 9.996408269132659452e-01 1.400028433191273047e-04
6.308617305330699310e-02 9.998998389552063992e-01 9.996405507347282393e-01 1.399049990900846376e-04
6.312817450816510245e-02 9.998764426890637269e-01 9.996402745560947212e-01 1.399049990900846376e-04
6.317017594847129658e-02 9.996747445950984190e-01 9.996399983775570153e-01 1.399049990900846376e-04
6.321217740332940593e-02 9.998927567188796717e-01 9.996397221989234971e-01 1.399049990900846376e-04
6.325417884363560006e-02 9.999226839603808648e-01 9.996394460203857912e-01 1.399049990900846376e-04
6.329618029849370942e-02 1.000115017945505169e+00 9.996391698417523841e-01 1.399058963650407958e-04
6.333818173152394593e-02 9.999193902549609048e-01 9.996388936632624178e-01 1.399103156264420360e-04
6.338018317910609767e-02 9.996755076951342467e-01 9.996386174846768613e-01 1.399049990900846376e-04
6.342218462668824941e-02 9.998287562933576567e-01 9.996383413060913048e-01 1.399172832167777571e-04
6.346418606699444354e-02 9.999105910476865366e-01 9.996380651275535989e-01 1.399060018530396657e-04
6.350618752185255289e-02 1.000130105885460585e+00 9.996377889489201918e-01 1.399049990900846376e-04
6.354818896215874702e-02 9.997294388827625555e-01 9.996375127703823749e-01 1.399049990900846376e-04
6.359019040974089876e-02 1.000003735577988717e+00 9.996372365917967073e-01 1.399049990900846376e-04
6.363219185004709288e-02 9.997127779623238286e-01 9.996369604132590014e-01 1.399049990900846376e-04
6.367419330490520224e-02 9.997547292673368835e-01 9.996366842346255943e-01 1.399049990900846376e-04
6.371619474521139637e-02 9.997278570647358809e-01 9.996364080560878884e-01 1.399049990900846376e-04
6.375819619279354811e-02 9.997897151123845694e-01 9.996361331062512123e-01 1.399049990900846376e-04
6.380019764037569985e-02 9.997781488154378060e-01 9.996358582134042825e-01 1.399049990900846376e-04
6.384219908795785159e-02 9.996624205911809335e-01 9.996355833205574637e-01 1.399049990900846376e-04
6.388420052826404572e-02 9.997605223202674640e-01 9.996353084277581624e-01 1.399049990900846376e-04
6.392620196857023984e-02 9.998772971168906620e-01 9.996350335349586391e-01 1.399049990900846376e-04
6.396820342342834920e-02 9.995271066128387227e-01 9.996347586420641917e-01 1.399049990900846376e-04
6.401020486373454332e-02 9.998602158395766271e-01 9.996344837492647795e-01 1.399429379669651615e-04
6.405220631859265268e-02 9.997613400358914548e-01 9.996342088563702211e-01 1.399049990900846376e-04
6.409420775889884681e-02 9.997171735862779851e-01 9.996339339635710308e-01 1.399049990900846376e-04
6.413620921375695616e-02 9.996378420141102117e-01 9.996336590706764724e-01 1.399159832859683318e-04
6.417821064678719267e-02 9.996057044904178568e-01 9.996333841779245777e-01 1.399049990900846376e-04
6.422021209436934441e-02 9.998526857043231741e-01 9.996331092850776479e-01 1.399049990900846376e-04
6.426221354195149615e-02 9.998548237176949627e-01 9.996328343922307180e-01 1.399049990900846376e-04
6.430421498225769028e-02 9.997277567818818600e-01 9.996325594994315278e-01 1.399049990900846376e-04
6.434621643711579964e-02 9.995966992122244932e-01 9.996322846065369694e-01 1.399049990900846376e-04
6.438821787742199376e-02 9.997586761065112571e-01 9.996320097137376681e-01 1.399049990900846376e-04
6.443021932500414550e-02 9.997262266021432753e-01 9.996317348208905162e-01 1.399049990900846376e-04
6.447222076531033963e-02 1.000055172754790611e+00 9.996314599280912150e-01 1.399127033212695353e-04
6.451422222016844898e-02 9.999086421618037512e-01 9.996311850351966566e-01 1.399049990900846376e-04
6.455622366047464311e-02 9.999763826799586974e-01 9.996309101423974663e-01 1.399049990900846376e-04
6.459822510805679485e-02 9.997280993176438368e-01 9.996306352495505365e-01 1.399049990900846376e-04
6.464022655563894659e-02 9.997840798742585466e-01 9.996303603567036067e-01 1.399462032127230210e-04
6.468222800322109833e-02 9.997450404545188407e-01 9.996300854638564548e-01 1.399562170514253895e-04
6.472422944352729246e-02 9.999421849074645596e-01 9.996298105710571535e-01 1.399344893539668591e-04
6.476623088383348659e-02 1.000119240638379647e+00 9.996295356782579633e-01 1.399049990900846376e-04
6.480823233869159594e-02 9.997689781734713232e-01 9.996292607853634049e-01 1.399049990900846376e-04
6.485023377899779007e-02 9.999726794662248119e-01 9.996289858925641036e-01 1.399698174534248166e-04
6.489223523385589942e-02 9.998002913295007676e-01 9.996287109996695452e-01 1.399049990900846376e-04
6.493423667416209355e-02 9.996736423310913500e-01 9.996284361068701330e-01 1.399049990900846376e-04
6.497623812902020290e-02 9.994287940326209707e-01 9.996281591916416076e-01 1.399049990900846376e-04
6.501823956205043942e-02 9.998017349151311350e-01 9.996278821842180529e-01 1.399049990900846376e-04
6.506024100963259116e-02 9.997413605136182824e-01 9.996276051766983528e-01 1.402242684594600026e-04
6.510224245721474290e-02 9.996333021656306217e-01 9.996273281691786528e-01 1.399049990900846376e-04
6.514424389752093703e-02 9.998551242427271557e-01 9.996270511617070254e-01 1.399049990900846376e-04
6.518624535237904638e-02 9.998963799372305727e-01 9.996267741541393637e-01 1.399049990900846376e-04
6.522824679268524051e-02 9.995838898972824182e-01 9.996264971466677363e-01 1.399049990900846376e-04
6.527024824026739225e-02 9.995995870505893777e-01 9.996262206926109783e-01 1.399049990900846376e-04
6.531224968057358637e-02 9.996477156467324932e-01 9.996259445951628519e-01 1.399049990900846376e-04
6.535425113543169573e-02 9.998363793260383048e-01 9.996256684976189133e-01 1.399049990900846376e-04
6.539625257573788986e-02 9.995212943533313688e-01 9.996253924001707869e-01 1.399049990900846376e-04
6.543825402332004160e-02 9.997874255757781548e-01 9.996251163026746989e-01 1.399049990900846376e-04
6.548025547090219334e-02 9.996266489534342270e-01 9.996248402051786108e-01 1.399049990900846376e-04
6.552225691848434508e-02 9.996812744965203335e-01 9.996245641076825228e-01 1.399049990900846376e-04
6.556425835879053921e-02 9.997672459842186221e-01 9.996242880102342854e-01 1.399049990900846376e-04
6.560625979909673333e-02 9.996897095816740242e-01 9.996240119127860480e-01 1.399049990900846376e-04
6.564826125395484269e-02 9.996690376582415549e-01 9.996237358152422203e-01 1.399049990900846376e-04
6.569026269426103681e-02 9.998904716217414945e-01 9.996234597177938719e-01 1.399049990900846376e-04
6.573226414911914617e-02 9.998728822885456502e-01 9.996231836202500443e-01 1.399049990900846376e-04
6.577426558942534029e-02 9.997460703543219473e-01 9.996229075228018068e-01 1.399133078994283387e-04
6.581626702973153442e-02 9.998845180803349608e-01 9.996226314253536804e-01 1.399049990900846376e-04
6.585826847731368616e-02 9.998359941989896083e-01 9.996223553278575924e-01 1.399049990900846376e-04
6.590026992489583790e-02 9.997688095146686216e-01 9.996220792303615044e-01 1.399049990900846376e-04
6.594227137247798964e-02 9.997041133833276527e-01 9.996218031328654163e-01 1.399049990900846376e-04
6.598427281278418377e-02 9.997435724159543513e-01 9.996215270354171789e-01 1.399049990900846376e-04
6.602627426764229313e-02 9.997456352986193728e-01 9.996212509378733513e-01 1.399067268761060973e-04
6.606827570067252964e-02 9.997053386850682788e-01 9.996209748404728535e-01 1.399049990900846376e-04
6.611027715553063899e-02 9.994521791806993960e-01 9.996206987429289148e-01 1.399049990900846376e-04
6.615227859583683312e-02 9.995364537902337032e-01 9.996204226454806774e-01 1.399049990900846376e-04
6.619428005069494247e-02 9.998132919162510124e-01 9.996201465479367387e-01 1.399049990900846376e-04
6.623628149100113660e-02 9.997954776897614027e-01 9.996198704504886123e-01 1.399049990900846376e-04
6.627828293858328834e-02 9.997822022735407543e-01 9.996195943529925243e-01 1.399577102634085685e-04
6.632028438616544008e-02 9.995419291120737348e-01 9.996193182554964363e-01 1.399066646123516152e-04
6.636228582647163421e-02 9.996868119392435803e-01 9.996190421580483099e-01 1.399232837841753803e-04
6.640428727405378595e-02 9.997059119085961454e-01 9.996187660605521108e-01 1.399049990900846376e-04
6.644628871435998008e-02 9.995390695632284661e-01 9.996184899631038734e-01 1.399049990900846376e-04
6.648829016921808943e-02 9.996862083314569380e-01 9.996182138655600458e-01 1.399049990900846376e-04
6.653029160952428356e-02 9.995753621757387242e-01 9.996179377681116973e-01 1.399049990900846376e-04
6.657229306438239291e-02 9.999359693916129999e-01 9.996176616705678697e-01 1.399049990900846376e-04
6.661429449741262943e-02 9.996909184895714784e-01 9.996173855731675939e-01 1.399049990900846376e-04
6.665629594499478117e-02 9.996694441225462135e-01 9.996171094756715059e-01 1.399049990900846376e-04
6.669829739257693291e-02 9.995457518177734979e-01 9.996168333781754178e-01 1.399049990900846376e-04
6.674029884015908465e-02 9.995207384718449717e-01 9.996165572806793298e-01 1.399049990900846376e-04
6.678230028774123639e-02 9.999312861374902717e-01 9.996162811831833528e-01 1.399049990900846376e-04
6.682430172804743052e-02 9.996538589391587015e-01 9.996160050857350043e-01 1.399049990900846376e-04
6.686630317562958226e-02 9.995165583757197325e-01 9.996157289882391384e-01 1.399049990900846376e-04
6.690830461593577638e-02 9.999197103476866744e-01 9.996154525208473807e-01 1.399049990900846376e-04
6.695030607079388574e-02 9.996866095475694936e-01 9.996151755260382910e-01 1.399049990900846376e-04
6.699230751110007986e-02 9.996275176861840750e-01 9.996148985313251245e-01 1.399096326235550682e-04
6.703430896595818922e-02 9.996520972551149464e-01 9.996146215365160348e-01 1.399049990900846376e-04
6.707631040626438335e-02 9.995888207460078556e-01 9.996143445418028683e-01 1.399049990900846376e-04
6.711831184657057747e-02 9.995673806829337149e-01 9.996140675470898129e-01 1.399049990900846376e-04
6.716031329415272921e-02 9.996015602933173705e-01 9.996137905523286848e-01 1.399049990900846376e-04
6.720231474173488095e-02 9.997515701768264762e-01 9.996135135575675568e-01 1.399054026525399009e-04
6.724431618931703269e-02 9.997522094768317436e-01 9.996132365628066507e-01 1.399049990900846376e-04
6.728631762962322682e-02 9.998691272491546655e-01 9.996129595680933733e-01 1.399049990900846376e-04
6.732831908448133618e-02 9.997493329546173202e-01 9.996126825732841725e-01 1.399049990900846376e-04
6.737032051751157269e-02 9.999445761234679875e-01 9.996124055786190787e-01 1.399049990900846376e-04
6.741232197236968204e-02 9.997631827011412842e-01 9.996121285838099890e-01 1.399049990900846376e-04
6.745432341267587617e-02 9.996653718745750483e-01 9.996118515890970446e-01 1.399103948289529052e-04
6.749632486025802791e-02 9.999005809831943425e-01 9.996115745943358055e-01 1.399049990900846376e-04
6.753832630784017965e-02 9.996500089739406292e-01 9.996112975995747885e-01 1.399108260979522588e-04
6.758032775542233139e-02 9.998466631703810670e-01 9.996110206048135494e-01 1.399049990900846376e-04
6.762232919572852552e-02 9.994795271398412284e-01 9.996107436101004939e-01 1.399049990900846376e-04
6.766433063603471965e-02 9.997107827925393320e-01 9.996104666153874385e-01 1.399049990900846376e-04
6.770633209089282900e-02 9.996345797693744206e-01 9.996101896205783488e-01 1.399049990900846376e-04
6.774833353119902313e-02 9.999066541912218220e-01 9.996099126258651824e-01 1.399049990900846376e-04
6.779033498605713248e-02 9.996791806198892516e-01 9.996096356310560926e-01 1.399049990900846376e-04
6.783233642636332661e-02 9.997009548458062334e-01 9.996093586363429262e-01 1.399049990900846376e-04
6.787433787394547835e-02 9.997223852132050004e-01 9.996090816415817981e-01 1.399049990900846376e-04
6.791633931425167248e-02 9.995294643777778987e-01 9.996088046468687427e-01 1.399093018851171833e-04
6.795834076183382422e-02 9.998258403235712466e-01 9.996085276521075036e-01 1.399049990900846376e-04
6.800034220941597596e-02 9.996200109544973733e-01 9.996082506573464865e-01 1.399049990900846376e-04
6.804234365699812770e-02 9.996271039505075784e-01 9.996079736625854695e-01 1.399049990900846376e-04
6.808434510458027944e-02 9.996207851162478564e-01 9.996076966678242304e-01 1.399049990900846376e-04
6.812634653761051595e-02 9.995452522611553148e-01 9.996074196731591366e-01 1.399049990900846376e-04
6.816834799246862531e-02 9.998095907337140043e-01 9.996071426783500469e-01 1.399049990900846376e-04
6.821034943277481943e-02 9.998063066166988921e-01 9.996068656836371025e-01 1.399049990900846376e-04
6.825235088763292879e-02 9.998364202680446455e-01 9.996065886888279017e-01 1.399049990900846376e-04
6.829435232793912292e-02 9.998371146720290703e-01 9.996063116941146243e-01 1.399049990900846376e-04
6.833635377552127466e-02 9.996209955788463164e-01 9.996060346993536072e-01 1.399049990900846376e-04
6.837835521582746878e-02 9.997004560501809856e-01 9.996057577046404408e-01 1.399049990900846376e-04
6.842035666340962052e-02 9.995474788261867749e-01 9.996054807098794237e-01 1.399049990900846376e-04
6.846235811099177226e-02 9.997775539452937732e-01 9.996052037151184066e-01 1.399049990900846376e-04
6.850435955129796639e-02 9.997325765690584509e-01 9.996049267204051292e-01 1.399049990900846376e-04
6.854636100615607575e-02 9.998629111797864288e-01 9.996046497255961505e-01 1.399049990900846376e-04
6.858836244646226987e-02 9.995414110257961893e-01 9.996043727308829840e-01 1.399314544299604167e-04
6.863036389404442161e-02 9.994626527853069931e-01 9.996040957361217449e-01 1.399049990900846376e-04
6.867236533435061574e-02 9.994983826490355661e-01 9.996038187414088005e-01 1.399049990900846376e-04
6.871436678920872509e-02 9.997770213265952943e-01 9.996035417465997108e-01 1.399049990900846376e-04
6.875636822951491922e-02 9.996402022125112641e-01 9.996032647518865444e-01 1.399049990900846376e-04
6.879836967709707096e-02 9.996848931254468384e-01 9.996029877571255273e-01 1.399049990900846376e-04
6.884037112467922270e-02 9.995295148264574658e-01 9.996027107623642882e-01 1.399049990900846376e-04
6.888237256498541683e-02 9.997731973789343307e-01 9.996024337676512328e-01 1.399049990900846376e-04
6.892437401256756857e-02 9.998334292759039066e-01 9.996021567728901047e-01 1.399049990900846376e-04
6.896637545287376270e-02 9.996820545738306363e-01 9.996018797781769383e-01 1.399162458337716269e-04
6.900837690773187205e-02 9.996183577722280722e-01 9.996016027833678486e-01 1.399268300550263286e-04
6.905037834803806618e-02 9.996425184732417035e-01 9.996013257886546821e-01 1.399049990900846376e-04
6.909237980289617553e-02 9.995951386089896307e-01 9.996010487938455924e-01 1.399860695522666537e-04
6.913438123592641205e-02 9.991958012941836165e-01 9.996007717991804986e-01 1.399057624621717784e-04
6.917638268350856379e-02 9.995829726639775537e-01 9.996004948044194816e-01 1.399228499996539479e-04
6.921838413109071553e-02 9.995431930094866857e-01 9.996002178096583535e-01 1.399049990900846376e-04
6.926038557867286727e-02 9.997292846330512184e-01 9.995999408148972254e-01 1.399049990900846376e-04
6.930238702625501901e-02 9.996892442558336089e-01 9.995996638201359863e-01 1.399049990900846376e-04
6.934438846656121314e-02 9.995568549830454730e-01 9.995993868254230419e-01 1.399049990900846376e-04
6.938638991414336488e-02 9.994440506794584067e-01 9.995991098306618028e-01 1.399049990900846376e-04
6.942839135444955900e-02 9.994291318288451853e-01 9.995988328359487474e-01 1.399098220019596550e-04
6.947039280930766836e-02 9.997036817225423144e-01 9.995985558411396577e-01 1.399049990900846376e-04
6.951239424961386248e-02 9.994450581797157396e-01 9.995982788464266022e-01 1.399049990900846376e-04
6.955439570447197184e-02 9.999722567281559282e-01 9.995980018516176235e-01 1.399049990900846376e-04
6.959639714477816597e-02 9.994130650566370733e-01 9.995977248569043461e-01 1.399071941243926274e-04
6.963839858508436009e-02 9.998344087917671041e-01 9.995974478621911796e-01 1.399049990900846376e-04
6.968040003266651183e-02 9.998144902630479169e-01 9.995971708674301626e-01 1.399049990900846376e-04
6.972240148024866357e-02 9.997194469448589249e-01 9.995968938726689235e-01 1.399049990900846376e-04
6.976440292783081532e-02 9.996356312301980518e-01 9.995966168779080174e-01 1.399049990900846376e-04
6.980640436813700944e-02 9.998671819409712391e-01 9.995963398831947400e-01 1.399071075049940162e-04
6.984840581571916118e-02 9.996041133223144692e-01 9.995960628884337229e-01 1.399159480899211916e-04
6.989040725602535531e-02 9.997293484780438444e-01 9.995957858937205565e-01 1.399049990900846376e-04
6.993240871088346466e-02 9.995993253436613601e-01 9.995955088989114667e-01 1.399326794904162457e-04
6.997441015118965879e-02 9.996998147114900535e-01 9.995952319041984113e-01 1.399049990900846376e-04
7.001641159877181053e-02 9.997557533018273102e-01 9.995949549094371722e-01 1.399095373192023881e-04
7.005841304635396227e-02 9.997223075938604930e-01 9.995946780750843974e-01 1.399049990900846376e-04
7.010041448666015640e-02 9.996811685769783073e-01 9.995944017603114462e-01 1.399049990900846376e-04
7.014241593424230814e-02 9.997992889333032762e-01 9.995941254454906444e-01 1.399088763452263151e-04
7.018441737454850227e-02 9.996985553066763952e-01 9.995938491307178042e-01 1.399049990900846376e-04
7.022641882940661162e-02 9.996701954542405177e-01 9.995935728158491518e-01 1.399049990900846376e-04
7.026842026971280575e-02 9.994578708663739430e-01 9.995932965010762006e-01 1.399049990900846376e-04
7.031042172457091510e-02 9.998524775819994659e-01 9.995930201862076592e-01 1.399101137253356067e-04
7.035242315760115162e-02 9.997437109214601936e-01 9.995927438714826696e-01 1.399049990900846376e-04
7.039442461245926097e-02 9.994430297568446253e-01 9.995924675566137951e-01 1.399049990900846376e-04
7.043642605276545510e-02 9.996029123655084669e-01 9.995921912418410660e-01 1.399058657925950435e-04
7.047842750034760684e-02 9.995232326730616457e-01 9.995919149270202642e-01 1.399049990900846376e-04
7.052042894792975858e-02 9.995828910708279835e-01 9.995916386121994623e-01 1.399049990900846376e-04
7.056243038823595271e-02 9.994951249056370779e-01 9.995913622974266222e-01 1.399088155911857906e-04
7.060443183581810445e-02 9.997261074795429359e-01 9.995910859826059314e-01 1.399049990900846376e-04
7.064643327612429857e-02 9.996766277995408068e-01 9.995908096678328691e-01 1.399049990900846376e-04
7.068843473098240793e-02 9.998715158080838661e-01 9.995905333529643277e-01 1.399049990900846376e-04
7.073043617128860205e-02 9.997695949097056278e-01 9.995902570381914876e-01 1.399049990900846376e-04
7.077243762614671141e-02 9.995999535195216890e-01 9.995899807233228351e-01 1.399049990900846376e-04
7.081443905917694792e-02 9.998223577164313536e-01 9.995897044085976235e-01 1.399049990900846376e-04
7.085644050675909966e-02 9.995767130133108580e-01 9.995894280937770437e-01 1.399100354141884347e-04
7.089844195434125140e-02 9.998622772631192701e-01 9.995891517789561309e-01 1.399049990900846376e-04
7.094044340192340314e-02 9.996723773354990739e-01 9.995888754641355511e-01 1.399049990900846376e-04
7.098244484950555488e-02 9.998637937738551473e-01 9.995885991493147493e-01 1.399919789044301805e-04
7.102444628981174901e-02 9.997697818885409315e-01 9.995883228345417981e-01 1.399049990900846376e-04
7.106644773739390075e-02 9.997434609550049922e-01 9.995880465197212184e-01 1.399051352214345097e-04
7.110844917770009488e-02 9.997208153788370577e-01 9.995877702049482671e-01 1.399049990900846376e-04
7.115045063255820423e-02 9.997404012775886750e-01 9.995874938900793927e-01 1.399049990900846376e-04
7.119245207286439836e-02 9.999222677592936037e-01 9.995872175753066635e-01 1.399049990900846376e-04
7.123445352772250772e-02 9.997684522884701108e-01 9.995869412604380111e-01 1.399049990900846376e-04
7.127645496075274423e-02 9.997645873089074930e-01 9.995866649457129105e-01 1.399049990900846376e-04
7.131845640833489597e-02 9.995886635267384746e-01 9.995863886308922197e-01 1.399049990900846376e-04
7.136045785591704771e-02 9.996582481442388701e-01 9.995861123160715289e-01 1.399049990900846376e-04
7.140245929622324184e-02 9.996284745209145228e-01 9.995858139087189231e-01 1.399049990900846376e-04
7.144446075108135119e-02 9.997413197287381426e-01 9.995854688899339369e-01 1.399049990900846376e-04
7.148646219138754532e-02 9.996536641696939229e-01 9.995836464741427729e-01 1.399049990900846376e-04
7.152846363896969706e-02 9.998804445156389553e-01 9.995775097778309970e-01 1.399049990900846376e-04
7.157046507927589118e-02 9.997021036594129217e-01 9.995671295139042511e-01 1.399049990900846376e-04
7.161246653413400054e-02 9.996521984521131721e-01 9.995534788105171486e-01 1.399049990900846376e-04
7.165446797444019467e-02 9.996461433538548214e-01 9.995374299094187398e-01 1.399049990900846376e-04
7.169646942202234641e-02 9.997502423992095100e-01 9.995195024235041803e-01 1.399722009401778346e-04
7.173847086232854053e-02 9.993908573971660436e-01 9.994999394282748639e-01 1.399049990900846376e-04
7.178047230991069227e-02 9.995020659713975686e-01 9.994789508725197003e-01 1.399059732866240753e-04
7.182247375749284402e-02 9.994291574175471204e-01 9.994567468001159805e-01 1.399049990900846376e-04
7.186447519779903814e-02 9.995013602660737240e-01 9.994334129246955634e-01 1.399049990900846376e-04
7.190647665265714750e-02 9.993856688906326280e-01 9.994089392138335581e-01 1.399216531680044556e-04
7.194847809296334162e-02 9.993192924971455726e-01 9.993832971943718002e-01 1.399049990900846376e-04
7.199047954054549336e-02 9.995409212636529039e-01 9.993563736006697562e-01 1.399049990900846376e-04
7.203248098085168749e-02 9.994770762237926709e-01 9.993286170027384507e-01 1.399049990900846376e-04
7.207448243570979685e-02 9.994579686763694903e-01 9.993002217230907425e-01 1.399049990900846376e-04
7.211648387601599097e-02 9.993852621621510668e-01 9.992705349105805990e-01 1.399049990900846376e-04
7.215848532359814271e-02 9.994584180525917239e-01 9.992402230858236090e-01 1.399049990900846376e-04
7.220048676390433684e-02 9.991656181719394958e-01 9.992095212851378472e-01 1.399049990900846376e-04
7.224248820421053097e-02 9.992100470408366020e-01 9.991782537657539764e-01 1.399049990900846376e-04
7.228448965906864032e-02 9.991437059632652939e-01 9.991464453737172180e-01 1.399090531057774439e-04
7.232649109937483445e-02 9.987838409755147584e-01 9.991140810132338457e-01 1.399049990900846376e-04
7.236849255423294380e-02 9.990883841010261834e-01 9.990815592440575044e-01 1.399570807832506555e-04
7.241049399453913793e-02 9.990948181383522142e-01 9.990480016846582378e-01 1.399075357718484504e-04
7.245249544212128967e-02 9.987037444758053439e-01 9.990146173861342849e-01 1.400330236397461317e-04
7.249449688242748380e-02 9.989812516412194254e-01 9.989804971645197540e-01 1.399049990900846376e-04
7.253649833000963554e-02 9.989487991175267645e-01 9.989447962662413305e-01 1.399074840228554473e-04
7.257849977759178728e-02 9.987267780130377748e-01 9.989094392964319447e-01 1.399049990900846376e-04
7.262050122517393902e-02 9.988984569653130974e-01 9.988749994882807348e-01 1.399261642728070695e-04
7.266250266548013315e-02 9.989763841449776915e-01 9.988389364970312601e-01 1.399049990900846376e-04
7.270450410578632727e-02 9.986046998386343132e-01 9.988015470170610310e-01 1.399126497895225476e-04
7.274650556064443663e-02 9.988347336940079924e-01 9.987649972798653408e-01 1.399112074194843347e-04
7.278850700095063075e-02 9.986285205390234010e-01 9.987284105340006324e-01 1.399049990900846376e-04
7.283050845580874011e-02 9.986321740398402813e-01 9.986928066208304866e-01 1.399049990900846376e-04
7.287250988883897662e-02 9.986683403581692042e-01 9.986562815070587629e-01 1.399049990900846376e-04
7.291451134369708598e-02 9.985170157367372346e-01 9.986202604658095394e-01 1.399049990900846376e-04
7.295651278400328010e-02 9.983229626194581874e-01 9.985844912321089062e-01 1.399093707073437740e-04
7.299851423158543184e-02 9.986258473352667142e-01 9.985490531760430333e-01 1.399049990900846376e-04
7.304051567916758358e-02 9.984116012410768626e-01 9.985136251391952822e-01 1.399080561313844283e-04
7.308251711947377771e-02 9.985179122110789951e-01 9.984783368080679677e-01 1.399049990900846376e-04
7.312451856705592945e-02 9.983274905766053031e-01 9.984431946235725608e-01 1.399049990900846376e-04
7.316652000736212358e-02 9.984115901578060059e-01 9.984083060025601419e-01 1.399049990900846376e-04
7.320852146222023293e-02 9.983202573711441596e-01 9.983723484262968517e-01 1.399049990900846376e-04
7.325052290252642706e-02 9.984155107143609653e-01 9.983378852934532421e-01 1.399076925255472574e-04
7.329252435738453642e-02 9.981849294086898583e-01 9.983026683933318157e-01 1.399049990900846376e-04
7.333452579041477293e-02 9.983392799003949492e-01 9.982682231891037983e-01 1.399049990900846376e-04
7.337652723799692467e-02 9.986274658153042605e-01 9.982354961333337329e-01 1.399049990900846376e-04
7.341852868557907641e-02 9.981904806510106809e-01 9.982022180152858581e-01 1.399157003114965148e-04
7.346053013316122815e-02 9.980809835718212897e-01 9.981692227750997848e-01 1.399049990900846376e-04
7.350253158074337989e-02 9.980864063108894069e-01 9.981366461635420295e-01 1.399049990900846376e-04
7.354453301377361640e-02 9.980120490127050159e-01 9.981049567120149346e-01 1.399169122658660322e-04
7.358653446863172576e-02 9.981070065286477000e-01 9.980743660130714234e-01 1.399049990900846376e-04
7.362853590893791988e-02 9.979116630403279675e-01 9.980448395807882678e-01 1.399049990900846376e-04
7.367053736379602924e-02 9.981555678979301405e-01 9.980166174469106144e-01 1.399049990900846376e-04
7.371253880410222337e-02 9.978107403225943139e-01 9.979887810085580346e-01 1.399049990900846376e-04
7.375454025896033272e-02 9.978001523823841756e-01 9.979626938301071615e-01 1.399049990900846376e-04
7.379654169199056923e-02 9.981133735813316754e-01 9.979378247657813006e-01 1.399063173698493663e-04
7.383854313957272097e-02 9.979340081933034678e-01 9.979142356607435538e-01 1.399049990900846376e-04
7.388054458715487272e-02 9.976613844405302078e-01 9.978931123153954585e-01 1.399049990900846376e-04
7.392254602746106684e-02 9.978266346120575614e-01 9.978735696745562045e-01 1.399049990900846376e-04
7.396454748231917620e-02 9.977538174959604822e-01 9.978578836227051108e-01 1.399838216734430895e-04
7.400654891534941271e-02 9.979560673866738618e-01 9.978458097603852828e-01 1.399104941291454043e-04
7.404855037020752206e-02 9.981032746716952397e-01 9.978360410113660262e-01 1.399049990900846376e-04
7.409055181051371619e-02 9.978533862816789668e-01 9.978305365232155166e-01 1.399049990900846376e-04
7.413255326537182555e-02 9.979210821847819268e-01 9.978257117250728392e-01 1.399333309766932808e-04
7.417455470567801967e-02 9.979080401095229425e-01 9.978212650036153430e-01 1.399049990900846376e-04
7.421655614598421380e-02 9.977389852550682114e-01 9.978169552322037061e-01 1.399049990900846376e-04
7.425855759356636554e-02 9.978018962512168466e-01 9.978127603743214280e-01 1.399049990900846376e-04
7.430055904114851728e-02 9.981490478552523804e-01 9.978087163013746874e-01 1.399049990900846376e-04
7.434256048873066902e-02 9.978625957056405094e-01 9.978047963522205244e-01 1.399049990900846376e-04
7.438456192903686315e-02 9.977619528472667643e-01 9.978009703791514973e-01 1.399049990900846376e-04
7.442656337661901489e-02 9.977031701387877316e-01 9.977972320013889229e-01 1.399049990900846376e-04
7.446856481692520902e-02 9.977796372127893942e-01 9.977935757166842556e-01 1.399049990900846376e-04
7.451056627178331837e-02 9.978086408818869213e-01 9.977899967102813461e-01 1.399213208664291204e-04
7.455256771208951250e-02 9.978418737950094375e-01 9.977864907267174344e-01 1.399049990900846376e-04
7.459456916694762185e-02 9.975475584013381303e-01 9.977830539592839054e-01 1.399049990900846376e-04
7.463657059997785836e-02 9.981020017137286482e-01 9.977796829834347792e-01 1.399766124621563111e-04
7.467857204756001011e-02 9.977319254759140499e-01 9.977763746861335603e-01 1.399049990900846376e-04
7.472057349514216185e-02 9.978721490769456581e-01 9.977731262292858228e-01 1.399706574052922078e-04
7.476257493544835597e-02 9.977948747417795250e-01 9.977699350078836904e-01 1.399049990900846376e-04
7.480457639030646533e-02 9.977547388001321016e-01 9.977667826309207788e-01 1.399049990900846376e-04
7.484657782333670184e-02 9.978651881696372072e-01 9.977636578218387342e-01 1.399049990900846376e-04
7.488857927819481120e-02 9.975550148888773228e-01 9.977605853771143174e-01 1.399486916243967332e-04
7.493058071850100532e-02 9.978717083044699176e-01 9.977575740135217197e-01 1.399049990900846376e-04
7.497258217335911468e-02 9.976211799236085476e-01 9.977546513229306191e-01 1.399049990900846376e-04
7.501458361366530880e-02 9.978240807221439024e-01 9.977517735884711136e-01 1.399049990900846376e-04
7.505658505397150293e-02 9.975727363862781916e-01 9.977489392033055404e-01 1.399049990900846376e-04
7.509858650155365467e-02 9.977496903238934900e-01 9.977461466608821272e-01 1.399527853571137781e-04
7.514058794913580641e-02 9.978653175851609491e-01 9.977433945461869902e-01 1.399049990900846376e-04
7.518258939671795815e-02 9.978992695487289843e-01 9.977406815262681583e-01 1.399049990900846376e-04
7.522459083702415228e-02 9.979340355565230469e-01 9.977380063441569913e-01 1.399049990900846376e-04
7.526659229188226163e-02 9.979294920986505613e-01 9.977353678103558776e-01 1.399049990900846376e-04
7.530859372491249815e-02 9.978155603614288216e-01 9.977327648028148088e-01 1.399049990900846376e-04
7.535059517977060750e-02 9.978654216554014855e-01 9.977301962533651203e-01 1.399049990900846376e-04
7.539259662007680163e-02 9.977035273540580951e-01 9.977276611532208683e-01 1.399633536577046312e-04
7.543459807493491098e-02 9.977699705465215008e-01 9.977251585400689349e-01 1.399049990900846376e-04
7.547659951524110511e-02 9.977006306402987912e-01 9.977226875019562513e-01 1.399657080196788073e-04
7.551860095554729924e-02 9.979034733068955498e-01 9.977202471679316176e-01 1.399049990900846376e-04
7.556060240312945098e-02 9.976700796234584390e-01 9.977178367081458443e-01 1.399049990900846376e-04
7.560260384343564510e-02 9.975248598828081459e-01 9.977154553319421693e-01 1.399049990900846376e-04
7.564460529829375446e-02 9.978609435099247138e-01 9.977131022820727724e-01 1.399049990900846376e-04
7.568660673859994859e-02 9.979823184045891749e-01 9.977107768373618679e-01 1.399049990900846376e-04
7.572860818618210033e-02 9.979441549032760372e-01 9.977084511609211059e-01 1.399104248521300733e-04
7.577060962648829445e-02 9.977424798446922205e-01 9.977061484189957419e-01 1.399049990900846376e-04
7.581261108134640381e-02 9.977201204881629426e-01 9.977038718654113181e-01 1.399049990900846376e-04
7.585461252165259793e-02 9.976879876313502482e-01 9.977016208776007256e-01 1.399049990900846376e-04
7.589661396923474967e-02 9.977316340621982249e-01 9.976993878043529662e-01 1.399781975135042707e-04
7.593861540954094380e-02 9.976688185696053202e-01 9.976972062132655195e-01 1.399049990900846376e-04
7.598061685712309554e-02 9.977300690988243348e-01 9.976950757036417983e-01 1.399235845407826890e-04
7.602261830470524728e-02 9.977638302978278917e-01 9.976930078605557028e-01 1.399049990900846376e-04
7.606461974501144141e-02 9.978702154606522434e-01 9.976909613256852438e-01 1.399058864403875471e-04
7.610662119986955076e-02 9.975846161415908853e-01 9.976889014267538158e-01 1.399131766410820785e-04
7.614862263289978728e-02 9.978629075642754254e-01 9.976868398591642872e-01 1.399049990900846376e-04
7.619062408775789663e-02 9.978969956548066067e-01 9.976847989724381138e-01 1.399151092788184208e-04
7.623262552806409076e-02 9.977127566995706021e-01 9.976827785586951380e-01 1.399049990900846376e-04
7.627462698292220011e-02 9.975383656588266978e-01 9.976807781989261992e-01 1.399049990900846376e-04
7.631662842322839424e-02 9.976777329275379191e-01 9.976787974910353851e-01 1.399049990900846376e-04
7.635862986353458837e-02 9.978151699188230195e-01 9.976768360442865857e-01 1.399049990900846376e-04
7.640063131111674011e-02 9.975744153100644107e-01 9.976748934811050518e-01 1.399049990900846376e-04
7.644263275142293423e-02 9.977253454347267958e-01 9.976729694371208046e-01 1.399051364161829386e-04
7.648463420628104359e-02 9.976399204303718626e-01 9.976710635579272290e-01 1.399049990900846376e-04
7.652663564658723772e-02 9.977040170702465849e-01 9.976691647192088563e-01 1.399049990900846376e-04
7.656863709416938946e-02 9.977222028370714701e-01 9.976673188837572592e-01 1.399049990900846376e-04
7.661063853447558358e-02 9.977746402925652403e-01 9.976654910142414012e-01 1.399049990900846376e-04
7.665263998933369294e-02 9.977793691027740941e-01 9.976636359055172099e-01 1.399049990900846376e-04
7.669464142963988706e-02 9.977349398589991925e-01 9.976618104412738886e-01 1.399049990900846376e-04
7.673664286994608119e-02 9.978003044574479397e-01 9.976600277741666245e-01 1.399049990900846376e-04
7.677864431752823293e-02 9.978010529186780442e-01 9.976582609081238173e-01 1.399049990900846376e-04
7.682064576511038467e-02 9.976931767047703126e-01 9.976564999287164115e-01 1.399049990900846376e-04
7.686264721269253641e-02 9.977921127353264197e-01 9.976547113202131056e-01 1.399049990900846376e-04
7.690464865299873054e-02 9.979111221539347376e-01 9.976529246129691719e-01 1.399049990900846376e-04
7.694665010058088228e-02 9.977660844832741960e-01 9.976511417778682889e-01 1.399049990900846376e-04
7.698865154088707641e-02 9.977907193672587161e-01 9.976493704973469212e-01 1.399049990900846376e-04
7.703065299574518576e-02 9.978325583822074130e-01 9.976476206087732113e-01 1.399232370449148336e-04
7.707265443605137989e-02 9.977606307824797849e-01 9.976459520225988697e-01 1.399049990900846376e-04
7.711465589090948924e-02 9.978595103436227465e-01 9.976443200910168896e-01 1.399049990900846376e-04
7.715665732393972576e-02 9.976909446270089132e-01 9.976426446763738687e-01 1.399049990900846376e-04
7.719865877152187750e-02 9.977285025691428055e-01 9.976409818105325122e-01 1.399049990900846376e-04
7.724066021910402924e-02 9.979275622096843712e-01 9.976393461941939211e-01 1.399049990900846376e-04
7.728266165941022336e-02 9.977697159563323481e-01 9.976377239712123091e-01 1.399049990900846376e-04
7.732466311426833272e-02 9.978175514456932849e-01 9.976361149340956525e-01 1.399049990900846376e-04
7.736666454729856923e-02 9.977322587542764021e-01 9.976345188826534205e-01 1.399049990900846376e-04
7.740866600215667859e-02 9.974934937327158968e-01 9.976329356185410502e-01 1.399265715412510009e-04
7.745066744246287271e-02 9.979563481807813830e-01 9.976313649511715509e-01 1.399049990900846376e-04
7.749266889732098207e-02 9.977214343031508559e-01 9.976298265729861559e-01 1.399049990900846376e-04
7.753467033762717620e-02 9.977975800702657549e-01 9.976283515598829421e-01 1.399049990900846376e-04
7.757667177793337032e-02 9.975078192896305040e-01 9.976268498012057506e-01 1.399049990900846376e-04
7.761867322551552206e-02 9.977243548425835939e-01 9.976253491217422775e-01 1.399049990900846376e-04
7.766067467309767380e-02 9.978254286885658297e-01 9.976238625916251657e-01 1.399049990900846376e-04
7.770267612067982554e-02 9.979645621381176834e-01 9.976223444113930805e-01 1.399564438049015740e-04
7.774467756098601967e-02 9.976427568960256620e-01 9.976208375972334119e-01 1.399049990900846376e-04
7.778667900856817141e-02 9.978628146927098763e-01 9.976193419905010629e-01 1.399448179927888474e-04
7.782868044887436554e-02 9.977800204032603038e-01 9.976178574370359042e-01 1.399049990900846376e-04
7.787068190373247489e-02 9.978036241398420270e-01 9.976163837847271676e-01 1.399049990900846376e-04
7.791268334403866902e-02 9.978977892505653813e-01 9.976149221877803619e-01 1.399092472155554455e-04
7.795468479162082076e-02 9.977979476810159287e-01 9.976134801431456589e-01 1.399049990900846376e-04
7.799668623192701489e-02 9.978161738014874604e-01 9.976120484804724686e-01 1.399049990900846376e-04
7.803868767950916663e-02 9.977980537249759863e-01 9.976106461226413868e-01 1.399049990900846376e-04
7.808068912709131837e-02 9.978260860753047634e-01 9.976092638935019075e-01 1.399049990900846376e-04
7.812269056739751250e-02 9.976468456781253380e-01 9.976078939872583540e-01 1.399049990900846376e-04
7.816469201497966424e-02 9.977561272679817961e-01 9.976065162990899182e-01 1.399049990900846376e-04
7.820669345528585836e-02 9.975881460054383254e-01 9.976051481971509594e-01 1.399049990900846376e-04
7.824869491014396772e-02 9.979359760263258883e-01 9.976037895581384429e-01 1.399049990900846376e-04
7.829069635045016184e-02 9.976936956971403925e-01 9.976024402628212995e-01 1.399119646529787490e-04
7.833269780530827120e-02 9.976863154709758597e-01 9.976011080810133214e-01 1.399049990900846376e-04
7.837469923833850771e-02 9.977225894979941945e-01 9.975997986426591302e-01 1.399358201755730681e-04
7.841670068592065945e-02 9.976689008080027454e-01 9.975984670362958440e-01 1.399473552708804434e-04
7.845870213350281119e-02 9.976301779559059169e-01 9.975971398705616444e-01 1.399049990900846376e-04
7.850070358108496293e-02 9.976131156159386837e-01 9.975958215911019389e-01 1.399049990900846376e-04
7.854270502866711468e-02 9.979342510485866846e-01 9.975945120894739171e-01 1.399049990900846376e-04
7.858470646169735119e-02 9.977480964963061361e-01 9.975932149317391362e-01 1.399049990900846376e-04
7.862670791655546054e-02 9.977369496308881036e-01 9.975919460808668759e-01 1.399111783774406896e-04
7.866870935686165467e-02 9.977104957020306308e-01 9.975906869559388879e-01 1.399083416603303471e-04
7.871071081171976402e-02 9.979446834712655257e-01 9.975894372191206338e-01 1.399049990900846376e-04
7.875271224475000054e-02 9.978400713609600903e-01 9.975881955513561383e-01 1.399049990900846376e-04
7.879471369960810989e-02 9.977753523080723497e-01 9.975869618563188990e-01 1.399049990900846376e-04
7.883671513991430402e-02 9.976616381297147562e-01 9.975857360417464959e-01 1.399049990900846376e-04
7.887871658749645576e-02 9.976717410953612752e-01 9.975844963593586412e-01 1.399049990900846376e-04
7.892071803507860750e-02 9.977193754602098341e-01 9.975832484332808336e-01 1.399049990900846376e-04
7.896271946810884401e-02 9.976757347789717567e-01 9.975820084856871217e-01 1.399049990900846376e-04
7.900472092296695337e-02 9.977456985913708554e-01 9.975807764244044584e-01 1.399049990900846376e-04
7.904672236327314749e-02 9.975552160889717968e-01 9.975795521609646110e-01 1.399049990900846376e-04
7.908872381813125685e-02 9.976792835854180197e-01 9.975783356065091034e-01 1.399049990900846376e-04
7.913072525843745098e-02 9.975082023148328370e-01 9.975771266753608035e-01 1.399105739639449285e-04
7.917272670601960272e-02 9.977281338734750316e-01 9.975759325718382975e-01 1.399114023365729620e-04
7.921472814632579684e-02 9.976440383545898127e-01 9.975747625146333952e-01 1.399049990900846376e-04
7.925672959390794858e-02 9.974743765106296456e-01 9.975735997112813447e-01 1.399097014438656296e-04
7.929873104149010032e-02 9.976845198162422879e-01 9.975724440819742078e-01 1.399049990900846376e-04
7.934073248179629445e-02 9.975000266502261903e-01 9.975712955482137767e-01 1.399049990900846376e-04
7.938273392937844619e-02 9.976982740103491620e-01 9.975701540321889604e-01 1.399163454884071363e-04
7.942473536968464032e-02 9.975888006517845685e-01 9.975690232362814935e-01 1.399049990900846376e-04
7.946673682454274967e-02 9.972725309357793888e-01 9.975679046171541664e-01 1.399049990900846376e-04
7.950873826484894380e-02 9.975512553125751580e-01 9.975667927591532758e-01 1.399049990900846376e-04
7.955073971243109554e-02 9.976566617314193142e-01 9.975656875891441011e-01 1.399049990900846376e-04
7.959274115273728967e-02 9.974204647433296822e-01 9.975645890361044543e-01 1.399250312148070515e-04
7.963474260759539902e-02 9.974539487614195732e-01 9.975634970291847869e-01 1.399049990900846376e-04
7.967674404790159315e-02 9.975574529109979549e-01 9.975624114999611658e-01 1.399050770181614980e-04
7.971874549548374489e-02 9.976409260445180394e-01 9.975613323797616339e-01 1.399049990900846376e-04
7.976074693578993902e-02 9.975026632869471443e-01 9.975602596019070845e-01 1.399049990900846376e-04
7.980274837609613314e-02 9.974403035713094168e-01 9.975592073242114388e-01 1.399049990900846376e-04
7.984474983095424250e-02 9.975296346483391030e-01 9.975581346380465453e-01 1.399049990900846376e-04
7.988675127126043662e-02 9.974600114893105163e-01 9.975570621424572071e-01 1.399052803382557658e-04
7.992875271884258837e-02 9.974718494352452502e-01 9.975560006218391340e-01 1.399049990900846376e-04
7.997075415914878249e-02 9.974777825030397560e-01 9.975549451329065453e-01 1.399049990900846376e-04
8.001275561400689185e-02 9.972653716573904870e-01 9.975538956143312763e-01 1.399049990900846376e-04
8.005475705431308597e-02 9.975776726345738643e-01 9.975528520069526506e-01 1.399049990900846376e-04
8.009675850189523771e-02 9.975679063937267221e-01 9.975518142512147524e-01 1.399049990900846376e-04
8.013875994220143184e-02 9.974098981431158695e-01 9.975507822893222576e-01 1.399049990900846376e-04
8.018076138978358358e-02 9.976849865452225297e-01 9.975497560636025218e-01 1.399049990900846376e-04
8.022276283736573532e-02 9.977480620134656641e-01 9.975487355177432569e-01 1.399049990900846376e-04
8.026476427767192945e-02 9.976867694725244373e-01 9.975477205962350880e-01 1.399324747519051075e-04
8.030676572525408119e-02 9.974892838078986967e-01 9.975467112438314299e-01 1.399049990900846376e-04
8.034876716556027532e-02 9.975038746968573067e-01 9.975457074067627383e-01 1.399144342082213961e-04
8.039076862041838467e-02 9.973518493193013201e-01 9.975447090311487797e-01 1.399049990900846376e-04
8.043277006072457880e-02 9.973637086177955524e-01 9.975437160650664215e-01 1.399049990900846376e-04
8.047477151558268815e-02 9.974927392957949612e-01 9.975427284559429397e-01 1.399049990900846376e-04
8.051677294861292467e-02 9.973763313922014984e-01 9.975417593281339368e-01 1.399196711089226251e-04
8.055877439619507641e-02 9.975931853932057392e-01 9.975407967842079282e-01 1.399091393556510337e-04
8.060077584377722815e-02 9.974581344171794539e-01 9.975398339816289317e-01 1.399049990900846376e-04
8.064277728408342227e-02 9.975321812731019477e-01 9.975388736969821313e-01 1.399186304866077441e-04
8.068477873894153163e-02 9.975091107662580336e-01 9.975379183493711110e-01 1.399049990900846376e-04
8.072678017197176814e-02 9.973501426209209209e-01 9.975369678939666196e-01 1.399049990900846376e-04
8.076878162682987750e-02 9.977102559260824233e-01 9.975360222847386993e-01 1.399049990900846376e-04
8.081078306713607162e-02 9.976345605832160901e-01 9.975350814780646891e-01 1.399088297707885137e-04
8.085278452199418098e-02 9.974122912633590632e-01 9.975341454294399668e-01 1.399774293344575849e-04
8.089478595502441749e-02 9.975549308981621621e-01 9.975332140963988348e-01 1.399049990900846376e-04
8.093678740260656923e-02 9.974742009649127938e-01 9.975322874354268787e-01 1.399049990900846376e-04
8.097878885018872097e-02 9.975180624354564873e-01 9.975313654046978895e-01 1.399049990900846376e-04
8.102079029777087271e-02 9.976526622093511154e-01 9.975304637524694540e-01 1.399113604734297475e-04
8.106279174535302445e-02 9.974168333472290815e-01 9.975295648448192498e-01 1.399049990900846376e-04
8.110479317838326097e-02 9.975707503149834343e-01 9.975286688507988275e-01 1.399054024925003032e-04
8.114679463324137032e-02 9.974321092683607892e-01 9.975277563025435335e-01 1.399049990900846376e-04
8.118879607354756445e-02 9.974997253193237379e-01 9.975268455751834518e-01 1.399157146674365356e-04
8.123079752840567380e-02 9.977020453652337695e-01 9.975259740040675061e-01 1.399257716093873323e-04
8.127279896143591031e-02 9.973888580061709419e-01 9.975251205087413142e-01 1.399131570505267449e-04
8.131480041629401967e-02 9.973807247558111877e-01 9.975242542659497058e-01 1.399057644900493730e-04
8.135680185660021380e-02 9.975581022233002138e-01 9.975233841586619299e-01 1.399049990900846376e-04
8.139880330418236554e-02 9.975897292310225151e-01 9.975225182340172747e-01 1.399049990900846376e-04
8.144080475176451728e-02 9.973791878767528374e-01 9.975216564557843890e-01 1.399049990900846376e-04
8.148280618479475379e-02 9.977835989672646511e-01 9.975207987883256688e-01 1.399049990900846376e-04
8.152480763965286314e-02 9.976309463631016783e-01 9.975199451954057661e-01 1.399049990900846376e-04
8.156680907995905727e-02 9.974913627987066489e-01 9.975190956427043565e-01 1.399049990900846376e-04
8.160881053481716663e-02 9.975749523630420557e-01 9.975182500949975051e-01 1.399049990900846376e-04
8.165081196784740314e-02 9.977538253134188295e-01 9.975174085188009965e-01 1.399049990900846376e-04
8.169281342270551249e-02 9.975237663423546230e-01 9.975165608204040746e-01 1.399049990900846376e-04
8.173481486301170662e-02 9.973929759879124335e-01 9.975157155863929592e-01 1.399049990900846376e-04
8.177681631059385836e-02 9.974735152008414873e-01 9.975148743940454032e-01 1.399057052533684913e-04
8.181881775090005249e-02 9.975518248317615244e-01 9.975140372092692331e-01 1.399049990900846376e-04
8.186081919848220423e-02 9.973593212503601979e-01 9.975132039977945286e-01 1.399049990900846376e-04
8.190282064606435597e-02 9.976252668145523250e-01 9.975123747261867013e-01 1.399049990900846376e-04
8.194482208637055010e-02 9.974612136225207148e-01 9.975115493613998519e-01 1.399049990900846376e-04
8.198682354122865945e-02 9.975207999266636483e-01 9.975107278702041169e-01 1.399049990900846376e-04
8.202882497425889596e-02 9.974767488825160289e-01 9.975099102208875301e-01 1.399049990900846376e-04
8.207082642911700532e-02 9.976997797291984327e-01 9.975090963805512967e-01 1.399405088565264601e-04
8.211282786942319945e-02 9.973947224083595797e-01 9.975082863182210824e-01 1.399058329099397589e-04
8.215482932428130880e-02 9.975546536976712675e-01 9.975074800020162780e-01 1.399155434616059901e-04
8.219683075731154531e-02 9.974699243214819600e-01 9.975066774016722038e-01 1.399049990900846376e-04
8.223883220489369705e-02 9.974722657542103299e-01 9.975058784858809036e-01 1.399054091597937025e-04
8.228083365247584879e-02 9.975653320751657338e-01 9.975050832246548094e-01 1.399049990900846376e-04
8.232283509278204292e-02 9.975524420854372520e-01 9.975042915882041950e-01 1.399107752355254397e-04
8.236483654764015228e-02 9.974099511782483773e-01 9.975035035465276145e-01 1.399049990900846376e-04
8.240683798067038879e-02 9.976352976331296363e-01 9.975027190710442637e-01 1.399049990900846376e-04
8.244883943552849814e-02 9.976573817402331068e-01 9.975019381320019418e-01 1.399049990900846376e-04
8.249084087583469227e-02 9.976079239529622722e-01 9.975011607014598880e-01 1.399049990900846376e-04
8.253284233069280162e-02 9.975257814278576385e-01 9.975003867505772837e-01 1.399049990900846376e-04
8.257484376372303814e-02 9.977394901919135473e-01 9.974996162520304299e-01 1.399050445049260672e-04
8.261684521130518988e-02 9.975349840294566173e-01 9.974988491774643418e-01 1.399172370251548292e-04
8.265884665888734162e-02 9.974895828632401873e-01 9.974980854997601565e-01 1.399049990900846376e-04
8.270084810646949336e-02 9.976897341265130725e-01 9.974973251918284323e-01 1.399049990900846376e-04
8.274284954677568749e-02 9.977319184572758237e-01 9.974965682270020562e-01 1.399256281783537890e-04
8.278485098708188161e-02 9.975510756873071649e-01 9.974958145786393393e-01 1.399049990900846376e-04
8.282685244193999097e-02 9.975446343034997110e-01 9.974950642202545792e-01 1.399049990900846376e-04
8.286885388224618509e-02 9.972986894884452447e-01 9.974943171264212260e-01 1.399200417297688124e-04
8.291085533710429445e-02 9.974536601097662158e-01 9.974935786714393959e-01 1.399049990900846376e-04
8.295285677013453096e-02 9.973446354776388523e-01 9.974928565934165769e-01 1.399935853928294658e-04
8.299485822499264032e-02 9.976490287205265206e-01 9.974921375988839989e-01 1.399049990900846376e-04
8.303685966529883444e-02 9.974403959691472421e-01 9.974914216642474241e-01 1.399049990900846376e-04
8.307886111288098618e-02 9.973947061992273211e-01 9.974907087651693205e-01 1.399417832273912353e-04
8.312086255318718031e-02 9.978851563889382659e-01 9.974899988781815718e-01 1.399049990900846376e-04
8.316286399349337444e-02 9.974212767061666485e-01 9.974892919796918278e-01 1.399049990900846376e-04
8.320486544835148379e-02 9.973372334220192981e-01 9.974885880462300847e-01 1.399049990900846376e-04
8.324686688865767792e-02 9.974963136780992112e-01 9.974878870552971177e-01 1.399049990900846376e-04
8.328886833623982966e-02 9.974379249560968441e-01 9.974871889837770844e-01 1.399049990900846376e-04
8.333086977654602379e-02 9.971103892772121835e-01 9.974864807315027004e-01 1.399049990900846376e-04
8.337287123140413314e-02 9.975115233605883480e-01 9.974857689598409793e-01 1.399084560024239476e-04
8.341487267171032727e-02 9.974860346267729883e-01 9.974850601307844178e-01 1.399049990900846376e-04
8.345687411929247901e-02 9.975160768625194185e-01 9.974843542216930148e-01 1.399049990900846376e-04
8.349887555959867314e-02 9.972888016660805821e-01 9.974836512107647657e-01 1.399049990900846376e-04
8.354087700718082488e-02 9.975704980048342163e-01 9.974829510759313234e-01 1.399049990900846376e-04
8.358287845476297662e-02 9.975077477023504002e-01 9.974822537957078739e-01 1.401221134246981119e-04
8.362487989506917074e-02 9.977082047156267119e-01 9.974815593488230991e-01 1.399049990900846376e-04
8.366688134265132248e-02 9.974927176266631390e-01 9.974808546130730091e-01 1.399049990900846376e-04
8.370888278295751661e-02 9.973686841177542561e-01 9.974801467985382475e-01 1.399065018241424060e-04
8.375088423781562597e-02 9.974679756896153160e-01 9.974794388735203077e-01 1.399049990900846376e-04
8.379288567812182009e-02 9.976765829422296061e-01 9.974787338077780730e-01 1.399049990900846376e-04
8.383488712570397183e-02 9.974520117953437071e-01 9.974780601986108497e-01 1.399105750382852794e-04
8.387688856601016596e-02 9.974800246168534779e-01 9.974773913580871065e-01 1.399049990900846376e-04
8.391889001359231770e-02 9.972642925944963377e-01 9.974767251588352313e-01 1.399049990900846376e-04
8.396089146117446944e-02 9.973260477334857654e-01 9.974760615815224662e-01 1.399049990900846376e-04
8.400289289420470595e-02 9.976560129153415613e-01 9.974754006071177015e-01 1.399049990900846376e-04
8.404489434906281531e-02 9.973084335198848516e-01 9.974747267443061505e-01 1.399342627483871537e-04
8.408689578936900944e-02 9.976037395369482530e-01 9.974740467164789903e-01 1.399049990900846376e-04
8.412889724422711879e-02 9.973317171466519193e-01 9.974733693586242955e-01 1.399049990900846376e-04
8.417089868453331292e-02 9.973167812617865780e-01 9.974726946519825166e-01 1.399049990900846376e-04
8.421290013211546466e-02 9.977177071294671684e-01 9.974720225771568360e-01 1.399049990900846376e-04
8.425490157242165878e-02 9.973349329312821698e-01 9.974713724713389906e-01 1.399049990900846376e-04
8.429690302000381052e-02 9.976122716692520376e-01 9.974707305407579661e-01 1.399156893199629851e-04
8.433890446758596227e-02 9.975735345815598398e-01 9.974700810241877713e-01 1.399049990900846376e-04
8.438090590789215639e-02 9.976567197369332618e-01 9.974694268969245270e-01 1.399093462516177555e-04
8.442290735547430813e-02 9.974771325608711159e-01 9.974687752787121386e-01 1.399049990900846376e-04
8.446490879578050226e-02 9.975513217885292327e-01 9.974681261518543174e-01 1.399049990900846376e-04
8.450691025063861161e-02 9.973944023900832567e-01 9.974674794982593129e-01 1.399051957393335243e-04
8.454891168366884813e-02 9.976256787590992436e-01 9.974668353008957489e-01 1.399049990900846376e-04
8.459091313852695748e-02 9.973779645925476833e-01 9.974661935416658798e-01 1.399049990900846376e-04
8.463291457883315161e-02 9.974952453985491685e-01 9.974655542038582956e-01 1.399049990900846376e-04
8.467491603369126096e-02 9.972207624080842159e-01 9.974649172699208144e-01 1.399240307134795949e-04
8.471691746672149748e-02 9.971464750870964178e-01 9.974642827234516673e-01 1.399359739511848056e-04
8.475891891430364922e-02 9.974119771940598289e-01 9.974636617410261863e-01 1.399049990900846376e-04
8.480092036188580096e-02 9.974573011156140367e-01 9.974630442256863239e-01 1.399049990900846376e-04
8.484292180219199508e-02 9.974022341831596528e-01 9.974624343079575572e-01 1.399049990900846376e-04
8.488492325705010444e-02 9.976181922449909312e-01 9.974618324176567352e-01 1.399049990900846376e-04
8.492692469008034095e-02 9.973501592701343732e-01 9.974612326244608473e-01 1.399049990900846376e-04
8.496892614493845031e-02 9.972880810975114363e-01 9.974606349134472749e-01 1.399049990900846376e-04
8.501092758524464443e-02 9.974752940475385410e-01 9.974600392709644936e-01 1.399049990900846376e-04
8.505292904010275379e-02 9.974641724731947434e-01 9.974594456825566224e-01 1.399049990900846376e-04
8.509493047313299030e-02 9.976612710825859542e-01 9.974588541348206050e-01 1.399049990900846376e-04
8.513693192071514204e-02 9.974257599410352171e-01 9.974582646134515507e-01 1.399049990900846376e-04
8.517893336829729378e-02 9.974120759498146249e-01 9.974576771049848967e-01 1.399049990900846376e-04
8.522093481587944552e-02 9.974115282773375890e-01 9.974570915958737016e-01 1.399091710627175307e-04
8.526293625618563965e-02 9.975573284731805712e-01 9.974565080727904043e-01 1.399168173683728483e-04
8.530493769649183378e-02 9.974535339185340854e-01 9.974559265223257309e-01 1.399049990900846376e-04
8.534693915134994313e-02 9.974258079270096333e-01 9.974553469310868392e-01 1.399049990900846376e-04
8.538894059165613726e-02 9.974489534725525797e-01 9.974547692864007553e-01 1.399049990900846376e-04
8.543094203923828900e-02 9.974585476956965291e-01 9.974541935750061983e-01 1.399049990900846376e-04
8.547294347954448313e-02 9.976834808872793170e-01 9.974536197842550633e-01 1.399049990900846376e-04
8.551494492712663487e-02 9.973969602631174158e-01 9.974530479012143624e-01 1.399049990900846376e-04
8.555694637470878661e-02 9.972447883940384061e-01 9.974524779133593366e-01 1.399049990900846376e-04
8.559894781501498073e-02 9.974832779923252790e-01 9.974519098082738067e-01 1.399049990900846376e-04
8.564094926259713247e-02 9.976403933874806729e-01 9.974513435733554090e-01 1.399334733561491623e-04
8.568295070290332660e-02 9.976656983562242065e-01 9.974507791965013803e-01 1.399049990900846376e-04
8.572495215776143596e-02 9.976162185444137354e-01 9.974502166652265966e-01 1.399049990900846376e-04
8.576695359079167247e-02 9.974698325192842274e-01 9.974496559679296714e-01 1.399074138646458831e-04
8.580895504564978182e-02 9.975410926170963366e-01 9.974490970920445454e-01 1.399049990900846376e-04
8.585095648595597595e-02 9.974557834275711299e-01 9.974485400261735579e-01 1.399049990900846376e-04
8.589295794081408530e-02 9.976957598942376437e-01 9.974479847581512182e-01 1.399049990900846376e-04
8.593495937384432182e-02 9.973677388430153279e-01 9.974474273865588936e-01 1.399049990900846376e-04
8.597696082142647356e-02 9.976226520759235994e-01 9.974468706173196253e-01 1.399049990900846376e-04
8.601896226900862530e-02 9.975212539208245799e-01 9.974463123456772662e-01 1.399049990900846376e-04
8.606096371659077704e-02 9.973004909390104089e-01 9.974457408880933462e-01 1.399346827389087624e-04
8.610296516417292878e-02 9.975727583992343162e-01 9.974451712524984304e-01 1.399049990900846376e-04
8.614496659720316529e-02 9.978060488594203692e-01 9.974446034277409945e-01 1.399049990900846376e-04
8.618696805206127465e-02 9.975024977940620818e-01 9.974440374020775435e-01 1.399191811535187399e-04
8.622896949236746877e-02 9.973867136701395353e-01 9.974434731648399444e-01 1.399081898799094060e-04
8.627097094722557813e-02 9.975477610596550360e-01 9.974429107045719167e-01 1.399049990900846376e-04
8.631297238025581464e-02 9.973769166368671168e-01 9.974423500107862939e-01 1.399049990900846376e-04
8.635497382783796638e-02 9.973376382596708112e-01 9.974418020662835227e-01 1.399049990900846376e-04
8.639697527542011812e-02 9.974136711769692187e-01 9.974412679438910967e-01 1.399049990900846376e-04
8.643897672300226986e-02 9.974672672854942856e-01 9.974407354610212995e-01 1.399049990900846376e-04
8.648097816330846399e-02 9.974934495859922867e-01 9.974402046074088979e-01 1.399049990900846376e-04
8.652297960361465812e-02 9.975261289104864204e-01 9.974396753726906262e-01 1.399049990900846376e-04
8.656498105847276747e-02 9.973095037324096745e-01 9.974391477464972233e-01 1.399062297426088332e-04
8.660698249877896160e-02 9.975814996474282603e-01 9.974386217190908122e-01 1.399049990900846376e-04
8.664898394636111334e-02 9.971457468814640679e-01 9.974380972801771827e-01 1.399070145546860296e-04
8.669098538666730747e-02 9.972240054824311750e-01 9.974375744199991400e-01 1.399049990900846376e-04
8.673298684152541682e-02 9.973892202685086250e-01 9.974370531284281194e-01 1.399049990900846376e-04
8.677498828183161095e-02 9.976218459694713436e-01 9.974365333960477642e-01 1.399049990900846376e-04
8.681698972213780507e-02 9.972000128406065533e-01 9.974360152129796431e-01 1.399049990900846376e-04
8.685899116971995682e-02 9.973993167347627864e-01 9.974354985695148557e-01 1.399049990900846376e-04
8.690099261730210856e-02 9.973969948655528883e-01 9.974349834562022954e-01 1.399619886182425785e-04
8.694299406488426030e-02 9.974503160202289331e-01 9.974344698635768669e-01 1.399049990900846376e-04
8.698499549791449681e-02 9.973751885675377071e-01 9.974339577824282710e-01 1.399049990900846376e-04
8.702699695277260616e-02 9.973662946065728896e-01 9.974334472030009779e-01 1.399049990900846376e-04
8.706899839307880029e-02 9.973248970922778955e-01 9.974329381164996899e-01 1.399049990900846376e-04
8.711099984793690965e-02 9.975590951007901053e-01 9.974324305134080193e-01 1.400292783686740965e-04
8.715300128096714616e-02 9.975182404753691889e-01 9.974319202676248386e-01 1.399049990900846376e-04
8.719500272854929790e-02 9.973816148176553043e-01 9.974314013418196234e-01 1.399049990900846376e-04
8.723700417613144964e-02 9.972728477643171274e-01 9.974308839307736152e-01 1.399049990900846376e-04
8.727900562371360138e-02 9.974581081779200220e-01 9.974303680254031912e-01 1.399049990900846376e-04
8.732100706401979551e-02 9.973482686876593561e-01 9.974298536167868212e-01 1.399049990900846376e-04
8.736300850432598963e-02 9.976231567962329239e-01 9.974293406958946173e-01 1.399049990900846376e-04
8.740500995918409899e-02 9.973418978604877694e-01 9.974288292536813705e-01 1.399061543687183003e-04
8.744701139949029312e-02 9.975351521805103649e-01 9.974283059997839374e-01 1.399171288299994118e-04
8.748901284707244486e-02 9.972758993320797183e-01 9.974277832470360705e-01 1.399049990900846376e-04
8.753101428737863898e-02 9.972012476435684336e-01 9.974272716994444510e-01 1.399766950662458410e-04
8.757301574223674834e-02 9.975080896558234933e-01 9.974267724314748174e-01 1.399049990900846376e-04
8.761501718254294246e-02 9.972614918565079201e-01 9.974262923997414543e-01 1.399049990900846376e-04
8.765701862284913659e-02 9.972655526123694880e-01 9.974258137491789356e-01 1.399049990900846376e-04
8.769902007043128833e-02 9.970909888497493379e-01 9.974253364709015912e-01 1.399049990900846376e-04
8.774102151801344007e-02 9.974767930242735003e-01 9.974248605562588965e-01 1.399133161828632033e-04
8.778302296559559181e-02 9.975697041323934311e-01 9.974243835931959623e-01 1.399049990900846376e-04
8.782502439862582833e-02 9.974562058951418342e-01 9.974238965732754592e-01 1.399049990900846376e-04
8.786702585348393768e-02 9.971591880671429875e-01 9.974234047188450525e-01 1.399049990900846376e-04
8.790902729379013181e-02 9.974059511232842290e-01 9.974229142184157793e-01 1.399049990900846376e-04
8.795102874864824116e-02 9.972552350836841883e-01 9.974224250638955569e-01 1.399104402450519009e-04
8.799303018167847767e-02 9.971397677541563587e-01 9.974219372480167545e-01 1.399049990900846376e-04
8.803503162926062942e-02 9.974035642218337383e-01 9.974214507627243709e-01 1.399049990900846376e-04
8.807703307684278116e-02 9.974598832853781571e-01 9.974209656006152169e-01 1.399049990900846376e-04
8.811903452442493290e-02 9.976125880841832938e-01 9.974204817541756363e-01 1.399124421283147381e-04
8.816103596473112702e-02 9.974425676169899058e-01 9.974200055545088262e-01 1.399049990900846376e-04
8.820303740503732115e-02 9.973174522419933075e-01 9.974195454199724642e-01 1.399049990900846376e-04
8.824503885989543051e-02 9.973850246930254793e-01 9.974190865102167125e-01 1.399190772699663448e-04
8.828704030020162463e-02 9.976632055787068021e-01 9.974186288181514648e-01 1.399049990900846376e-04
8.832904174778377637e-02 9.977398240463615231e-01 9.974181723361871255e-01 1.399049990900846376e-04
8.837104318808997050e-02 9.975415321917543432e-01 9.974176976138470208e-01 1.399049990900846376e-04
8.841304464294807985e-02 9.974431106540194714e-01 9.974172234285924032e-01 1.399049990900846376e-04
8.845504608325427398e-02 9.971668503250172844e-01 9.974167504844584364e-01 1.399049990900846376e-04
8.849704752356046811e-02 9.974714123287573564e-01 9.974162787744519365e-01 1.399049990900846376e-04
8.853904897114261985e-02 9.974547825941614265e-01 9.974158082917145007e-01 1.399049990900846376e-04
8.858105041872477159e-02 9.974222277528803637e-01 9.974153390296033317e-01 1.399049990900846376e-04
8.862305186630692333e-02 9.973733767275253514e-01 9.974148721382979366e-01 1.399049990900846376e-04
8.866505329933715984e-02 9.972189038572745190e-01 9.974144096605817023e-01 1.399049990900846376e-04
8.870705475419526920e-02 9.973412566776087562e-01 9.974139483793732497e-01 1.399087332505581204e-04
8.874905619450146332e-02 9.972926559937753677e-01 9.974134882882821351e-01 1.399049990900846376e-04
8.879105764935957268e-02 9.974122638946781860e-01 9.974130293802507818e-01 1.399049990900846376e-04
8.883305908238980919e-02 9.974101620447936023e-01 9.974125716489887772e-01 1.399411155832528287e-04
8.887506052997196093e-02 9.972704109393596417e-01 9.974121150874627473e-01 1.399130208804603114e-04
8.891706197755411267e-02 9.974845772366324193e-01 9.974116596892453890e-01 1.399049990900846376e-04
8.895906341786030680e-02 9.973529023012277506e-01 9.974112054478789791e-01 1.399049990900846376e-04
8.900106486544245854e-02 9.974225998844389318e-01 9.974107523567192768e-01 1.399093688029973289e-04
8.904306630574865267e-02 9.975820802163883894e-01 9.974103004094857505e-01 1.399070446343036458e-04
8.908506776060676202e-02 9.974345802512821768e-01 9.974098495995550318e-01 1.399049990900846376e-04
8.912706919363699853e-02 9.975071686842132967e-01 9.974094015326767648e-01 1.399049990900846376e-04
8.916907064849510789e-02 9.971638573280642293e-01 9.974089551812092003e-01 1.399049990900846376e-04
8.921107208880130202e-02 9.974058761921305027e-01 9.974085099258649389e-01 1.399049990900846376e-04
8.925307354365941137e-02 9.971713665894109679e-01 9.974080657603442424e-01 1.399085203279152245e-04
8.929507497668964788e-02 9.975965548049390286e-01 9.974076226790861144e-01 1.399050111281733709e-04
8.933707642427179962e-02 9.973203426423816742e-01 9.974071806758048053e-01 1.399049990900846376e-04
8.937907787185395136e-02 9.974387170872274222e-01 9.974067387730685130e-01 1.399075196871833835e-04
8.942107931943610311e-02 9.974165916356777517e-01 9.974062911799114195e-01 1.399108737079221532e-04
8.946308075974229723e-02 9.972788383658944822e-01 9.974058482225474087e-01 1.399116107623818548e-04
8.950508220004849136e-02 9.973746360361716023e-01 9.974054109514881583e-01 1.399049990900846376e-04
8.954708365490660071e-02 9.973872803812631194e-01 9.974049747675537425e-01 1.399049990900846376e-04
8.958908509521279484e-02 9.973474463132949719e-01 9.974045396647933659e-01 1.399049990900846376e-04
8.963108654279494658e-02 9.973364082490711047e-01 9.974041056367743963e-01 1.399049990900846376e-04
8.967308798310114071e-02 9.975896951078031538e-01 9.974036726774881956e-01 1.399049990900846376e-04
8.971508943068329245e-02 9.972976583666427475e-01 9.974032407806712186e-01 1.399049990900846376e-04
8.975709087826544419e-02 9.972703433141589802e-01 9.974028099403319247e-01 1.399049990900846376e-04
8.979909231857163832e-02 9.974876980446716335e-01 9.974023801505224052e-01 1.399049990900846376e-04
8.984109376615379006e-02 9.973292073594546281e-01 9.974019514051175594e-01 1.399049990900846376e-04
8.988309520645998418e-02 9.971534317672547942e-01 9.974015236983341248e-01 1.399049990900846376e-04
8.992509666131809354e-02 9.972993788794265457e-01 9.974010992292939859e-01 1.399049990900846376e-04
8.996709809434833005e-02 9.974366845696800432e-01 9.974006810749277419e-01 1.399049990900846376e-04
9.000909954920643941e-02 9.972257886423480100e-01 9.974002639059418307e-01 1.399049990900846376e-04
9.005110098951263353e-02 9.972686696261403583e-01 9.973998459952350126e-01 1.399049990900846376e-04
9.009310244437074289e-02 9.973418944764574912e-01 9.973994192664634717e-01 1.399049990900846376e-04
9.013510387740097940e-02 9.972178760703822586e-01 9.973989935789220329e-01 1.399049990900846376e-04
9.017710532498313114e-02 9.974105132844269805e-01 9.973985689264420751e-01 1.399049990900846376e-04
9.021910677256528288e-02 9.972105992494626481e-01 9.973981453034141964e-01 1.399049990900846376e-04
9.026110820559551939e-02 9.974345708981215974e-01 9.973977227042710725e-01 1.400188463453510884e-04
9.030310966045362875e-02 9.974215842159755985e-01 9.973973011229760877e-01 1.399049990900846376e-04
9.034511110075982288e-02 9.973372158866327108e-01 9.973968805542664517e-01 1.399049990900846376e-04
9.038711255561793223e-02 9.972441342053425251e-01 9.973964609922648661e-01 1.399049990900846376e-04
9.042911398864816874e-02 9.972625331517064318e-01 9.973960424317900308e-01 1.399049990900846376e-04
9.047111544350627810e-02 9.975760531660688990e-01 9.973956248669045843e-01 1.399046378564607865e-04
9.051311688381247222e-02 9.974327488832311905e-01 9.973952082925088281e-01 1.399049990900846376e-04
9.055511833139462397e-02 9.974664224960059222e-01 9.973947906419309284e-01 1.399049990900846376e-04
9.059711977170081809e-02 9.973444607242737403e-01 9.973943705011116823e-01 1.399049990900846376e-04
9.063912121928296983e-02 9.972547009512319205e-01 9.973939513589709094e-01 1.399049990900846376e-04
9.068112266686512157e-02 9.977537673744634183e-01 9.973935332102796814e-01 1.399049990900846376e-04
9.072312410717131570e-02 9.972640366252902844e-01 9.973931160498481496e-01 1.399049990900846376e-04
9.076512555475346744e-02 9.974036068408488331e-01 9.973926998723093851e-01 1.399049990900846376e-04
9.080712699505966157e-02 9.974860045173170597e-01 9.973922846726245295e-01 1.399049990900846376e-04
9.084912844991777092e-02 9.974010949363926182e-01 9.973918676280761897e-01 1.399055387459600714e-04
9.089112989022396505e-02 9.975197194998216554e-01 9.973914505027521304e-01 1.399290932328804899e-04
9.093313133780611679e-02 9.972469933704892764e-01 9.973910343418864732e-01 1.399097661298609593e-04
9.097513277811231092e-02 9.974929024721194137e-01 9.973906191407615474e-01 1.399049990900846376e-04
9.101713422569446266e-02 9.973989089472389269e-01 9.973902048944082166e-01 1.399049990900846376e-04
9.105913566600065678e-02 9.975136933106072412e-01 9.973897915981815299e-01 1.399065660813195134e-04
9.110113710630685091e-02 9.973071586709900682e-01 9.973893792472573461e-01 1.399049990900846376e-04
9.114313856116496027e-02 9.975099043906606733e-01 9.973889678367767742e-01 1.399049990900846376e-04
9.118514000147115439e-02 9.972678957863871929e-01 9.973885573623437750e-01 1.399049990900846376e-04
9.122714144905330613e-02 9.975046764662237608e-01 9.973881543811318195e-01 1.399049990900846376e-04
9.126914288935950026e-02 9.975452031928385699e-01 9.973877536212922834e-01 1.399049990900846376e-04
9.131114434421760961e-02 9.972697018155046722e-01 9.973873537355761876e-01 1.399049990900846376e-04
9.135314578452380374e-02 9.973572858543590103e-01 9.973869547198899177e-01 1.399049990900846376e-04
9.139514722482999787e-02 9.975091949208053643e-01 9.973865565697561664e-01 1.399049990900846376e-04
9.143714867241214961e-02 9.971239059969624341e-01 9.973861658430819288e-01 1.399049990900846376e-04
9.147915011999430135e-02 9.972373337446148733e-01 9.973857800679055696e-01 1.399049990900846376e-04
9.152115156757645309e-02 9.973495714249173139e-01 9.973853951000906104e-01 1.399727173686014054e-04
9.156315300060668960e-02 9.975148203429192728e-01 9.973850109354248650e-01 1.399486513793886421e-04
9.160515445546479896e-02 9.974766590840241642e-01 9.973846275692634933e-01 1.399579786519184984e-04
9.164715589577099308e-02 9.974512608829199101e-01 9.973842449976597635e-01 1.399099859542787155e-04
9.168915734335314482e-02 9.972058850656121409e-01 9.973838632161684536e-01 1.399049990900846376e-04
9.173115878365933895e-02 9.970305166841487710e-01 9.973834822207086059e-01 1.399049990900846376e-04
9.177316023851744831e-02 9.973779361619946604e-01 9.973830986083210837e-01 1.399049990900846376e-04
9.181516167882364243e-02 9.975531325930246940e-01 9.973827126659665643e-01 1.399049990900846376e-04
9.185716311912983656e-02 9.972974940085058693e-01 9.973823275381190623e-01 1.399049990900846376e-04
9.189916456671198830e-02 9.975891485108596690e-01 9.973819432206157964e-01 1.399049990900846376e-04
9.194116600701818243e-02 9.971157248231738990e-01 9.973815597095245788e-01 1.399049990900846376e-04
9.198316746187629178e-02 9.974452385083691919e-01 9.973811689510588829e-01 1.399049990900846376e-04
9.202516889490652829e-02 9.972482099698363189e-01 9.973807765717773721e-01 1.399049990900846376e-04
9.206717034976463765e-02 9.973025791412363228e-01 9.973803850376533608e-01 1.399534672482555828e-04
9.210917179007083178e-02 9.975552866700925225e-01 9.973799943450734062e-01 1.399049990900846376e-04
9.215117323765298352e-02 9.971453537713701465e-01 9.973796132748291576e-01 1.399749872023218274e-04
9.219317467795917764e-02 9.974559375262591621e-01 9.973792336492320887e-01 1.399049990900846376e-04
9.223517612554132938e-02 9.974140614493630652e-01 9.973788548216274696e-01 1.399398291233661313e-04
9.227717757312348112e-02 9.974736536622358374e-01 9.973784820005276996e-01 1.399060355065953024e-04
9.231917901342967525e-02 9.974677509560614386e-01 9.973781123667214699e-01 1.399049990900846376e-04
9.236118046101182699e-02 9.978237979871995567e-01 9.973777434858438484e-01 1.399048146873010674e-04
9.240318190131802112e-02 9.975596155513786201e-01 9.973773753541214093e-01 1.399049990900846376e-04
9.244518335617613047e-02 9.972997679089666834e-01 9.973770079674934008e-01 1.399049990900846376e-04
9.248718478920636699e-02 9.973727218481017731e-01 9.973766413224385285e-01 1.399146131288264803e-04
9.252918624406447634e-02 9.974469688279644641e-01 9.973762754147654785e-01 1.399049990900846376e-04
9.257118768437067047e-02 9.974984839708002093e-01 9.973759102410136856e-01 1.399054829888967983e-04
9.261318913922877982e-02 9.971113428254252398e-01 9.973755457971805738e-01 1.399049990900846376e-04
9.265519057225901634e-02 9.975683869262628178e-01 9.973751820798628653e-01 1.399531033451515349e-04
9.269719201984116808e-02 9.972414937411362423e-01 9.973748190850558748e-01 1.399049990900846376e-04
9.273919346742331982e-02 9.972892057415110312e-01 9.973744568092257623e-01 1.399049990900846376e-04
9.278119490045355633e-02 9.974835290394850063e-01 9.973740952488674427e-01 1.399049990900846376e-04
9.282319635531166568e-02 9.975206394269020560e-01 9.973737344000664917e-01 1.399049990900846376e-04
9.286519779561785981e-02 9.975158399031227585e-01 9.973733742595634055e-01 1.399049990900846376e-04
9.290719925047596917e-02 9.973645271526757616e-01 9.973730080165794654e-01 1.399215272074601603e-04
9.294920068350620568e-02 9.972959425982347303e-01 9.973726414420037711e-01 1.399049990900846376e-04
9.299120213836431503e-02 9.972957819906995702e-01 9.973722764548055286e-01 1.399089046423397740e-04
9.303320357867050916e-02 9.974165873673122018e-01 9.973719121774645702e-01 1.399049990900846376e-04
9.307520501897670329e-02 9.976211889616799500e-01 9.973715486065187763e-01 1.399053197063101822e-04
9.311720646655885503e-02 9.974163356177333517e-01 9.973711857385963997e-01 1.399049990900846376e-04
9.315920791414100677e-02 9.972355343154173379e-01 9.973708235704789038e-01 1.399049990900846376e-04
9.320120936172315851e-02 9.974105661954862923e-01 9.973704620989121139e-01 1.399049990900846376e-04
9.324321079475339502e-02 9.975261421513013094e-01 9.973701013207934007e-01 1.399102985114898396e-04
9.328521224961150438e-02 9.972652007939976082e-01 9.973697436157576979e-01 1.399049990900846376e-04
9.332721368991769850e-02 9.975917024726654869e-01 9.973693888895209803e-01 1.399049990900846376e-04
9.336921514477580786e-02 9.973966015581241518e-01 9.973690348271359030e-01 1.399200524785483915e-04
9.341121657780604437e-02 9.970188144423106635e-01 9.973686814257725075e-01 1.399049990900846376e-04
9.345321803266415372e-02 9.973874528975434917e-01 9.973683286819536864e-01 1.399049990900846376e-04
9.349521947297034785e-02 9.970897050375476800e-01 9.973679765929016616e-01 1.399049990900846376e-04
9.353722091327654198e-02 9.972508309349548128e-01 9.973676251554359773e-01 1.399049990900846376e-04
9.357922236085869372e-02 9.973863013496280239e-01 9.973672743664644402e-01 1.399049990900846376e-04
9.362122380116488785e-02 9.972956738522416043e-01 9.973669242231028020e-01 1.399049990900846376e-04
9.366322525602299720e-02 9.974908282820935668e-01 9.973665747221883704e-01 1.399661909531771202e-04
9.370522668905323371e-02 9.971483314423670308e-01 9.973662258610693776e-01 1.399049990900846376e-04
9.374722814391134307e-02 9.974809313294518143e-01 9.973658776364537903e-01 1.399049990900846376e-04
9.378922958421753719e-02 9.971876534704833261e-01 9.973655284659422859e-01 1.399087016873891854e-04
9.383123103907564655e-02 9.975227696540575062e-01 9.973651780937118350e-01 1.399049990900846376e-04
9.387323247210588306e-02 9.971009729736414196e-01 9.973648283907505796e-01 1.399049990900846376e-04
9.391523391968803480e-02 9.973249801126314873e-01 9.973644793537498332e-01 1.399049990900846376e-04
9.395723536727018654e-02 9.977521737962604664e-01 9.973641309798513266e-01 1.399049990900846376e-04
9.399923680757638067e-02 9.974222022110882380e-01 9.973637832661617075e-01 1.399049990900846376e-04
9.404123825515853241e-02 9.975211835772077595e-01 9.973634362096333028e-01 1.399049990900846376e-04
9.408323969546472654e-02 9.974628627999770902e-01 9.973630898074848927e-01 1.399049990900846376e-04
9.412524115032283589e-02 9.974828064115512927e-01 9.973627440566606994e-01 1.399049990900846376e-04
9.416724258335307240e-02 9.975236890397397582e-01 9.973623989546104296e-01 1.399049990900846376e-04
9.420924403821118176e-02 9.972588935010834321e-01 9.973620544981509628e-01 1.399049990900846376e-04
9.425124547851737589e-02 9.975079758644540551e-01 9.973617106847816327e-01 1.400029259922116662e-04
9.429324692609952763e-02 9.973468750592023868e-01 9.973613675115499122e-01 1.399049990900846376e-04
9.433524836640572175e-02 9.971653044388054665e-01 9.973610249758266821e-01 1.399049990900846376e-04
9.437724981398787349e-02 9.973699155213148204e-01 9.973606830747694385e-01 1.399108792986147485e-04
9.441925126157002524e-02 9.974894652811090445e-01 9.973603418057398473e-01 1.399060159972892936e-04
9.446125269460026175e-02 9.972759704624668542e-01 9.973600011661816200e-01 1.399049990900846376e-04
9.450325414945837110e-02 9.974385013040681924e-01 9.973596611531513334e-01 1.399049990900846376e-04
9.454525558976456523e-02 9.971847646920710684e-01 9.973593221304680734e-01 1.399049990900846376e-04
9.458725704462267458e-02 9.972805724416291540e-01 9.973589878621846871e-01 1.399057033082046805e-04
9.462925847765291110e-02 9.973920497725053957e-01 9.973586541729425603e-01 1.399050095317459536e-04
9.467125993251102045e-02 9.975997092062065530e-01 9.973583210598935267e-01 1.399116753626333809e-04
9.471326137281721458e-02 9.972475202671252648e-01 9.973579885208493367e-01 1.399049990900846376e-04
9.475526281312340870e-02 9.974118245880951861e-01 9.973576565532406013e-01 1.399084716889964042e-04
9.479726426070556045e-02 9.973843618446023296e-01 9.973573251545799767e-01 1.399049990900846376e-04
9.483926570828771219e-02 9.973545720940394377e-01 9.973569943225185641e-01 1.399049990900846376e-04
9.488126715586986393e-02 9.973162584278094656e-01 9.973566640546731588e-01 1.399159607673147233e-04
9.492326858890010044e-02 9.974022632651603493e-01 9.973563343487980015e-01 1.399049990900846376e-04
9.496527004375820979e-02 9.972089714791116943e-01 9.973560052022710787e-01 1.399786196138994075e-04
9.500727148406440392e-02 9.976029008389024622e-01 9.973556766130639017e-01 1.399049990900846376e-04
9.504927293164655566e-02 9.973343533633519664e-01 9.973553485787148842e-01 1.399049990900846376e-04
9.509127437195274979e-02 9.976166106559798408e-01 9.973550210970697494e-01 1.399049990900846376e-04
9.513327582681085914e-02 9.975658098101003457e-01 9.973546941657139842e-01 1.399049990900846376e-04
9.517527726711705327e-02 9.973903694017195454e-01 9.973543677826516296e-01 1.399049990900846376e-04
9.521727870742324740e-02 9.972217939593019942e-01 9.973540419455699801e-01 1.399051695605558728e-04
9.525928015500539914e-02 9.973728202911165130e-01 9.973537166522353781e-01 1.400469541191068899e-04
9.530128159531159326e-02 9.974673249336980518e-01 9.973533919006064563e-01 1.399090870241882485e-04
9.534328304289374501e-02 9.974184119927453906e-01 9.973530676884378998e-01 1.399082691600345954e-04
9.538528448319993913e-02 9.972713006055048401e-01 9.973527440137325284e-01 1.399465062550959006e-04
9.542728593805804849e-02 9.973194503371636266e-01 9.973524208742343689e-01 1.399049990900846376e-04
9.546928737836424261e-02 9.973571272950937372e-01 9.973520982681018943e-01 1.399049990900846376e-04
9.551128882594639435e-02 9.970487900754674282e-01 9.973517761931234293e-01 1.399157260195969853e-04
9.555329026625258848e-02 9.971010644550919455e-01 9.973514546473895015e-01 1.399049990900846376e-04
9.559529171383474022e-02 9.972837174429134421e-01 9.973511336287887996e-01 1.399049990900846376e-04
9.563729315414093435e-02 9.973484318397247694e-01 9.973508131354540396e-01 1.399076528155810393e-04
9.567929460172308609e-02 9.972157468014625215e-01 9.973504931653187633e-01 1.399049990900846376e-04
9.572129604930523783e-02 9.971815021106138488e-01 9.973501737165035852e-01 1.399049990900846376e-04
9.576329748961143196e-02 9.976835779302096752e-01 9.973498547871505471e-01 1.399049990900846376e-04
9.580529893719358370e-02 9.972656634489377447e-01 9.973495363752580278e-01 1.399339098242478050e-04
9.584730037749977782e-02 9.972380458120683189e-01 9.973492184790659909e-01 1.399049990900846376e-04
9.588930183235788718e-02 9.974412320972296797e-01 9.973489010965609358e-01 1.399049990900846376e-04
9.593130326538812369e-02 9.975139009130086221e-01 9.973485828686661225e-01 1.399067199582324070e-04
9.597330472024623305e-02 9.973157855895639079e-01 9.973482648208509271e-01 1.399049990900846376e-04
9.601530616055242717e-02 9.976265581305036045e-01 9.973479472863011619e-01 1.399562924596192660e-04
9.605730760813457891e-02 9.973286202063971206e-01 9.973476302631579804e-01 1.399115901725887193e-04
9.609930904844077304e-02 9.974801607387097091e-01 9.973473137498580776e-01 1.399049990900846376e-04
9.614131048874696717e-02 9.972425590968041487e-01 9.973469977446924872e-01 1.399433268793712117e-04
9.618331194360507652e-02 9.973493543166589426e-01 9.973466822459190473e-01 1.399049990900846376e-04
9.622531337663531303e-02 9.972869865428864999e-01 9.973463672521972745e-01 1.399049990900846376e-04
9.626731483149342239e-02 9.974830881448440989e-01 9.973460513488172641e-01 1.399049990900846376e-04
9.630931627179961652e-02 9.974938811196015775e-01 9.973457343032180455e-01 1.399049990900846376e-04
9.635131772665772587e-02 9.972038586162319529e-01 9.973454177965622724e-01 1.399049990900846376e-04
9.639331915968796238e-02 9.974317845593394516e-01 9.973451018275831803e-01 1.399049990900846376e-04
9.643532060727011412e-02 9.974378903219280890e-01 9.973447863944856495e-01 1.399049990900846376e-04
9.647732205485226586e-02 9.972955939193652863e-01 9.973444714958780155e-01 1.399057023767309239e-04
9.651932349515845999e-02 9.971412184246147836e-01 9.973441571303328645e-01 1.399049990900846376e-04
9.656132494274061173e-02 9.973306408148827629e-01 9.973438432962791200e-01 1.399083202440591655e-04
9.660332638304680586e-02 9.973842665677843389e-01 9.973435299923827380e-01 1.399049990900846376e-04
9.664532783790491521e-02 9.972019935050022710e-01 9.973432172170572096e-01 1.399049990900846376e-04
9.668732927093515173e-02 9.972175913548801951e-01 9.973429049691701076e-01 1.399049990900846376e-04
9.672933072579326108e-02 9.973640483392847145e-01 9.973425932470113553e-01 1.399049990900846376e-04
9.677133216609945521e-02 9.972627269217212431e-01 9.973422820494859398e-01 1.399049990900846376e-04
9.681333361368160695e-02 9.972883209415835948e-01 9.973419713750858451e-01 1.399049990900846376e-04
9.685533505398780107e-02 9.972604289198757632e-01 9.973416612225916023e-01 1.399049990900846376e-04
9.689733650156995282e-02 9.971625953839327039e-01 9.973413515905874549e-01 1.399049990900846376e-04
9.693933794915210456e-02 9.972669073630546777e-01 9.973410424778382799e-01 1.399049990900846376e-04
9.698133938218234107e-02 9.974082804554124104e-01 9.973407338831812297e-01 1.399049990900846376e-04
9.702334083704045042e-02 9.971808321934791941e-01 9.973404258050978521e-01 1.399049990900846376e-04
9.706534227734664455e-02 9.972394070450607551e-01 9.973401182426232525e-01 1.399049990900846376e-04
9.710734372492879629e-02 9.972314426569041101e-01 9.973398111943840849e-01 1.399891173271381351e-04
9.714934516523499042e-02 9.974019511604200749e-01 9.973395046592922197e-01 1.399049990900846376e-04
9.719134662009309977e-02 9.976193382687705835e-01 9.973391986360129469e-01 1.399049990900846376e-04
9.723334805312333629e-02 9.973186772325327576e-01 9.973388931236542021e-01 1.399049990900846376e-04
9.727534950070548803e-02 9.970851684560938510e-01 9.973385881208132187e-01 1.399049990900846376e-04
9.731735094828763977e-02 9.973596203712675745e-01 9.973382836264761409e-01 1.399049990900846376e-04
9.735935239586979151e-02 9.973448006858409709e-01 9.973379796395418495e-01 1.399049990900846376e-04
9.740135383617598563e-02 9.974900601279224066e-01 9.973376761589805017e-01 1.399049990900846376e-04
9.744335527648217976e-02 9.973521751285141512e-01 9.973373731836754352e-01 1.399049990900846376e-04
9.748535673134028912e-02 9.974142765748911232e-01 9.973370707124765699e-01 1.399049990900846376e-04
9.752735816437052563e-02 9.972012053717979052e-01 9.973367687446188512e-01 1.399049990900846376e-04
9.756935961922863498e-02 9.973209132857430159e-01 9.973364672787793372e-01 1.399085244159291145e-04
9.761136105953482911e-02 9.972849699814855251e-01 9.973361663142293887e-01 1.399234319261218713e-04
9.765336251439293846e-02 9.972166846953502972e-01 9.973358658497886164e-01 1.399388275624384047e-04
9.769536394742317498e-02 9.974608011091864457e-01 9.973355658847631311e-01 1.399126700541864637e-04
9.773736539500532672e-02 9.974599400319040798e-01 9.973352664179577776e-01 1.399049990900846376e-04
9.777936684258747846e-02 9.974237710185284156e-01 9.973349674485590954e-01 1.399063500626044178e-04
9.782136827561771497e-02 9.974871997498931941e-01 9.973346689757719430e-01 1.399049990900846376e-04
9.786336973047582433e-02 9.971025236339143838e-01 9.973343709984566763e-01 1.399049990900846376e-04
9.790537117078201845e-02 9.973227908471611336e-01 9.973340735160088899e-01 1.399049990900846376e-04
9.794737261836417019e-02 9.970841593126703595e-01 9.973337765274288280e-01 1.399049990900846376e-04
9.798937405867036432e-02 9.974552985581998099e-01 9.973334800319934024e-01 1.399049990900846376e-04
9.803137551352847368e-02 9.974748042641089496e-01 9.973331840287399386e-01 1.399049990900846376e-04
9.807337695383466780e-02 9.972093072952953330e-01 9.973328885170824609e-01 1.399367714306237092e-04
9.811537839414086193e-02 9.971757825930651631e-01 9.973325934961462247e-01 1.399049990900846376e-04
9.815737984172301367e-02 9.973176657357937236e-01 9.973322971610367738e-01 1.399644751457840904e-04
9.819938128930516541e-02 9.970050690755379863e-01 9.973320009161934507e-01 1.399049990900846376e-04
9.824138272961135954e-02 9.971101080911219938e-01 9.973317051561160218e-01 1.399049990900846376e-04
9.828338416991755366e-02 9.972839624035417794e-01 9.973314098800940553e-01 1.399049990900846376e-04
9.832538562477566302e-02 9.973167529071391701e-01 9.973311150873835906e-01 1.399099212235571459e-04
9.836738706508185714e-02 9.972106167840859570e-01 9.973308207775634093e-01 1.399049990900846376e-04
9.840938851266400889e-02 9.973521144727360843e-01 9.973305269498720094e-01 1.399049990900846376e-04
9.845138995297020301e-02 9.973544933049729444e-01 9.973302336038195604e-01 1.399049990900846376e-04
9.849339140782831237e-02 9.971069336874145428e-01 9.973299407386783111e-01 1.399049990900846376e-04
9.853539284085854888e-02 9.974511250442646970e-01 9.973296483541438384e-01 1.399049990900846376e-04
9.857739428844070062e-02 9.974090907946400186e-01 9.973293564494208896e-01 1.399074660464041464e-04
9.861939573602285236e-02 9.970816290653181646e-01 9.973290650240859145e-01 1.399049990900846376e-04
9.866139716905308887e-02 9.971979486816161531e-01 9.973287740777312393e-01 1.399049990900846376e-04
9.870339862391119823e-02 9.973233379454778946e-01 9.973284836096132366e-01 1.399059937865045414e-04
9.874540006421739236e-02 9.973550870926121137e-01 9.973281936195085295e-01 1.399049990900846376e-04
9.878740151907550171e-02 9.971563710982818129e-01 9.973279041067579787e-01 1.399049990900846376e-04
9.882940295210573822e-02 9.973747530015306673e-01 9.973276150711697374e-01 1.398794995163275866e-04
9.887140440696384758e-02 9.975676954313875688e-01 9.973273265120182751e-01 1.399154943910664475e-04
9.891340584727004170e-02 9.973615693854832598e-01 9.973270384291446078e-01 1.399147872972025992e-04
9.895540728757623583e-02 9.974738206602388191e-01 9.973267508220565736e-01 1.399159866875117830e-04
9.899740873515838757e-02 9.975752096592197526e-01 9.973264636903285130e-01 1.399049990900846376e-04
9.903941018274053931e-02 9.973171852235394041e-01 9.973261770336508958e-01 1.399049990900846376e-04
9.908141162304673344e-02 9.972727621213460791e-01 9.973258908517306232e-01 1.399049990900846376e-04
9.912341306335292757e-02 9.972190396720311822e-01 9.973256051441911074e-01 1.399049990900846376e-04
9.916541451821103692e-02 9.972687189626040505e-01 9.973253199106243416e-01 1.399049990900846376e-04
9.920741595851723105e-02 9.975415764196936541e-01 9.973250351509337364e-01 1.399049990900846376e-04
9.924941740609938279e-02 9.973498196787778936e-01 9.973247508646948534e-01 1.399049990900846376e-04
9.929141884640557691e-02 9.971137727920471594e-01 9.973244670517450450e-01 1.399049990900846376e-04
9.933342030126368627e-02 9.974000979439183734e-01 9.973241837116929576e-01 1.399049990900846376e-04
9.937542173429392278e-02 9.975147613347444819e-01 9.973239008445560216e-01 1.399049990900846376e-04
9.941742318187607452e-02 9.974454747855260317e-01 9.973236184498776025e-01 1.399211576780261712e-04
9.945942462945822626e-02 9.972968981777418085e-01 9.973233365275606666e-01 1.399049990900846376e-04
9.950142606248846278e-02 9.973195234894561834e-01 9.973230550775242786e-01 1.399049990900846376e-04
9.954342751734657213e-02 9.972938334877012867e-01 9.973227740993618751e-01 1.399049990900846376e-04
9.958542895765276626e-02 9.973919192129071520e-01 9.973224935931718216e-01 1.399286569317130676e-04
9.962743041251087561e-02 9.975459009527657406e-01 9.973222135586296000e-01 1.399049990900846376e-04
9.966943184554111212e-02 9.974289340892668054e-01 9.973219341015139294e-01 1.399049990900846376e-04
9.971143330039922148e-02 9.974542905353025457e-01 9.973216558108082275e-01 1.399049990900846376e-04
9.975343474070541561e-02 9.972197463416726526e-01 9.973213779524030542e-01 1.399049990900846376e-04
9.979543618101160973e-02 9.972528810681032807e-01 9.973211005261324313e-01 1.399257313541711796e-04
9.983743762859376147e-02 9.973625380670807505e-01 9.973208235318967718e-01 1.399098594921071431e-04
9.987943907617591321e-02 9.974105257874150698e-01 9.973205469697083991e-01 1.399049990900846376e-04
9.992144051648210734e-02 9.972552949031541214e-01 9.973202708395970673e-01 1.399049990900846376e-04
9.996344195678830147e-02 9.972491423267821897e-01 9.973199951415135933e-01 1.399072721489011666e-04
1.000054434116464108e-01 9.973956287335183912e-01 9.973197198753783743e-01 1.399049990900846376e-04
1.000474448446766473e-01 9.973660917642281909e-01 9.973194450414625267e-01 1.399338934092620064e-04
1.000894462995347567e-01 9.974082952158157545e-01 9.973191706395301281e-01 1.399049990900846376e-04
1.001314477398409508e-01 9.975279775978902475e-01 9.973188966698857127e-01 1.399049990900846376e-04
1.001734491946990602e-01 9.972891866775550618e-01 9.973186231324231432e-01 1.399049990900846376e-04
1.002154506277292967e-01 9.972141341550639915e-01 9.973183500274800384e-01 1.399152340114416038e-04
1.002574520753114484e-01 9.974496262408475422e-01 9.973180773549373823e-01 1.399049990900846376e-04
1.002994535228936002e-01 9.974078140077150545e-01 9.973178051150249912e-01 1.398898967386605699e-04
1.003414549559238367e-01 9.972244802810323883e-01 9.973175333079884464e-01 1.399049990900846376e-04
1.003834564107819460e-01 9.975848956090238584e-01 9.973172619337614675e-01 1.399071456852616930e-04
1.004254578510881402e-01 9.971320830722447681e-01 9.973169909927649401e-01 1.399049990900846376e-04
1.004674592986702919e-01 9.973052834036629788e-01 9.973167204850614809e-01 1.399049990900846376e-04
1.005094607389764860e-01 9.971123793623798415e-01 9.973164504109638395e-01 1.399049990900846376e-04
1.005514621938345954e-01 9.970921818553791782e-01 9.973161807705694937e-01 1.399049990900846376e-04
1.005934636341407895e-01 9.973670028893831807e-01 9.973159115643192019e-01 1.399049990900846376e-04
1.006354650744469836e-01 9.971136297715387231e-01 9.973156433953627165e-01 1.399049990900846376e-04
1.006774665220291354e-01 9.973823554510601319e-01 9.973153760782206279e-01 1.399049990900846376e-04
1.007194679696112871e-01 9.973084547913532161e-01 9.973151092257854788e-01 1.399049990900846376e-04
1.007614694099174812e-01 9.973045680470347119e-01 9.973148428384376318e-01 1.399066705209083266e-04
1.008034708502236754e-01 9.973197886723379479e-01 9.973145769164811769e-01 1.399076761240242953e-04
1.008454723050817847e-01 9.974177459894904008e-01 9.973143114601935588e-01 1.399049990900846376e-04
1.008874737381120212e-01 9.975074874333543784e-01 9.973140469610950465e-01 1.399049990900846376e-04
1.009294751929701306e-01 9.974142584220547780e-01 9.973137840502809270e-01 1.399055709097560577e-04
1.009714766332763247e-01 9.974005164563285453e-01 9.973135215957660282e-01 1.399049990900846376e-04
1.010134780808584765e-01 9.972335521053560248e-01 9.973132595978754233e-01 1.399049990900846376e-04
1.010554795211646706e-01 9.975162246788655818e-01 9.973129980571785458e-01 1.399049990900846376e-04
1.010974809687468223e-01 9.971449666384087918e-01 9.973127369740832915e-01 1.399049990900846376e-04
1.011394824163289741e-01 9.974062608711511402e-01 9.973124763491518774e-01 1.399451166617924930e-04
1.011814838493592106e-01 9.974026878802377816e-01 9.973122161830094701e-01 1.399081699034378115e-04
1.012234853042173199e-01 9.972971149721837625e-01 9.973119564759855837e-01 1.399049990900846376e-04
1.012654867445235141e-01 9.973706372575843471e-01 9.973116972288781357e-01 1.399049990900846376e-04
1.013074881921056658e-01 9.974740716951372432e-01 9.973114384421439826e-01 1.399049990900846376e-04
1.013494896324118599e-01 9.973192216728771209e-01 9.973111801164832313e-01 1.399049990900846376e-04
1.013914910872699693e-01 9.973710210188836411e-01 9.973109222523915962e-01 1.399049990900846376e-04
1.014334925203002058e-01 9.973952863306090322e-01 9.973106648955157860e-01 1.399049990900846376e-04
1.014754939678823575e-01 9.973136468571324187e-01 9.973104088013389212e-01 1.399049990900846376e-04
1.015174954154645093e-01 9.972645946547672446e-01 9.973101532097121691e-01 1.399154091929649712e-04
1.015594968557707034e-01 9.975366701424692728e-01 9.973098981213612824e-01 1.399049990900846376e-04
1.016014983033528551e-01 9.973042676983153720e-01 9.973096435368979940e-01 1.399125828462585187e-04
1.016434997436590493e-01 9.973086233479879770e-01 9.973093894571292140e-01 1.399049990900846376e-04
1.016855011985171586e-01 9.973888087770751421e-01 9.973091358826595698e-01 1.399049990900846376e-04
1.017275026315473951e-01 9.973306432360112828e-01 9.973088828144638374e-01 1.399250710544002645e-04
1.017695040864055045e-01 9.970975676224855810e-01 9.973086302530519420e-01 1.399049990900846376e-04
1.018115055267116986e-01 9.972044638014854190e-01 9.973083781994351860e-01 1.399098470322390991e-04
1.018535069742938504e-01 9.970803269612562580e-01 9.973081266542923595e-01 1.399210346652551948e-04
1.018955084146000445e-01 9.973651653678775597e-01 9.973078756185397298e-01 1.399049990900846376e-04
1.019375098621821962e-01 9.971447826641740564e-01 9.973076250929371334e-01 1.399049990900846376e-04
1.019795113024883904e-01 9.973252089559643263e-01 9.973073750784372526e-01 1.399049990900846376e-04
1.020215127427945845e-01 9.970293770857547866e-01 9.973071255758809706e-01 1.399049990900846376e-04
1.020635141976526938e-01 9.973271083483511434e-01 9.973068765860847451e-01 1.399056880413571612e-04
1.021055156306829304e-01 9.972594676941726188e-01 9.973066281101861108e-01 1.399070180298807439e-04
1.021475170855410397e-01 9.972905107254388390e-01 9.973063801488667446e-01 1.399049990900846376e-04
1.021895185258472338e-01 9.971496527003093080e-01 9.973061327033000412e-01 1.399049990900846376e-04
1.022315199734293856e-01 9.974042775173104225e-01 9.973058857743350991e-01 1.399049990900846376e-04
1.022735214137355797e-01 9.975074299460298111e-01 9.973056393630538308e-01 1.399049990900846376e-04
1.023155228613177314e-01 9.971729630059598115e-01 9.973053934703858259e-01 1.399569758030541904e-04
1.023575243016239256e-01 9.975206263716157595e-01 9.973051480974506333e-01 1.399049990900846376e-04
1.023995257492060773e-01 9.972362504660003957e-01 9.973049015982785592e-01 1.399049990900846376e-04
1.024415271967882290e-01 9.973640024134264870e-01 9.973046541354781969e-01 1.399049990900846376e-04
1.024835286370944232e-01 9.973473569859104826e-01 9.973044071647662046e-01 1.399049990900846376e-04
1.025255300846765749e-01 9.974592285453879326e-01 9.973041606871004827e-01 1.399049990900846376e-04
1.025675315249827690e-01 9.972933720637813249e-01 9.973039142377828625e-01 1.399049990900846376e-04
1.026095329798408784e-01 9.972062046917558042e-01 9.973036673450111911e-01 1.399052571372395165e-04
1.026515344128711149e-01 9.974116962885468674e-01 9.973034209412304785e-01 1.399049990900846376e-04
1.026935358677292243e-01 9.970448221551144741e-01 9.973031750273442242e-01 1.399188074895121024e-04
1.027355373080354184e-01 9.970904884582918459e-01 9.973029296047424275e-01 1.399154251821508308e-04
1.027775387483416125e-01 9.973429898898563684e-01 9.973026846745365326e-01 1.399049990900846376e-04
1.028195401959237643e-01 9.972039956246301351e-01 9.973024402378988240e-01 1.399049990900846376e-04
1.028615416362299584e-01 9.973159450536678294e-01 9.973021962961476916e-01 1.399086739279918926e-04
1.029035430838121101e-01 9.971945059359503816e-01 9.973019528504513120e-01 1.399766506846264491e-04
1.029455445241183043e-01 9.970859911184291047e-01 9.973017099021653786e-01 1.399049990900846376e-04
1.029875459789764136e-01 9.974021370852397261e-01 9.973014662113642848e-01 1.399049990900846376e-04
1.030295474120066501e-01 9.971683833055084989e-01 9.973012211443890163e-01 1.399093955006571724e-04
1.030715488668647595e-01 9.972648827809942329e-01 9.973009765401221749e-01 1.399049990900846376e-04
1.031135503071709536e-01 9.971597206409319458e-01 9.973007324001227358e-01 1.399049990900846376e-04
1.031555517474771477e-01 9.971227883200617370e-01 9.973004887256715634e-01 1.399049990900846376e-04
1.031975531950592995e-01 9.973912400870006412e-01 9.973002455181110282e-01 1.399057291507390917e-04
1.032395546426414512e-01 9.971722573597160411e-01 9.973000027788877508e-01 1.399049990900846376e-04
1.032815560902236030e-01 9.974129329394553212e-01 9.972997605094245932e-01 1.399049990900846376e-04
1.033235575232538395e-01 9.972871042066762115e-01 9.972995187112478899e-01 1.399049990900846376e-04
1.033655589781119488e-01 9.972840001478018301e-01 9.972992773856100834e-01 1.399049990900846376e-04
1.034075604184181429e-01 9.973996147118143751e-01 9.972990365342011554e-01 1.399049990900846376e-04
1.034495618660002947e-01 9.972208856825444112e-01 9.972987961583967831e-01 1.399059495505725937e-04
1.034915633063064888e-01 9.973085282853979550e-01 9.972985562597997955e-01 1.399049990900846376e-04
1.035335647611645982e-01 9.974765915538827965e-01 9.972983168398257270e-01 1.399661012867914214e-04
1.035755661941948347e-01 9.971789742140679813e-01 9.972980779002410534e-01 1.399049990900846376e-04
1.036175676417769864e-01 9.970938049320606789e-01 9.972978394424170112e-01 1.399049990900846376e-04
1.036595690893591382e-01 9.973401847718955660e-01 9.972976014680356993e-01 1.399049990900846376e-04
1.037015705223893747e-01 9.972607434988930430e-01 9.972973639787973132e-01 1.399049990900846376e-04
1.037435719772474840e-01 9.970628678807473833e-01 9.972971292679689848e-01 1.399049990900846376e-04
1.037855734175536782e-01 9.972814326172386723e-01 9.972968952278402632e-01 1.399049990900846376e-04
1.038275748651358299e-01 9.974868030615434700e-01 9.972966616856455691e-01 1.399049990900846376e-04
1.038695763054420240e-01 9.972829957967104253e-01 9.972964286431686975e-01 1.399110916954864319e-04
1.039115777603001334e-01 9.972672527912953555e-01 9.972961961020114785e-01 1.399049990900846376e-04
1.039535791933303699e-01 9.970952264817297683e-01 9.972959640641183565e-01 1.399049990900846376e-04
1.039955806409125216e-01 9.972708600330872919e-01 9.972957325310520815e-01 1.399049990900846376e-04
1.040375820884946734e-01 9.971584251227403328e-01 9.972955015046773841e-01 1.399049990900846376e-04
1.040795835288008675e-01 9.971444791322522372e-01 9.972952709868392329e-01 1.399049990900846376e-04
1.041215849763830192e-01 9.971510900223663487e-01 9.972950409792828985e-01 1.399105795899240219e-04
1.041635864166892134e-01 9.970651967228245649e-01 9.972948114839347289e-01 1.399119820734306843e-04
1.042055878715473227e-01 9.972133361580927113e-01 9.972945825025424371e-01 1.399049990900846376e-04
1.042475893045775592e-01 9.976028973618759066e-01 9.972943540371924653e-01 1.399049990900846376e-04
1.042895907594356686e-01 9.974729647304648728e-01 9.972941260895559212e-01 1.399241161979308725e-04
1.043315921997418627e-01 9.975513765729597804e-01 9.972938986617605472e-01 1.399049990900846376e-04
1.043735936400480568e-01 9.970847470420878267e-01 9.972936717556779573e-01 1.399049990900846376e-04
1.044155950876302086e-01 9.972827138602887720e-01 9.972934453732417159e-01 1.399049990900846376e-04
1.044575965352123603e-01 9.974053780548347570e-01 9.972932195164844194e-01 1.399049990900846376e-04
1.044995979755185544e-01 9.973165807562767160e-01 9.972929941874597581e-01 1.399049990900846376e-04
1.045415994158247486e-01 9.972370672918777768e-01 9.972927693881652456e-01 1.399101166181547561e-04
1.045836008706828579e-01 9.972580311997227831e-01 9.972925451205806313e-01 1.399049990900846376e-04
1.046256023037130944e-01 9.973963390425194531e-01 9.972923213869794301e-01 1.399049990900846376e-04
1.046676037585712038e-01 9.969974556333406346e-01 9.972920981892301473e-01 1.399049990900846376e-04
1.047096051988773979e-01 9.973606430875062712e-01 9.972918755296491522e-01 1.399049990900846376e-04
1.047516066464595497e-01 9.972523524269520934e-01 9.972916534102648223e-01 1.399171770490667955e-04
1.047936080867657438e-01 9.972700449100972975e-01 9.972914318333210293e-01 1.399121898747237029e-04
1.048356095343478955e-01 9.974326821872846471e-01 9.972912108009291954e-01 1.399049990900846376e-04
1.048776109746540897e-01 9.971872564633393887e-01 9.972909903153766020e-01 1.399049990900846376e-04
1.049196124222362414e-01 9.972448807518012881e-01 9.972907703788198575e-01 1.399049990900846376e-04
1.049616138698183931e-01 9.972874707268225558e-01 9.972905509935523494e-01 1.399298738708511236e-04
1.050036153028486297e-01 9.972665552019822632e-01 9.972903321619267514e-01 1.399049990900846376e-04
1.050456167577067390e-01 9.974283040739533313e-01 9.972901138860539305e-01 1.399049990900846376e-04
1.050876181980129331e-01 9.972136086996077342e-01 9.972898961684454333e-01 1.399049990900846376e-04
1.051296196455950849e-01 9.971707902644412203e-01 9.972896790113334742e-01 1.399313084228455168e-04
1.051716210859012790e-01 9.971599463052505108e-01 9.972894624171606548e-01 1.399049990900846376e-04
1.052136225334834307e-01 9.971937464716086330e-01 9.972892463882426783e-01 1.399055748534999081e-04
1.052556239737896249e-01 9.973322173047532990e-01 9.972890309270683318e-01 1.399049990900846376e-04
1.052976254213717766e-01 9.973655853287027861e-01 9.972888160359996146e-01 1.399131301313576755e-04
1.053396268689539284e-01 9.972623911463407431e-01 9.972886017175333073e-01 1.399132112778015964e-04
1.053816283019841649e-01 9.971935902236572780e-01 9.972883879742269198e-01 1.399049990900846376e-04
1.054236297568422742e-01 9.972731065158950692e-01 9.972881748084015952e-01 1.399049990900846376e-04
1.054656311971484683e-01 9.972304641259934765e-01 9.972879622227720509e-01 1.399049990900846376e-04
1.055076326447306201e-01 9.974074380390371974e-01 9.972877502197813326e-01 1.399049990900846376e-04
1.055496340850368142e-01 9.971094053346395425e-01 9.972875388020794318e-01 1.399049990900846376e-04
1.055916355398949236e-01 9.971315426871701915e-01 9.972873279721580220e-01 1.399049990900846376e-04
1.056336369729251601e-01 9.972310084482780557e-01 9.972871177328238579e-01 1.399593777564240075e-04
1.056756384205073118e-01 9.972440946741166767e-01 9.972869080865435221e-01 1.399065804325948627e-04
1.057176398680894636e-01 9.972357707770782564e-01 9.972866990360628181e-01 1.399049990900846376e-04
1.057596413083956577e-01 9.971723273458844572e-01 9.972864905841147820e-01 1.399049990900846376e-04
1.058016427559778094e-01 9.973283391589060631e-01 9.972862827333487390e-01 1.399049990900846376e-04
1.058436441962840036e-01 9.972641923575448208e-01 9.972860754865819910e-01 1.399049990900846376e-04
1.058856456438661553e-01 9.972268136239003100e-01 9.972858751524602550e-01 1.399049990900846376e-04
1.059276470841723494e-01 9.973997090649837638e-01 9.972856757430054175e-01 1.399049990900846376e-04
1.059696485390304588e-01 9.971498201418257379e-01 9.972854769774628370e-01 1.399049990900846376e-04
1.060116499720606953e-01 9.974751282265945651e-01 9.972852788586855644e-01 1.399075800568276172e-04
1.060536514196428470e-01 9.973406949120968701e-01 9.972850813892070176e-01 1.399061663475425913e-04
1.060956528672249988e-01 9.973761204665388957e-01 9.972848845718241817e-01 1.399049990900846376e-04
1.061376543148071505e-01 9.968887241738294547e-01 9.972846884092898545e-01 1.399176757097261099e-04
1.061796557551133446e-01 9.970623163535760058e-01 9.972844929044140105e-01 1.399049990900846376e-04
1.062216571954195388e-01 9.973794024815675341e-01 9.972842980599634366e-01 1.399049990900846376e-04
1.062636586502776481e-01 9.974092534721685777e-01 9.972841038786953716e-01 1.399049990900846376e-04
1.063056600833078846e-01 9.974258940240491311e-01 9.972839103636271796e-01 1.399049990900846376e-04
1.063476615381659940e-01 9.971518683932617533e-01 9.972837175174311675e-01 1.399049990900846376e-04
1.063896629784721881e-01 9.972054997067227866e-01 9.972835253431722169e-01 1.399049990900846376e-04
1.064316644260543399e-01 9.972632911702677960e-01 9.972833338436732920e-01 1.399049990900846376e-04
1.064736658663605340e-01 9.975151312930076175e-01 9.972831430219485371e-01 1.399160095075027428e-04
1.065156673139426857e-01 9.970767599326999520e-01 9.972829528809038502e-01 1.399104348553583267e-04
1.065576687542488798e-01 9.971197483027302022e-01 9.972827634236030026e-01 1.399252833614644733e-04
1.065996702018310316e-01 9.973872779249045584e-01 9.972825746530030733e-01 1.399049990900846376e-04
1.066416716494131833e-01 9.969776117776754099e-01 9.972823865721849312e-01 1.399049990900846376e-04
1.066836730824434198e-01 9.973745526724018262e-01 9.972822027065821882e-01 1.399049990900846376e-04
1.067256745373015292e-01 9.973190596133856278e-01 9.972820204999576221e-01 1.399327675918312979e-04
1.067676759776077233e-01 9.972307575102982158e-01 9.972818390220596907e-01 1.399049990900846376e-04
1.068096774251898751e-01 9.974047971137777191e-01 9.972816582759167492e-01 1.399059284845395612e-04
1.068516788654960692e-01 9.969978100516824204e-01 9.972814739578140797e-01 1.399049990900846376e-04
1.068936803130782209e-01 9.973133876857565028e-01 9.972812856686781302e-01 1.399154412172625729e-04
1.069356817533844151e-01 9.971742937905612170e-01 9.972810980829550642e-01 1.399049990900846376e-04
1.069776832009665668e-01 9.971295484762315864e-01 9.972809112039211499e-01 1.399049990900846376e-04
1.070196846485487185e-01 9.971521394544123895e-01 9.972807250349775554e-01 1.399569327329842731e-04
1.070616860815789551e-01 9.973487254794137780e-01 9.972805395795840688e-01 1.399049990900846376e-04
1.071036875364370644e-01 9.970747904618363355e-01 9.972803548410037466e-01 1.399049990900846376e-04
1.071456889767432585e-01 9.973027245002277219e-01 9.972801708228478113e-01 1.399049990900846376e-04
1.071876904243254103e-01 9.972140887264656639e-01 9.972799875285001114e-01 1.399049990900846376e-04
1.072296918646316044e-01 9.972897899661123944e-01 9.972798049615305693e-01 1.399049990900846376e-04
1.072716933194897138e-01 9.971965905997531854e-01 9.972796231253804322e-01 1.399072516630053093e-04
1.073136947525199503e-01 9.971426286174186471e-01 9.972794420237705015e-01 1.399049990900846376e-04
1.073556962001021020e-01 9.973317120163557314e-01 9.972792616601361404e-01 1.399049990900846376e-04
1.073976976476842538e-01 9.972073467391143753e-01 9.972790820381610688e-01 1.399049990900846376e-04
1.074396990879904479e-01 9.971147007923534256e-01 9.972789031615265642e-01 1.399689782820167272e-04
1.074817005355725996e-01 9.973222986625763786e-01 9.972787250338492893e-01 1.399096885266833590e-04
1.075237019758787937e-01 9.974314750215834691e-01 9.972785476588993392e-01 1.399066311503009393e-04
1.075657034234609455e-01 9.972706827955181152e-01 9.972783710403527735e-01 1.399049990900846376e-04
1.076077048637671396e-01 9.971487511435603857e-01 9.972781951820378632e-01 1.399049990900846376e-04
1.076497063113492914e-01 9.973849513570722802e-01 9.972780254478388340e-01 1.399049990900846376e-04
1.076917077516554855e-01 9.973523246194396785e-01 9.972778600376768221e-01 1.399068865698987921e-04
1.077337091992376372e-01 9.971752183286237692e-01 9.972776954576277886e-01 1.399049990900846376e-04
1.077757106395438313e-01 9.973666111587180527e-01 9.972775317118732774e-01 1.399049990900846376e-04
1.078177120871259831e-01 9.970818109749155500e-01 9.972773688045128981e-01 1.399129752344957641e-04
1.078597135347081348e-01 9.972859228154331568e-01 9.972772067397642770e-01 1.399164237182588236e-04
1.079017149677383713e-01 9.973729979988275041e-01 9.972770455219048813e-01 1.399581033312733650e-04
1.079437164225964807e-01 9.974047154453120623e-01 9.972768851550499747e-01 1.399049990900846376e-04
1.079857178629026748e-01 9.970346802126136554e-01 9.972767256436267935e-01 1.399049990900846376e-04
1.080277193104848266e-01 9.971034338144272313e-01 9.972765658954797496e-01 1.399049990900846376e-04
1.080697207507910207e-01 9.972186954336821341e-01 9.972764016597047698e-01 1.399049990900846376e-04
1.081117222056491300e-01 9.971488327921164130e-01 9.972762382589919206e-01 1.399116460458859463e-04
1.081537236386793666e-01 9.973393192440194177e-01 9.972760756979633934e-01 1.399192005817207613e-04
1.081957250862615183e-01 9.973046947132772067e-01 9.972759139809925788e-01 1.399049990900846376e-04
1.082377265338436700e-01 9.971610585878304400e-01 9.972757531126861252e-01 1.399049990900846376e-04
1.082797279741498642e-01 9.973745297501306339e-01 9.972755930976571204e-01 1.399085245919480091e-04
1.083217294217320159e-01 9.973441053745156770e-01 9.972754339404695800e-01 1.399285057357499559e-04
1.083637308620382100e-01 9.972733856632309823e-01 9.972752706807708201e-01 1.399049990900846376e-04
1.084057323096203618e-01 9.974024033887348706e-01 9.972751110946092012e-01 1.399049990900846376e-04
1.084477337499265559e-01 9.973218890469026654e-01 9.972749571949980352e-01 1.399049990900846376e-04
1.084897352047846653e-01 9.970550894972557421e-01 9.972748050757747063e-01 1.399830485602345464e-04
1.085317366378149018e-01 9.972149165104894353e-01 9.972746598028470189e-01 1.399049990900846376e-04
1.085737380853970535e-01 9.974268290629120237e-01 9.972745154261167810e-01 1.399090586822187437e-04
1.086157395329792053e-01 9.972576267944170958e-01 9.972743719499848059e-01 1.399049990900846376e-04
1.086577409732853994e-01 9.972065813211931085e-01 9.972742293788594559e-01 1.399049990900846376e-04
1.086997424208675511e-01 9.973048825581373178e-01 9.972740877171086815e-01 1.399099407040012863e-04
1.087417438611737452e-01 9.973546996676938559e-01 9.972739469692319947e-01 1.399049990900846376e-04
1.087837453087558970e-01 9.974158256696331604e-01 9.972738071457775133e-01 1.399138154445368732e-04
1.088257467490620911e-01 9.971920959553383090e-01 9.972736692618870968e-01 1.399049990900846376e-04
1.088677482039202005e-01 9.970185334181038694e-01 9.972735323275118136e-01 1.399049990900846376e-04
1.089097496369504370e-01 9.974807330105325276e-01 9.972733963476104746e-01 1.399049990900846376e-04
1.089517510918085463e-01 9.971924979151141066e-01 9.972732613269184032e-01 1.399179787513743359e-04
1.089937525321147405e-01 9.973882101743538620e-01 9.972731272704669081e-01 1.399049990900846376e-04
1.090357539724209346e-01 9.971284223175661543e-01 9.972729941831596223e-01 1.399049990900846376e-04
1.090777554200030863e-01 9.973841129408453909e-01 9.972728600064112436e-01 1.399049990900846376e-04
1.091197568603092805e-01 9.973994218893079688e-01 9.972727214420278319e-01 1.399052007232451638e-04
1.091617583078914322e-01 9.973477477702595850e-01 9.972725885923208189e-01 1.399049990900846376e-04
1.092037597481976263e-01 9.973414016250485847e-01 9.972724579827619840e-01 1.399049990900846376e-04
1.092457612030557357e-01 9.973907705830215020e-01 9.972723273732730931e-01 1.399049990900846376e-04
1.092877626360859722e-01 9.972225492530184532e-01 9.972721977516200154e-01 1.399049990900846376e-04
1.093297640909440815e-01 9.971626209490630499e-01 9.972720691228180723e-01 1.399077015589400249e-04
1.093717655312502757e-01 9.970591475672696546e-01 9.972719414921676906e-01 1.399049990900846376e-04
1.094137669715564698e-01 9.970433817938902932e-01 9.972718148648515024e-01 1.399049990900846376e-04
1.094557684191386215e-01 9.973610839928850336e-01 9.972716835801210822e-01 1.399049990900846376e-04
1.094977698667207733e-01 9.974606982589437898e-01 9.972715522933315313e-01 1.399069293672165109e-04
1.095397713070269674e-01 9.973146700470039150e-01 9.972714219893342724e-01 1.399049990900846376e-04
1.095817727473331615e-01 9.972573639859706462e-01 9.972712926734269567e-01 1.399049990900846376e-04
1.096237741949153133e-01 9.974317007026106685e-01 9.972711643509467594e-01 1.399148827081670473e-04
1.096657756352215074e-01 9.972850133164782305e-01 9.972710370273388802e-01 1.399878256202870621e-04
1.097077770900796168e-01 9.973563414836980057e-01 9.972709107079785751e-01 1.399049990900846376e-04
1.097497785231098533e-01 9.974700149615508549e-01 9.972707853984571491e-01 1.399049990900846376e-04
1.097917799779679626e-01 9.973597957192004149e-01 9.972706611041681768e-01 1.399049990900846376e-04
1.098337814182741567e-01 9.971365059228196603e-01 9.972705343458881933e-01 1.399049990900846376e-04
1.098757828585803509e-01 9.973081464296745802e-01 9.972704033089964115e-01 1.399049990900846376e-04
1.099177843061625026e-01 9.972837053945657892e-01 9.972702733060100355e-01 1.399049990900846376e-04
1.099597857464686967e-01 9.972626769592010110e-01 9.972701533116994366e-01 1.399069806143979496e-04
1.100017871940508485e-01 9.972187591652782457e-01 9.972700358994476266e-01 1.399049990900846376e-04
1.100437886343570426e-01 9.974778006055745605e-01 9.972699195715879483e-01 1.399049990900846376e-04
1.100857900892151520e-01 9.969224366310274199e-01 9.972698043341672314e-01 1.399049990900846376e-04
1.101277915222453885e-01 9.971698090476633913e-01 9.972696901934390290e-01 1.400268196626459883e-04
1.101697929771034978e-01 9.973396936709426619e-01 9.972695771554843658e-01 1.399049990900846376e-04
1.102117944174096920e-01 9.973983753173821798e-01 9.972694652266489435e-01 1.399049990900846376e-04
1.102537958577158861e-01 9.973892731766582642e-01 9.972693460504339358e-01 1.399049990900846376e-04
1.102957973052980378e-01 9.976279832717994678e-01 9.972692230913310363e-01 1.399049990900846376e-04
1.103377987528801896e-01 9.972783000298940381e-01 9.972691012129214494e-01 1.399049990900846376e-04
1.103798001931863837e-01 9.969916097568659596e-01 9.972689804217657050e-01 1.399049990900846376e-04
1.104218016334925778e-01 9.972974450138748503e-01 9.972688607244322156e-01 1.399049990900846376e-04
1.104638030883506872e-01 9.971442330730482251e-01 9.972687421275199249e-01 1.399049990900846376e-04
1.105058045213809237e-01 9.974344407190925965e-01 9.972686246378210662e-01 1.399049990900846376e-04
1.105478059762390330e-01 9.973768027490720334e-01 9.972685082619541230e-01 1.399049990900846376e-04
1.105898074092692696e-01 9.971221357988039324e-01 9.972683930068315661e-01 1.399055417572226973e-04
1.106318088641273789e-01 9.974506365535339425e-01 9.972682788791769060e-01 1.399049990900846376e-04
1.106738103044335730e-01 9.975753941654382784e-01 9.972681658859837706e-01 1.399049990900846376e-04
1.107158117447397672e-01 9.970973267307662313e-01 9.972680540341604116e-01 1.399049990900846376e-04
1.107578131923219189e-01 9.973512479695940680e-01 9.972679433306875785e-01 1.399049990900846376e-04
1.107998146326281130e-01 9.973518787920168105e-01 9.972678337826571537e-01 1.399104521752371206e-04
1.108418160802102648e-01 9.974015928428570099e-01 9.972677253971377054e-01 1.399049990900846376e-04
1.108838175205164589e-01 9.975081808919386006e-01 9.972676188207942882e-01 1.399049990900846376e-04
1.109258189753745683e-01 9.974532923580202715e-01 9.972675206372311196e-01 1.399049990900846376e-04
1.109678204084048048e-01 9.971697624092017431e-01 9.972674236487713006e-01 1.399049990900846376e-04
1.110098218632629141e-01 9.972956625927889007e-01 9.972673278624609727e-01 1.399049990900846376e-04
1.110518233035691082e-01 9.975768592253134726e-01 9.972672332855847532e-01 1.399076034229780217e-04
1.110938247438753024e-01 9.974433748389609500e-01 9.972671399253659752e-01 1.399049990900846376e-04
1.111358261914574541e-01 9.972096465649474828e-01 9.972670477891005802e-01 1.399049990900846376e-04
1.111778276390396059e-01 9.974204252693718020e-01 9.972669568841726617e-01 1.399049990900846376e-04
1.112198290793458000e-01 9.973770561868244844e-01 9.972668672180221572e-01 1.399049990900846376e-04
1.112618305196519941e-01 9.973819135475106012e-01 9.972667787981146503e-01 1.399093706158382490e-04
1.113038319745101035e-01 9.974973193772557201e-01 9.972666916319588015e-01 1.399049990900846376e-04
1.113458334075403400e-01 9.973652942795016019e-01 9.972666061476950228e-01 1.399049990900846376e-04
1.113878348623984493e-01 9.975695141874216798e-01 9.972665266171523157e-01 1.399049990900846376e-04
1.114298362954286858e-01 9.973521373309257587e-01 9.972664544035408918e-01 1.399049990900846376e-04
1.114718377502867952e-01 9.971370736215970920e-01 9.972663835386379461e-01 1.399049990900846376e-04
1.115138391905929893e-01 9.971282209191887347e-01 9.972663125253838912e-01 1.399080712593682549e-04
1.115558406308991835e-01 9.975653026924190536e-01 9.972662237041880484e-01 1.399049990900846376e-04
1.115978420784813352e-01 9.973325866612620105e-01 9.972661361727127582e-01 1.399049990900846376e-04
1.116398435187875293e-01 9.972795612301660340e-01 9.972660499391712285e-01 1.399049990900846376e-04
1.116818449663696811e-01 9.971597466752326611e-01 9.972659650117799979e-01 1.399049990900846376e-04
1.117238464066758752e-01 9.974056875003869393e-01 9.972658813988783955e-01 1.399049990900846376e-04
1.117658478615339845e-01 9.974762198637744381e-01 9.972657991087984231e-01 1.399114367105201186e-04
1.118078492945642211e-01 9.972425213581032066e-01 9.972657181500512724e-01 1.399103531344293391e-04
1.118498507494223304e-01 9.971235832559106615e-01 9.972656495404276233e-01 1.399568383604765263e-04
1.118918521897285245e-01 9.972428441548288891e-01 9.972655796153081509e-01 1.399138518447453771e-04
1.119338536300347187e-01 9.973502215092356904e-01 9.972655110463455319e-01 1.399049990900846376e-04
1.119758550776168704e-01 9.970640145739900762e-01 9.972654438418948608e-01 1.399563828167396250e-04
1.120178565179230645e-01 9.973040740814006488e-01 9.972653780104105969e-01 1.399483847420591304e-04
1.120598579655052163e-01 9.972104742337593031e-01 9.972653135603680719e-01 1.399049990900846376e-04
1.121018594058114104e-01 9.973806572452381669e-01 9.972652505003534174e-01 1.399049990900846376e-04
1.121438608533935621e-01 9.971068807212573049e-01 9.972651888389774122e-01 1.399049990900846376e-04
1.121858622936997563e-01 9.973487289305632553e-01 9.972651398038899773e-01 1.398842784497106404e-04
1.122278637485578656e-01 9.972699612334743335e-01 9.972650960509757967e-01 1.399049990900846376e-04
1.122698651815881021e-01 9.973807463610335766e-01 9.972650537792545622e-01 1.399049990900846376e-04
1.123118666364462115e-01 9.972016203043049254e-01 9.972650129976012856e-01 1.399049990900846376e-04
1.123538680767524056e-01 9.973990082008089564e-01 9.972649759440624928e-01 1.399049990900846376e-04
1.123958695170585997e-01 9.971054629935668379e-01 9.972649464734747449e-01 1.399049990900846376e-04
1.124378709646407515e-01 9.974563494467012514e-01 9.972649101798294335e-01 1.399049990900846376e-04
1.124798724049469456e-01 9.970864358758260160e-01 9.972648710030608266e-01 1.399049990900846376e-04
1.125218738525290973e-01 9.975426654722969744e-01 9.972648333593013836e-01 1.399049990900846376e-04
1.125638752928352915e-01 9.972644036992471817e-01 9.972648001081058089e-01 1.399057056259310678e-04
1.126058767404174432e-01 9.973040682906088028e-01 9.972647700128505210e-01 1.399089302825062776e-04
1.126478781807236373e-01 9.974451266331028076e-01 9.972647414816462330e-01 1.399049990900846376e-04
1.126898796355817467e-01 9.973689974181220164e-01 9.972647145240588484e-01 1.399049990900846376e-04
1.127318810686119832e-01 9.974239153791043533e-01 9.972646891497685129e-01 1.399145036835408010e-04
1.127738825161941350e-01 9.972333043420676946e-01 9.972646653684875684e-01 1.399049990900846376e-04
1.128158839637762867e-01 9.973434515019097280e-01 9.972646431900396014e-01 1.399087416634633670e-04
1.128578854040824808e-01 9.971334902828168367e-01 9.972646226243202516e-01 1.399049990900846376e-04
1.128998868516646326e-01 9.974123940287503709e-01 9.972646036812959913e-01 1.399101782351094315e-04
1.129418882919708267e-01 9.970607530810321473e-01 9.972645863710271064e-01 1.399049990900846376e-04
1.129838897395529784e-01 9.977073271500286333e-01 9.972645707036438267e-01 1.399077090556808832e-04
1.130258911798591726e-01 9.973203789755400450e-01 9.972645566893695301e-01 1.399063595766913916e-04
1.130678926347172819e-01 9.973971470517264404e-01 9.972645443384989816e-01 1.399049990900846376e-04
1.131098940677475184e-01 9.973406169473753025e-01 9.972645336614283096e-01 1.399049990900846376e-04
1.131518955226056278e-01 9.973428818765757153e-01 9.972645246686177023e-01 1.399049990900846376e-04
1.131938969556358643e-01 9.974582294099711977e-01 9.972645173706329302e-01 1.399049990900846376e-04
1.132358984032180160e-01 9.975216015370215183e-01 9.972645117781111512e-01 1.399124722029599862e-04
1.132778998508001678e-01 9.972191173785204255e-01 9.972645079017864456e-01 1.399049990900846376e-04
1.133199012838304043e-01 9.973563007208431364e-01 9.972645057524791579e-01 1.399049990900846376e-04
1.133619027386885136e-01 9.973341797349509763e-01 9.972645053410967853e-01 1.399596982382725048e-04
1.134039041789947078e-01 9.974805567899730496e-01 9.972645066786406387e-01 1.399098622246399575e-04
1.134459056265768595e-01 9.972020495166161735e-01 9.972645181532013847e-01 1.399523730151603089e-04
1.134879070668830536e-01 9.974664474451155893e-01 9.972645353161649906e-01 1.399049990900846376e-04
1.135299085217411630e-01 9.973590226280031334e-01 9.972645543310796334e-01 1.399049990900846376e-04
1.135719099547713995e-01 9.975985241066435139e-01 9.972645722735401508e-01 1.399049990900846376e-04
1.136139114023535512e-01 9.975500789696103432e-01 9.972645818357259717e-01 1.399053274040318740e-04
1.136559128426597454e-01 9.975771604001335557e-01 9.972645842608338640e-01 1.399049990900846376e-04
1.136979142902418971e-01 9.973441142025147865e-01 9.972645885036922619e-01 1.399049990900846376e-04
1.137399157378240488e-01 9.973577356751641698e-01 9.972646021814340900e-01 1.399082498052880302e-04
1.137819171708542854e-01 9.974727371551169730e-01 9.972646336273299772e-01 1.399049990900846376e-04
1.138239186257123947e-01 9.973560529334434266e-01 9.972646670413407577e-01 1.399049990900846376e-04
1.138659200660185888e-01 9.973118909396475606e-01 9.972647024363557877e-01 1.399049990900846376e-04
1.139079215136007406e-01 9.972848745601693432e-01 9.972647192991360710e-01 1.399049990900846376e-04
1.139499229539069347e-01 9.970584492129248577e-01 9.972647253258468680e-01 1.399049990900846376e-04
1.139919244087650441e-01 9.970802433461823933e-01 9.972647293520011669e-01 1.399049990900846376e-04
1.140339258417952806e-01 9.972322128076925862e-01 9.972647352760920514e-01 1.399049990900846376e-04
1.140759272893774323e-01 9.970629225205761559e-01 9.972647520039409352e-01 1.399049990900846376e-04
1.141179287296836264e-01 9.972322385800098665e-01 9.972647780818387764e-01 1.399050958068648657e-04
1.141599301699898206e-01 9.971898643727225009e-01 9.972648061327945568e-01 1.399118762001049529e-04
1.142019316248479299e-01 9.972132518294285486e-01 9.972648361700371389e-01 1.399392822757505742e-04
1.142439330578781664e-01 9.970920797794396995e-01 9.972648721747839895e-01 1.399115372220074353e-04
1.142859345127362758e-01 9.973039765696786185e-01 9.972649152248868054e-01 1.399049990900846376e-04
1.143279359530424699e-01 9.971765321739042287e-01 9.972649603934831131e-01 1.399049990900846376e-04
1.143699374006246217e-01 9.971890896945689864e-01 9.972650076951555809e-01 1.399049990900846376e-04
1.144119388409308158e-01 9.970371315519794830e-01 9.972650607143037638e-01 1.399049990900846376e-04
1.144539402885129675e-01 9.973334892250029782e-01 9.972651177833156133e-01 1.399049990900846376e-04
1.144959417288191617e-01 9.971267718639910127e-01 9.972651769897844520e-01 1.399049990900846376e-04
1.145379431764013134e-01 9.971097382417928312e-01 9.972652383481256377e-01 1.399060053713092715e-04
1.145799446167075075e-01 9.972288718759337867e-01 9.972653018728400154e-01 1.399558284494985749e-04
1.146219460570137016e-01 9.972673781223934109e-01 9.972653528647085208e-01 1.399049990900846376e-04
1.146639475118718110e-01 9.972596891937380859e-01 9.972653969384241979e-01 1.399342293110710596e-04
1.147059489449020475e-01 9.973232800356353067e-01 9.972654430905293355e-01 1.399049990900846376e-04
1.147479503997601569e-01 9.969941682136963523e-01 9.972654913353109496e-01 1.399049990900846376e-04
1.147899518400663510e-01 9.972131112722952828e-01 9.972655416870946921e-01 1.399284088401762515e-04
1.148319532876485027e-01 9.972558816255533420e-01 9.972655941604018359e-01 1.399049990900846376e-04
1.148739547279546969e-01 9.971589829361826585e-01 9.972656487698419170e-01 1.399049990900846376e-04
1.149159561755368486e-01 9.970838794764140811e-01 9.972657055301936690e-01 1.399049990900846376e-04
1.149579576158430427e-01 9.969651121215711287e-01 9.972657644563311941e-01 1.398876237387062984e-04
1.149999590561492369e-01 9.972393007555547806e-01 9.972658255632942392e-01 1.399049990900846376e-04
1.150419605037313886e-01 9.968672926527304412e-01 9.972658888662609966e-01 1.399898583352366310e-04
1.150839619440375827e-01 9.975056023608707134e-01 9.972659543805160176e-01 1.399049990900846376e-04
1.151259633988956921e-01 9.971662190464000153e-01 9.972660277925210481e-01 1.399049990900846376e-04
1.151679648319259286e-01 9.970967245840025583e-01 9.972661074432891404e-01 1.399049990900846376e-04
1.152099662867840379e-01 9.973746748550493813e-01 9.972661894352194967e-01 1.399063930795874870e-04
1.152519677270902321e-01 9.972543554982470360e-01 9.972662737847598491e-01 1.399049990900846376e-04
1.152939691673964262e-01 9.973007097733100901e-01 9.972663493730014039e-01 1.399123449010040629e-04
1.153359706149785779e-01 9.970461628394939879e-01 9.972664254547947138e-01 1.399049990900846376e-04
1.153779720552847721e-01 9.972285766479159763e-01 9.972665039411618970e-01 1.399106107117461552e-04
1.154199735028669238e-01 9.970066258101234480e-01 9.972665848497070940e-01 1.399049990900846376e-04
1.154619749431731179e-01 9.972050489693570219e-01 9.972666681981444681e-01 1.399049990900846376e-04
1.155039763907552697e-01 9.972252690844144452e-01 9.972667540044127810e-01 1.399049990900846376e-04
1.155459778310614638e-01 9.970550568879010811e-01 9.972668422865615945e-01 1.399049990900846376e-04
1.155879792859195732e-01 9.971187823902966096e-01 9.972669330628877171e-01 1.399495591525072254e-04
1.156299807189498097e-01 9.974602834925836436e-01 9.972670263517366962e-01 1.399049990900846376e-04
1.156719821738079190e-01 9.971499008237717510e-01 9.972671221718057977e-01 1.399177840216091727e-04
1.157139836141141132e-01 9.968429327303942600e-01 9.972672205417913993e-01 1.399049990900846376e-04
1.157559850544203073e-01 9.971148660053119617e-01 9.972673214806850872e-01 1.399049990900846376e-04
1.157979865020024590e-01 9.972407703341371610e-01 9.972674250076474234e-01 1.399049990900846376e-04
1.158399879350326955e-01 9.973705856639547562e-01 9.972675311419506583e-01 1.399049990900846376e-04
1.158819893898908049e-01 9.972258173372590129e-01 9.972676399032019967e-01 1.399049990900846376e-04
1.159239908301969990e-01 9.971810992215208724e-01 9.972677513110134173e-01 1.399049990900846376e-04
1.159659922777791508e-01 9.973399961591155050e-01 9.972678653853384034e-01 1.399049990900846376e-04
1.160079937180853449e-01 9.973243108021923042e-01 9.972679821462303584e-01 1.400384080053623955e-04
1.160499951729434542e-01 9.972554392343406793e-01 9.972681016140405585e-01 1.399049990900846376e-04
1.160919966059736907e-01 9.973477736956015693e-01 9.972682238091548079e-01 1.399049990900846376e-04
1.161339980535558425e-01 9.972461186832735081e-01 9.972683487523714696e-01 1.399049990900846376e-04
1.161759994938620366e-01 9.973182674269656101e-01 9.972684723631841663e-01 1.399049990900846376e-04
1.162180009414441884e-01 9.971406770995282498e-01 9.972685941005333676e-01 1.399248038336439997e-04
1.162600023890263401e-01 9.974302061899946725e-01 9.972687205315093895e-01 1.399049990900846376e-04
1.163020038220565766e-01 9.970846317338797338e-01 9.972688681328174543e-01 1.399049990900846376e-04
1.163440052769146860e-01 9.973537360152096021e-01 9.972690184256324253e-01 1.400011910041909014e-04
1.163860067172208801e-01 9.973597971853290778e-01 9.972691714295162102e-01 1.399049990900846376e-04
1.164280081648030318e-01 9.971652639869033052e-01 9.972693271644397228e-01 1.399049990900846376e-04
1.164700096051092260e-01 9.971071240989622941e-01 9.972694856504430438e-01 1.399049990900846376e-04
1.165120110526913777e-01 9.974379156289707726e-01 9.972696469078804471e-01 1.399407677934746779e-04
1.165540124929975718e-01 9.974336705582220741e-01 9.972698109572047942e-01 1.399049990900846376e-04
1.165960139405797236e-01 9.973801911819872856e-01 9.972699778191917996e-01 1.399049990900846376e-04
1.166380153808859177e-01 9.972478186742245176e-01 9.972701475147173200e-01 1.399086897697342528e-04
1.166800168211921118e-01 9.970194427155004702e-01 9.972703200649609689e-01 1.399049990900846376e-04
1.167220182760502212e-01 9.970953439358603010e-01 9.972704875566664739e-01 1.399180490996759286e-04
1.167640197090804577e-01 9.971145464361585997e-01 9.972706466538467929e-01 1.399049990900846376e-04
1.168060211639385670e-01 9.973158519363546359e-01 9.972708086212078715e-01 1.399157083898770629e-04
1.168480225969688036e-01 9.970432788513066136e-01 9.972709734806304294e-01 1.399078223139671505e-04
1.168900240518269129e-01 9.972533067580752197e-01 9.972711412545693932e-01 1.399049990900846376e-04
1.169320254921331070e-01 9.971712080566557113e-01 9.972713119653995317e-01 1.399113442783138611e-04
1.169740269324393012e-01 9.969547494711553659e-01 9.972714856359385927e-01 1.399049990900846376e-04
1.170160283800214529e-01 9.971439460019527745e-01 9.972716622892212612e-01 1.399049990900846376e-04
1.170580298276036046e-01 9.970142513925847050e-01 9.972718419484689623e-01 1.399049990900846376e-04
1.171000312679097988e-01 9.972277396353501633e-01 9.972720246371520325e-01 1.399049990900846376e-04
1.171420327082159929e-01 9.973050652560473406e-01 9.972722103790579995e-01 1.399049990900846376e-04
1.171840341557981446e-01 9.971197695300143549e-01 9.972723991982356262e-01 1.399049990900846376e-04
1.172260355961043388e-01 9.970653129005730975e-01 9.972725911188968784e-01 1.399049990900846376e-04
1.172680370509624481e-01 9.972930972127416194e-01 9.972727861656868198e-01 1.399049990900846376e-04
1.173100384839926846e-01 9.970890145321159581e-01 9.972729843632498481e-01 1.399049990900846376e-04
1.173520399388507940e-01 9.972931241670142111e-01 9.972732055848951838e-01 1.399049990900846376e-04
1.173940413718810305e-01 9.973692383959736896e-01 9.972734332339068253e-01 1.399049990900846376e-04
1.174360428194631822e-01 9.974759198545469774e-01 9.972736644224212688e-01 1.399049990900846376e-04
1.174780442670453340e-01 9.971740794212943237e-01 9.972738991794355412e-01 1.399699357097479533e-04
1.175200457000755705e-01 9.971187776388422686e-01 9.972741375342676351e-01 1.399409927463134509e-04
1.175620471549336798e-01 9.973815583620537772e-01 9.972743795168576009e-01 1.399979547429542866e-04
1.176040485952398740e-01 9.971779618716707372e-01 9.972746251570659970e-01 1.399049990900846376e-04
1.176460500428220257e-01 9.969571235752051619e-01 9.972748744854308400e-01 1.399049990900846376e-04
1.176880514831282198e-01 9.973947426081977152e-01 9.972751275326235954e-01 1.399049990900846376e-04
1.177300529307103716e-01 9.972312939974621315e-01 9.972753843298426402e-01 1.399049990900846376e-04
1.177720543710165657e-01 9.973100285768927709e-01 9.972756449084689834e-01 1.399049990900846376e-04
1.178140558185987175e-01 9.974524121085592832e-01 9.972759093004255337e-01 1.399049990900846376e-04
1.178560572589049116e-01 9.973846698988709791e-01 9.972761775378233828e-01 1.399055871211572842e-04
1.178980587064870633e-01 9.971960443159723075e-01 9.972764657331483207e-01 1.399343666903736549e-04
1.179400601540692151e-01 9.971650936550092714e-01 9.972767620030625890e-01 1.399049990900846376e-04
1.179820615870994516e-01 9.973529475028132252e-01 9.972770623343421015e-01 1.399049990900846376e-04
1.180240630419575609e-01 9.971702339395249748e-01 9.972773667618454185e-01 1.399049990900846376e-04
1.180660644749877974e-01 9.971249765101461993e-01 9.972776753202654554e-01 1.399049990900846376e-04
1.181080659298459068e-01 9.972703838165626333e-01 9.972779880453510604e-01 1.399049990900846376e-04
1.181500673701521009e-01 9.973366390389032388e-01 9.972783049726869908e-01 1.399049990900846376e-04
1.181920688177342527e-01 9.972412903160673414e-01 9.972786261387243112e-01 1.399049990900846376e-04
1.182340702580404468e-01 9.973671920662142698e-01 9.972789515800802862e-01 1.399064669117319325e-04
1.182760717056225985e-01 9.973124449110163381e-01 9.972792813340435325e-01 1.399737143967021917e-04
1.183180731459287927e-01 9.973019553109293556e-01 9.972796154381315947e-01 1.399049990900846376e-04
1.183600745862349868e-01 9.973261163842396249e-01 9.972799539304959549e-01 1.399049990900846376e-04
1.184020760338171385e-01 9.971555031576155859e-01 9.972802968497629372e-01 1.399049990900846376e-04
1.184440774741233326e-01 9.973628709308700602e-01 9.972806334511072901e-01 1.399049990900846376e-04
1.184860789289814420e-01 9.972651590271094380e-01 9.972809635515833548e-01 1.399049990900846376e-04
1.185280803620116785e-01 9.973790804874371752e-01 9.972812978904216363e-01 1.399049990900846376e-04
1.185700818168697879e-01 9.975741229568650947e-01 9.972816365051770937e-01 1.399414135730835292e-04
1.186120832499000244e-01 9.972741406211600435e-01 9.972819794331767573e-01 1.399608165052546385e-04
1.186540846974821761e-01 9.972193126567707733e-01 9.972823267128752001e-01 1.399049990900846376e-04
1.186960861450643279e-01 9.975230362595458589e-01 9.972826783828010466e-01 1.400237358331039459e-04
1.187380875853705220e-01 9.972305701779597964e-01 9.972830344820364790e-01 1.399093933984503631e-04
1.187800890329526737e-01 9.974869485436346217e-01 9.972833950503540157e-01 1.399049990900846376e-04
1.188220904732588679e-01 9.971923886000543247e-01 9.972837601277942943e-01 1.399049990900846376e-04
1.188640919208410196e-01 9.973145407313253052e-01 9.972841297551723327e-01 1.399049990900846376e-04
1.189060933611472137e-01 9.974979525002993785e-01 9.972845039735833694e-01 1.399049990900846376e-04
1.189480948087293655e-01 9.974077871838943343e-01 9.972848828249248898e-01 1.399049990900846376e-04
1.189900962490355596e-01 9.973660485975318624e-01 9.972852663513863680e-01 1.399049990900846376e-04
1.190320977038936689e-01 9.973044580056067421e-01 9.972856331619532888e-01 1.399049990900846376e-04
1.190740991369239055e-01 9.974268365480082332e-01 9.972859970924025097e-01 1.399049990900846376e-04
1.191161005845060572e-01 9.972168238005443275e-01 9.972863964217513200e-01 1.399049990900846376e-04
1.191581020248122513e-01 9.971908575975978462e-01 9.972868036275364112e-01 1.399663286180060924e-04
1.192001034651184455e-01 9.972448890098168928e-01 9.972872159926960967e-01 1.399049990900846376e-04
1.192421049199765548e-01 9.970453978705370313e-01 9.972876335664697667e-01 1.399049990900846376e-04
1.192841063530067913e-01 9.974102658202078642e-01 9.972880563982586821e-01 1.399049990900846376e-04
1.193261078078649007e-01 9.974844037129197982e-01 9.972884845389486941e-01 1.399049990900846376e-04
1.193681092408951372e-01 9.972934710929360902e-01 9.972889180392375819e-01 1.399098139169394528e-04
1.194101106957532465e-01 9.972441820453503691e-01 9.972893950977544941e-01 1.399049990900846376e-04
1.194521121360594407e-01 9.973607825153438800e-01 9.972898820363752526e-01 1.399049990900846376e-04
1.194941135763656348e-01 9.973167513316997246e-01 9.972903747009692621e-01 1.399049990900846376e-04
1.195361150239477865e-01 9.974754402158382272e-01 9.972908731473794086e-01 1.399049990900846376e-04
1.195781164715299383e-01 9.970979953511628358e-01 9.972913774320693037e-01 1.399049990900846376e-04
1.196201179118361324e-01 9.972626040912752066e-01 9.972918876123071374e-01 1.399049990900846376e-04
1.196621193521423265e-01 9.971623871766153169e-01 9.972924037463627434e-01 1.399049990900846376e-04
1.197041207997244783e-01 9.971910065675959611e-01 9.972929139706619983e-01 1.399049990900846376e-04
1.197461222400306724e-01 9.970726066206447857e-01 9.972933942268089602e-01 1.399049990900846376e-04
1.197881236948887818e-01 9.972829207604163582e-01 9.972938463004742404e-01 1.399049990900846376e-04
1.198301251279190183e-01 9.969270314152591794e-01 9.972943013849427940e-01 1.399060407478432220e-04
1.198721265827771276e-01 9.974561778090982322e-01 9.972947620595007390e-01 1.399049990900846376e-04
1.199141280158073641e-01 9.974743446987034412e-01 9.972952283805806006e-01 1.399049990900846376e-04
1.199561294633895159e-01 9.972133418852109354e-01 9.972957004063557340e-01 1.399049990900846376e-04
1.199981309109716676e-01 9.973582876527790075e-01 9.972961781953144644e-01 1.399124692159875005e-04
1.200401323440019041e-01 9.970661532905802371e-01 9.972966618068326294e-01 1.399049990900846376e-04
1.200821337988600135e-01 9.973040251447899962e-01 9.972971513017911960e-01 1.399140872858030589e-04
1.201241352318902500e-01 9.972120114083602438e-01 9.972976467410777923e-01 1.399049990900846376e-04
1.201661366867483594e-01 9.970363307334962899e-01 9.972981481875601295e-01 1.399145416605365082e-04
1.202081381270545535e-01 9.972214250097182209e-01 9.972986557041356726e-01 1.399049990900846376e-04
1.202501395746367052e-01 9.972975254426903469e-01 9.972991693553955317e-01 1.399049990900846376e-04
1.202921410149428993e-01 9.973146609364050841e-01 9.972996892065124630e-01 1.399049990900846376e-04
1.203341424625250511e-01 9.973789680488610587e-01 9.973002153240622114e-01 1.399049990900846376e-04
1.203761439028312452e-01 9.974247111954849254e-01 9.973007875703383540e-01 1.399049990900846376e-04
1.204181453504133970e-01 9.972060663219722842e-01 9.973013841896731790e-01 1.399049990900846376e-04
1.204601467907195911e-01 9.974977740515008628e-01 9.973019877249225118e-01 1.399793375352272355e-04
1.205021482310257852e-01 9.971364708145026290e-01 9.973025982513865628e-01 1.399189420237637613e-04
1.205441496858838946e-01 9.973178799126825034e-01 9.973032158457110219e-01 1.399049990900846376e-04
1.205861511189141311e-01 9.973153969644963368e-01 9.973038405850496169e-01 1.399052131924017033e-04
1.206281525737722404e-01 9.972356565198672307e-01 9.973044725490325391e-01 1.399049990900846376e-04
1.206701540068024769e-01 9.971722567003016291e-01 9.973051118173056340e-01 1.399049990900846376e-04
1.207121554616605863e-01 9.971539132027501529e-01 9.973057584721877200e-01 1.399049990900846376e-04
1.207541569019667804e-01 9.971046556373087677e-01 9.973064125961598192e-01 1.399089889519303329e-04
1.207961583422729746e-01 9.972702851076543640e-01 9.973070742739021943e-01 1.399049990900846376e-04
1.208381597898551263e-01 9.973944862229834341e-01 9.973077435914420308e-01 1.399049990900846376e-04
1.208801612228853628e-01 9.975112911259219617e-01 9.973083983518582496e-01 1.399049990900846376e-04
1.209221626777434722e-01 9.970727368685172731e-01 9.973090422607429062e-01 1.399049990900846376e-04
1.209641641180496663e-01 9.971488400415799980e-01 9.973096936062286755e-01 1.399049990900846376e-04
1.210061655656318180e-01 9.973047142425734979e-01 9.973103524751101290e-01 1.400216070626182120e-04
1.210481670059380122e-01 9.971358629855000544e-01 9.973110189551711580e-01 1.399049990900846376e-04
1.210901684535201639e-01 9.973704512822957335e-01 9.973116931362493442e-01 1.399049990900846376e-04
1.211321698938263580e-01 9.973242176589680597e-01 9.973123751093539990e-01 1.399185932165789383e-04
1.211741713414085098e-01 9.974171524051859139e-01 9.973130649676424930e-01 1.399049990900846376e-04
1.212161727817147039e-01 9.971671852969924421e-01 9.973137301989912773e-01 1.399049990900846376e-04
1.212581742292968556e-01 9.973646553673557458e-01 9.973143971045619338e-01 1.399049990900846376e-04
1.213001756696030498e-01 9.972933960142176257e-01 9.973150967629752506e-01 1.399366867788668322e-04
1.213421771099092439e-01 9.974297013591563177e-01 9.973158047198155129e-01 1.399109439927938260e-04
1.213841785647673532e-01 9.973461941960343191e-01 9.973165210783678791e-01 1.399049990900846376e-04
1.214261799977975897e-01 9.972810719074770569e-01 9.973172459430398318e-01 1.399049990900846376e-04
1.214681814526556991e-01 9.972693519864400669e-01 9.973179794216625593e-01 1.399055715485047688e-04
1.215101828929618932e-01 9.972274254752198086e-01 9.973187216227881180e-01 1.399049990900846376e-04
1.215521843405440450e-01 9.973493491419748169e-01 9.973194726581511294e-01 1.399051052533436482e-04
1.215941857808502391e-01 9.974067674762721047e-01 9.973202708866596433e-01 1.399049990900846376e-04
1.216361872211564332e-01 9.975977471838551880e-01 9.973211296013991811e-01 1.399092993819321597e-04
1.216781886687385850e-01 9.973052738483112467e-01 9.973219960413155505e-01 1.399049990900846376e-04
1.217201901090447791e-01 9.971721808508181573e-01 9.973228338560125028e-01 1.399049990900846376e-04
1.217621915566269308e-01 9.973725045899066721e-01 9.973236814142820705e-01 1.399049990900846376e-04
1.218041929969331250e-01 9.971606297121523577e-01 9.973245388444090809e-01 1.399347875986476286e-04
1.218461944445152767e-01 9.972066778778753138e-01 9.973253479140806732e-01 1.399085982846959037e-04
1.218881958848214708e-01 9.974043606564167996e-01 9.973262149204330518e-01 1.399049990900846376e-04
1.219301973396795802e-01 9.970960195765217193e-01 9.973270921688051072e-01 1.399049990900846376e-04
1.219721987727098167e-01 9.971988809057567016e-01 9.973280413633940356e-01 1.399047194984418311e-04
1.220142002202919684e-01 9.971049153114383001e-01 9.973290046163908462e-01 1.399049990900846376e-04
1.220562016605981626e-01 9.971450140674688045e-01 9.973299499268208912e-01 1.399095584876715466e-04
1.220982031081803143e-01 9.971897193767013112e-01 9.973308840276130516e-01 1.399049990900846376e-04
1.221402045557624660e-01 9.972915833383355633e-01 9.973318293130446488e-01 1.399049990900846376e-04
1.221822059887927026e-01 9.973341703067094555e-01 9.973327859428925413e-01 1.399152524681068635e-04
1.222242074436508119e-01 9.973960860787970395e-01 9.973337540817754920e-01 1.399250588110848264e-04
1.222662088766810484e-01 9.974201489849098268e-01 9.973347338962754716e-01 1.399130174361255688e-04
1.223082103315391578e-01 9.971404185760304184e-01 9.973357255589292425e-01 1.399049990900846376e-04
1.223502117718453519e-01 9.974055272096316038e-01 9.973367496984166802e-01 1.399049990900846376e-04
1.223922132194275036e-01 9.974820020879835436e-01 9.973377986631818404e-01 1.399049990900846376e-04
1.224342146597336978e-01 9.973462015108467416e-01 9.973388605146643604e-01 1.399049990900846376e-04
1.224762161000398919e-01 9.974830493807370635e-01 9.973399354492692437e-01 1.399049990900846376e-04
1.225182175476220436e-01 9.973194030385106323e-01 9.973410236682291874e-01 1.399049990900846376e-04
1.225602189879282378e-01 9.975051229166933542e-01 9.973421253771990180e-01 1.399049990900846376e-04
1.226022204355103895e-01 9.972679862859898936e-01 9.973431937578129958e-01 1.399049990900846376e-04
1.226442218758165836e-01 9.974007251502449156e-01 9.973442646013646051e-01 1.399049990900846376e-04
1.226862233233987354e-01 9.971531295658763172e-01 9.973453488920298593e-01 1.399049990900846376e-04
1.227282247637049295e-01 9.975233271689342152e-01 9.973464711117870918e-01 1.399049990900846376e-04
1.227702262185630389e-01 9.971030983798969682e-01 9.973476351430966558e-01 1.399049990900846376e-04
1.228122276515932754e-01 9.973850925330414174e-01 9.973488215326490325e-01 1.399049990900846376e-04
1.228542290991754271e-01 9.973015997586015535e-01 9.973499928309396134e-01 1.399061003847820554e-04
1.228962305394816212e-01 9.973586415424510188e-01 9.973512066875412918e-01 1.399049990900846376e-04
1.229382319870637730e-01 9.972394336286477534e-01 9.973524300154493760e-01 1.399120814072572761e-04
1.229802334346459247e-01 9.974245716813104901e-01 9.973536674575580463e-01 1.399049990900846376e-04
1.230222348676761612e-01 9.971683229428374151e-01 9.973549165008278594e-01 1.399049990900846376e-04
1.230642363225342706e-01 9.970450096326621825e-01 9.973561582734762343e-01 1.399070183143762071e-04
1.231062377555645071e-01 9.973721748837992562e-01 9.973574161843226094e-01 1.399049990900846376e-04
1.231482392104226165e-01 9.971730695142616563e-01 9.973586959426147258e-01 1.399049990900846376e-04
1.231902406507288106e-01 9.971706887782726403e-01 9.973599815916459610e-01 1.399049990900846376e-04
1.232322420910350047e-01 9.972057372611768944e-01 9.973612896936903116e-01 1.399049990900846376e-04
1.232742435386171564e-01 9.970821031217589336e-01 9.973626151480603497e-01 1.399049990900846376e-04
1.233162449789233506e-01 9.973106138086974548e-01 9.973639370388309722e-01 1.399049990900846376e-04
1.233582464265055023e-01 9.973493134140781757e-01 9.973652581973029285e-01 1.399049990900846376e-04
1.234002478595357388e-01 9.974853229287050649e-01 9.973665972896720300e-01 1.399049990900846376e-04
1.234422493143938482e-01 9.971503280200902930e-01 9.973679546682835406e-01 1.399120932884763207e-04
1.234842507547000423e-01 9.974390248243074630e-01 9.973693306947780668e-01 1.399049990900846376e-04
1.235262522022821940e-01 9.973571829247707132e-01 9.973707257448763963e-01 1.399049990900846376e-04
1.235682536425883882e-01 9.974702279156316687e-01 9.973721402059130270e-01 1.399164483661103188e-04
1.236102550901705399e-01 9.974842838086898089e-01 9.973735744796489167e-01 1.399049990900846376e-04
1.236522565304767340e-01 9.976655602451037774e-01 9.973750289810011660e-01 1.399049990900846376e-04
1.236942579780588858e-01 9.973538286730693203e-01 9.973765041407698373e-01 1.399049990900846376e-04
1.237362594183650799e-01 9.971672690553126106e-01 9.973780004044100478e-01 1.399049990900846376e-04
1.237782608659472317e-01 9.973152557974737098e-01 9.973795182349197708e-01 1.399049990900846376e-04
1.238202623062534258e-01 9.972019635438335028e-01 9.973810581116725471e-01 1.399049990900846376e-04
1.238622637465596199e-01 9.975627256724330927e-01 9.973826620843211366e-01 1.399049990900846376e-04
1.239042652014177293e-01 9.973407913861559448e-01 9.973842917315245415e-01 1.399049990900846376e-04
1.239462666344479658e-01 9.975526837588947204e-01 9.973859212557211196e-01 1.399049990900846376e-04
1.239882680893060751e-01 9.975212733844776025e-01 9.973875714672446602e-01 1.399049990900846376e-04
1.240302695223363116e-01 9.974640526265824425e-01 9.973892246789370919e-01 1.399185288419921140e-04
1.240722709699184634e-01 9.973629437738783521e-01 9.973908981753403236e-01 1.399049990900846376e-04
1.241142724175006151e-01 9.974866940171239760e-01 9.973926016387903992e-01 1.399251968292629844e-04
1.241562738578068092e-01 9.971081858347898841e-01 9.973943344012384804e-01 1.399049990900846376e-04
1.241982753053889610e-01 9.973773410068885736e-01 9.973961054254654179e-01 1.399049990900846376e-04
1.242402767384191975e-01 9.973294192738653141e-01 9.973979544644341333e-01 1.399049990900846376e-04
1.242822781932773069e-01 9.973909534019992362e-01 9.973998335315844566e-01 1.399049990900846376e-04
1.243242796335835010e-01 9.972151366456789567e-01 9.974017434517696845e-01 1.399053169800042119e-04
1.243662810811656527e-01 9.973074379348053631e-01 9.974036850924365982e-01 1.399559397702516462e-04
1.244082825214718468e-01 9.971708796205064340e-01 9.974056593622386835e-01 1.399049990900846376e-04
1.244502839690539986e-01 9.972576051987681600e-01 9.974076672172041969e-01 1.399049990900846376e-04
1.244922854093601927e-01 9.973041888170752767e-01 9.974097096614766844e-01 1.399049990900846376e-04
1.245342868569423445e-01 9.973478957801508171e-01 9.974117877539298016e-01 1.399049990900846376e-04
1.245762882972485386e-01 9.973491690272747734e-01 9.974139026095901750e-01 1.399049990900846376e-04
1.246182897448306903e-01 9.974411261695936837e-01 9.974160554072396545e-01 1.399049990900846376e-04
1.246602911851368845e-01 9.971625371103144397e-01 9.974182446566384197e-01 1.399087767653672267e-04
1.247022926254430786e-01 9.974119641380171375e-01 9.974204213069863822e-01 1.399049990900846376e-04
1.247442940730252303e-01 9.974876202318256890e-01 9.974226309669512736e-01 1.399049990900846376e-04
1.247862955133314244e-01 9.973853544742578014e-01 9.974248640879004313e-01 1.399049990900846376e-04
1.248282969681895338e-01 9.971700641483781657e-01 9.974271395397815709e-01 1.399049990900846376e-04
1.248702984012197703e-01 9.973695201680830014e-01 9.974294588630915337e-01 1.399049990900846376e-04
1.249122998488019221e-01 9.974290500996928488e-01 9.974318237060383341e-01 1.399049990900846376e-04
1.249543012891081162e-01 9.971741228473209873e-01 9.974342358286369947e-01 1.399049990900846376e-04
1.249963027366902679e-01 9.974159257816033186e-01 9.974367588113972616e-01 1.399049990900846376e-04
1.250383041842724197e-01 9.973044486540124653e-01 9.974393441535451821e-01 1.399049990900846376e-04
1.250803056173026562e-01 9.971857915175827980e-01 9.974419850286515565e-01 1.399049990900846376e-04
1.251223070721607655e-01 9.975579496357572795e-01 9.974446839363786399e-01 1.399049990900846376e-04
1.251643085051910020e-01 9.972615287995618694e-01 9.974474349556745612e-01 1.399192825460819764e-04
1.252063099600491114e-01 9.972566857133038365e-01 9.974502586276157157e-01 1.399744697902583835e-04
1.252483114003553055e-01 9.974764670893506713e-01 9.974531523163661095e-01 1.399191188206220832e-04
1.252903128479374573e-01 9.971842627441772633e-01 9.974560766939940537e-01 1.399191188206220832e-04
1.253323142882436514e-01 9.973727308947970549e-01 9.974590474898709092e-01 1.399191188206220832e-04
1.253743157285498455e-01 9.972029655493195310e-01 9.974620997901567643e-01 1.399191188206220832e-04
1.254163171761319973e-01 9.971924162165677341e-01 9.974652716444318834e-01 1.399191188206220832e-04
1.254583186164381914e-01 9.972449842460654468e-01 9.974685367630015120e-01 1.399191188206220832e-04
1.255003200640203431e-01 9.972937322322035225e-01 9.974719031498127109e-01 1.399191188206220832e-04
1.255423215043265373e-01 9.975031870515943533e-01 9.974753805295827336e-01 1.399191188206220832e-04
1.255843229519086890e-01 9.973577323267094341e-01 9.974789809782905747e-01 1.399191188206220832e-04
1.256263243922148831e-01 9.975399166219017788e-01 9.974827198436126974e-01 1.399866023961277559e-04
1.256683258397970349e-01 9.973263315201499335e-01 9.974866171672643889e-01 1.399191188206220832e-04
1.257103272801032290e-01 9.973759796024882496e-01 9.974921434012798960e-01 1.399202325616758923e-04
1.257523287276853807e-01 9.974296554907262635e-01 9.974997724962229029e-01 1.399205909158529810e-04
1.257943301679915749e-01 9.973363301367056399e-01 9.975082511807403796e-01 1.399191188206220832e-04
1.258363316155737266e-01 9.973342747090006011e-01 9.975206965588698793e-01 1.399191188206220832e-04
1.258783330558799207e-01 9.975054405447393302e-01 9.975367722593256881e-01 1.399384942839383651e-04
1.259203344961861148e-01 9.972676321516362741e-01 9.975565579823556517e-01 1.399191188206220832e-04
1.259623359437682666e-01 9.976250748900379328e-01 9.975762920740163242e-01 1.399191188206220832e-04
1.260043373840744607e-01 9.973149278171650201e-01 9.975993198519962357e-01 1.399191188206220832e-04
1.260463388389325701e-01 9.974754693780855108e-01 9.976253166468389555e-01 1.399191188206220832e-04
1.260883402719628066e-01 9.973982553023137410e-01 9.976517864446584616e-01 1.399191188206220832e-04
1.261303417268209159e-01 9.977849550180657445e-01 9.976798326406152162e-01 1.399195980231640157e-04
1.261723431598511524e-01 9.975754273519631399e-01 9.977085041730506809e-01 1.399191188206220832e-04
1.262143446074333042e-01 9.977924773468977993e-01 9.977362920869422558e-01 1.399201723526053614e-04
1.262563460550154559e-01 9.976988355838715128e-01 9.977651877552466964e-01 1.399678913503110353e-04
1.262983474953216501e-01 9.982379654441564387e-01 9.977957262468523103e-01 1.399407767501711192e-04
1.263403489429038018e-01 9.976881696286309387e-01 9.978269698861736980e-01 1.399257447319010930e-04
1.263823503759340383e-01 9.979502411691707486e-01 9.978589435482594361e-01 1.399191188206220832e-04
1.264243518307921477e-01 9.979603694097017863e-01 9.978916031710804990e-01 1.398425786740958041e-04
1.264663532638223842e-01 9.981145128484880669e-01 9.979251818878334124e-01 1.399191188206220832e-04
1.265083547186804935e-01 9.978872560158847937e-01 9.979590777607451058e-01 1.399191188206220832e-04
1.265503561589866877e-01 9.980522055917646629e-01 9.979942021903350780e-01 1.399191188206220832e-04
1.265923575992928818e-01 9.979742423250332894e-01 9.980281664016625864e-01 1.399191188206220832e-04
1.266343590468750335e-01 9.981091853653286661e-01 9.980628980214710788e-01 1.399191188206220832e-04
1.266763604871812277e-01 9.978748451393008034e-01 9.980973855883392698e-01 1.399444256201022325e-04
1.267183619347633794e-01 9.981770459209914348e-01 9.981316639909744159e-01 1.399191188206220832e-04
1.267603633750695735e-01 9.982005606722038626e-01 9.981663249862274823e-01 1.399191188206220832e-04
1.268023648226517253e-01 9.982443485636247615e-01 9.982013517829588789e-01 1.399191188206220832e-04
1.268443662629579194e-01 9.983600674617200132e-01 9.982371221476464829e-01 1.399245770092387127e-04
1.268863677105400711e-01 9.982831107712720753e-01 9.982732197551306141e-01 1.399191188206220832e-04
1.269283691508462653e-01 9.984829969137782868e-01 9.983090103558346362e-01 1.399191188206220832e-04
1.269703705984284170e-01 9.984170127625031643e-01 9.983443374754332744e-01 1.399246754263627182e-04
1.270123720387346111e-01 9.983032576916135437e-01 9.983806346011848687e-01 1.399191188206220832e-04
1.270543734863167629e-01 9.984946378351279295e-01 9.984163289952897591e-01 1.399272676838626286e-04
1.270963749266229570e-01 9.982947380672830828e-01 9.984517776384996823e-01 1.399191188206220832e-04
1.271383763742051087e-01 9.983317288179744953e-01 9.984862224852812940e-01 1.399270671441878102e-04
1.271803778145113029e-01 9.984908486159327357e-01 9.985211564534924866e-01 1.399191188206220832e-04
1.272223792548174970e-01 9.984559969043229621e-01 9.985558443072111157e-01 1.399191188206220832e-04
1.272643807096756063e-01 9.988160749120357229e-01 9.985907046674225018e-01 1.399191188206220832e-04
1.273063821427058429e-01 9.987138032770017659e-01 9.986251265723219417e-01 1.399191188206220832e-04
1.273483835975639522e-01 9.987743454248511066e-01 9.986587578844476898e-01 1.399191188206220832e-04
1.273903850305941887e-01 9.990186148954015577e-01 9.986920611148689675e-01 1.399191188206220832e-04
1.274323864781763405e-01 9.986201111375146988e-01 9.987254028313037324e-01 1.399191188206220832e-04
1.274743879184825346e-01 9.985485292716952399e-01 9.987578137439108161e-01 1.399191188206220832e-04
1.275163893660646863e-01 9.988446924400814497e-01 9.987894736136256890e-01 1.399191188206220832e-04
1.275583908136468381e-01 9.986706349247277403e-01 9.988212630496777766e-01 1.399639503872699147e-04
1.276003922466770746e-01 9.988941868351132181e-01 9.988525201667424191e-01 1.399191188206220832e-04
1.276423937015351839e-01 9.987576899276697784e-01 9.988825925713802345e-01 1.399419322650617323e-04
1.276843951345654204e-01 9.988307539202779806e-01 9.989116456378664965e-01 1.399191188206220832e-04
1.277263965894235298e-01 9.989422367748557186e-01 9.989397792386274233e-01 1.399191188206220832e-04
1.277683980224537663e-01 9.988260107165315427e-01 9.989676660857613744e-01 1.399191188206220832e-04
1.278103994773118757e-01 9.990973056576460953e-01 9.989945148178350776e-01 1.399521430330539248e-04
1.278524009176180698e-01 9.991093396925430081e-01 9.990204184369065876e-01 1.399191188206220832e-04
1.278944023579242639e-01 9.991278925571529523e-01 9.990457440852029691e-01 1.399191188206220832e-04
1.279364038055064157e-01 9.991686696371121501e-01 9.990697130249285296e-01 1.399191188206220832e-04
1.279784052458126098e-01 9.993717496969819480e-01 9.990925402855974635e-01 1.399191188206220832e-04
1.280204066933947615e-01 9.993950690352771948e-01 9.991143963531636807e-01 1.399191188206220832e-04
1.280624081264249980e-01 9.991547716120833256e-01 9.991348006338135468e-01 1.399191188206220832e-04
1.281044095812831074e-01 9.993432881545754043e-01 9.991534275092937012e-01 1.399191188206220832e-04
1.281464110215893015e-01 9.992245603934738485e-01 9.991707058440064682e-01 1.399191188206220832e-04
1.281884124691714533e-01 9.991231787697792965e-01 9.991858062473991664e-01 1.399191188206220832e-04
1.282304139094776474e-01 9.991922184003546592e-01 9.991977233658065893e-01 1.399191188206220832e-04
1.282724153497838415e-01 9.992687024525538364e-01 9.992069113973457428e-01 1.399191188206220832e-04
1.283144167973659933e-01 9.993513490747689687e-01 9.992101672700355319e-01 1.399191188206220832e-04
1.283564182449481450e-01 9.991560138009436542e-01 9.992107781631628383e-01 1.399191188206220832e-04
1.283984196852543391e-01 9.992917823147211553e-01 9.992109850279943251e-01 1.399204045393478231e-04
1.284404211255605333e-01 9.993219878852551696e-01 9.992107831816345875e-01 1.399191188206220832e-04
1.284824225731426850e-01 9.992868402949064421e-01 9.992106614982529944e-01 1.399191188206220832e-04
1.285244240134488791e-01 9.990148896817285795e-01 9.992103844906196075e-01 1.399191188206220832e-04
1.285664254610310309e-01 9.993534291987913321e-01 9.992101074829382590e-01 1.399191188206220832e-04
1.286084269013372250e-01 9.992925254715903094e-01 9.992098304753049831e-01 1.399191188206220832e-04
1.286504283561953343e-01 9.992258761558254765e-01 9.992095534675757840e-01 1.399191188206220832e-04
1.286924297892255709e-01 9.993931123432574504e-01 9.992092764599903587e-01 1.399191188206220832e-04
1.287344312368077226e-01 9.991956207443000171e-01 9.992089994523090102e-01 1.399191188206220832e-04
1.287764326771139167e-01 9.991532944966826646e-01 9.992087224446756233e-01 1.399191188206220832e-04
1.288184341174201109e-01 9.992801775157961197e-01 9.992084454370423474e-01 1.399261046018667885e-04
1.288604355650022626e-01 9.989654704293167153e-01 9.992081684293612209e-01 1.399191188206220832e-04
1.289024370053084567e-01 9.993919873103596085e-01 9.992078914217277230e-01 1.399191188206220832e-04
1.289444384601665661e-01 9.991389080471081430e-01 9.992076144139985239e-01 1.399191188206220832e-04
1.289864398931968026e-01 9.992663553072113070e-01 9.992073374064130986e-01 1.399191188206220832e-04
1.290284413480549119e-01 9.991940963847163459e-01 9.992070603986838995e-01 1.399191188206220832e-04
1.290704427810851485e-01 9.990466510335285211e-01 9.992067833910984742e-01 1.399191188206220832e-04
1.291124442286673002e-01 9.992513744778018792e-01 9.992065063834172367e-01 1.399464272016694979e-04
1.291544456689734943e-01 9.994745132139728483e-01 9.992062293757837388e-01 1.399191188206220832e-04
1.291964471165556461e-01 9.992762332784834722e-01 9.992059523681023903e-01 1.400234176002671080e-04
1.292384485641377978e-01 9.992322869493351911e-01 9.992056753604211528e-01 1.399213359930282852e-04
1.292804499971680343e-01 9.990059333703132927e-01 9.992053983528358385e-01 1.399191188206220832e-04
1.293224514520261437e-01 9.990122168606542230e-01 9.992051213451066394e-01 1.399486337080246769e-04
1.293644528850563802e-01 9.992757719887884749e-01 9.992048443375212141e-01 1.399191188206220832e-04
1.294064543399144895e-01 9.991011928344367687e-01 9.992045673297919040e-01 1.399191188206220832e-04
1.294484557729447260e-01 9.989718129343825304e-01 9.992042903222067007e-01 1.399191188206220832e-04
1.294904572278028354e-01 9.990972391141312858e-01 9.992040133144772796e-01 1.399191188206220832e-04
1.295324586681090295e-01 9.991248674999941848e-01 9.992037363068440037e-01 1.399191188206220832e-04
1.295744601084152237e-01 9.992061291094959108e-01 9.992034592992106168e-01 1.399191188206220832e-04
1.296164615559973754e-01 9.992636565939505555e-01 9.992031822915292683e-01 1.399191188206220832e-04
1.296584629890276119e-01 9.991511713582611476e-01 9.992029052839440650e-01 1.399191188206220832e-04
1.297004644438857213e-01 9.991727792617757231e-01 9.992026282762147549e-01 1.399191188206220832e-04
1.297424658769159578e-01 9.992735423469327749e-01 9.992023512686294406e-01 1.399191188206220832e-04
1.297844673317740671e-01 9.993423304767574677e-01 9.992020742609000195e-01 1.399227580004888259e-04
1.298264687648043036e-01 9.991365305240853534e-01 9.992017972533148162e-01 1.399191188206220832e-04
1.298684702196624130e-01 9.990366778662370661e-01 9.992015202455853951e-01 1.399191188206220832e-04
1.299104716599686071e-01 9.990375734868393032e-01 9.992012432379521192e-01 1.399191188206220832e-04
1.299524731002748013e-01 9.990161346657558950e-01 9.992009662303187323e-01 1.399191188206220832e-04
1.299944745478569530e-01 9.990337666186678289e-01 9.992006892226373838e-01 1.399191188206220832e-04
1.300364759881631471e-01 9.991729810138950674e-01 9.992004122150042189e-01 1.400218795290897973e-04
1.300784774357452989e-01 9.992492429304045132e-01 9.992001352073228704e-01 1.399191188206220832e-04
1.301204788687755354e-01 9.993527069075348601e-01 9.991998581997375561e-01 1.399191188206220832e-04
1.301624803236336447e-01 9.991064229879682568e-01 9.991995811920081350e-01 1.399191188206220832e-04
1.302044817639398389e-01 9.991449118216426672e-01 9.991993041843748591e-01 1.399191188206220832e-04
1.302464832115219906e-01 9.991504947557806604e-01 9.991990271766935106e-01 1.399191188206220832e-04
1.302884846518281847e-01 9.990772001694260274e-01 9.991987501690602347e-01 1.399191188206220832e-04
1.303304860994103365e-01 9.992543660421111529e-01 9.991984731613788862e-01 1.399191188206220832e-04
1.303724875397165306e-01 9.990163718487379274e-01 9.991981961537454993e-01 1.399233759122738246e-04
1.304144889800227247e-01 9.989740424959046017e-01 9.991979191461123344e-01 1.399191188206220832e-04
1.304564904276048765e-01 9.992658347683832654e-01 9.991976421384309859e-01 1.399192035433982682e-04
1.304984918679110706e-01 9.991377341511104015e-01 9.991973651307975990e-01 1.399240098974094545e-04
1.305404933154932223e-01 9.991994487276271153e-01 9.991970881231162505e-01 1.399191188206220832e-04
1.305824947557994165e-01 9.991365417064229648e-01 9.991968111154829746e-01 1.399300183557369035e-04
1.306244962033815682e-01 9.990973927748199035e-01 9.991965341078016261e-01 1.400235994997063311e-04
1.306664976436877623e-01 9.992926760369077455e-01 9.991962571001683502e-01 1.399237635197547670e-04
1.307084990912699141e-01 9.991179609783448212e-01 9.991959800924871127e-01 1.399191188206220832e-04
1.307505005315761082e-01 9.992068478000166731e-01 9.991957030848536148e-01 1.399992343057650831e-04
1.307925019718823023e-01 9.992167308523145497e-01 9.991954260772204499e-01 1.399191188206220832e-04
1.308345034194644541e-01 9.993332925371557485e-01 9.991951490695392124e-01 1.399191188206220832e-04
1.308765048670466058e-01 9.992741383579454295e-01 9.991948720618578639e-01 1.399191188206220832e-04
1.309185063073527999e-01 9.992383644761482220e-01 9.991945950542243660e-01 1.399191188206220832e-04
1.309605077476589940e-01 9.992579095364744202e-01 9.991943180465910901e-01 1.399210207500816566e-04
1.310025091952411458e-01 9.993308187461517056e-01 9.991940410389098526e-01 1.399191188206220832e-04
1.310445106355473399e-01 9.994470306850463670e-01 9.991937640312765767e-01 1.399221737340271710e-04
1.310865120831294917e-01 9.993377288602744990e-01 9.991934870235952282e-01 1.399191188206220832e-04
1.311285135234356858e-01 9.992379868284608779e-01 9.991932100159617303e-01 1.399191188206220832e-04
1.311705149782937951e-01 9.990951028032265535e-01 9.991929330082325311e-01 1.399191188206220832e-04
1.312125164113240317e-01 9.991690362257797942e-01 9.991926560006473279e-01 1.399191188206220832e-04
1.312545178589061834e-01 9.993259835856241891e-01 9.991923789929659794e-01 1.399266827151730657e-04
1.312965192992123775e-01 9.993756564724439739e-01 9.991921019853325925e-01 1.399191188206220832e-04
1.313385207395185716e-01 9.994341553116021792e-01 9.991918249776993166e-01 1.399191188206220832e-04
1.313805221871007234e-01 9.994277711607878478e-01 9.991915479700179681e-01 1.399191188206220832e-04
1.314225236274069175e-01 9.992665435997202250e-01 9.991912709623846922e-01 1.399231017754316376e-04
1.314645250749890693e-01 9.992261025086958126e-01 9.991909939547033437e-01 1.399191188206220832e-04
1.315065265152952634e-01 9.993430270540442084e-01 9.991907169470699568e-01 1.399191188206220832e-04
1.315485279701533727e-01 9.994093119791324087e-01 9.991904399393406466e-01 1.399191188206220832e-04
1.315905294031836092e-01 9.992267875242910602e-01 9.991901629317554434e-01 1.399191188206220832e-04
1.316325308507657610e-01 9.991552519674586907e-01 9.991898859240740949e-01 1.399191188206220832e-04
1.316745322910719551e-01 9.993254144160049757e-01 9.991896089164407080e-01 1.399738286372823764e-04
1.317165337386541069e-01 9.994098338211511168e-01 9.991893319087593595e-01 1.399191188206220832e-04
1.317585351789603010e-01 9.991111031512206475e-01 9.991890549011260836e-01 1.399191188206220832e-04
1.318005366192664951e-01 9.990470775449744600e-01 9.991887778934928077e-01 1.399191188206220832e-04
1.318425380741246045e-01 9.992831542024330771e-01 9.991885008857633865e-01 1.399191188206220832e-04
1.318845395071548410e-01 9.991183019610376803e-01 9.991882238781780723e-01 1.399315242236469803e-04
1.319265409620129503e-01 9.993278277767405626e-01 9.991879468704487621e-01 1.399687462451067502e-04
1.319685423950431868e-01 9.989979706998908249e-01 9.991876698628634479e-01 1.399230375448581138e-04
1.320105438499012962e-01 9.992793310754735092e-01 9.991873928551340267e-01 1.399191188206220832e-04
1.320525452829315327e-01 9.991932061585634406e-01 9.991871158475488235e-01 1.399191188206220832e-04
1.320945467305136845e-01 9.990034269327981997e-01 9.991868388398674750e-01 1.399192374376821864e-04
1.321365481708198786e-01 9.990226544299118938e-01 9.991865618322340881e-01 1.399191188206220832e-04
1.321785496111260727e-01 9.993864787458870413e-01 9.991862848246008122e-01 1.399191188206220832e-04
1.322205510659841821e-01 9.991421485939948610e-01 9.991860078168715020e-01 1.399191188206220832e-04
1.322625524990144186e-01 9.990158139184148745e-01 9.991857308092861878e-01 1.399191188206220832e-04
1.323045539538725279e-01 9.989742921553794730e-01 9.991854538015569887e-01 1.399191188206220832e-04
1.323465553869027644e-01 9.993831691852442800e-01 9.991851767939714524e-01 1.399191188206220832e-04
1.323885568417608738e-01 9.993909803294220850e-01 9.991848997862421422e-01 1.399191188206220832e-04
1.324305582747911103e-01 9.991739441289141377e-01 9.991846227786569390e-01 1.399191188206220832e-04
1.324725597223732620e-01 9.994016433167673963e-01 9.991843457709755905e-01 1.399191188206220832e-04
1.325145611626794562e-01 9.990869911996625996e-01 9.991840687633422036e-01 1.399191188206220832e-04
1.325565626102616079e-01 9.991278161334986585e-01 9.991837917556608550e-01 1.399199827116054634e-04
1.325985640578437597e-01 9.988572287679632344e-01 9.991835147479797286e-01 1.399191188206220832e-04
1.326405654908739962e-01 9.992674939411133606e-01 9.991832377403943033e-01 1.399191188206220832e-04
1.326825669457321055e-01 9.990985418048557998e-01 9.991829607326651042e-01 1.399191188206220832e-04
1.327245683787623420e-01 9.991805736788202941e-01 9.991826837250795679e-01 1.399191188206220832e-04
1.327665698336204514e-01 9.992224082808632835e-01 9.991824067173503687e-01 1.399191188206220832e-04
1.328085712666506879e-01 9.993319702191528764e-01 9.991821297097650545e-01 1.399284927247502889e-04
1.328505727215087973e-01 9.991375097204757694e-01 9.991818527020357443e-01 1.399191188206220832e-04
1.328925741545390338e-01 9.992000045912762252e-01 9.991815756944503191e-01 1.399233870950233210e-04
1.329345756021211855e-01 9.990202148212686817e-01 9.991812986867689705e-01 1.399502090176151057e-04
1.329765770497033373e-01 9.993365941864444935e-01 9.991810216790876220e-01 1.399191188206220832e-04
1.330185784827335738e-01 9.993168571051425086e-01 9.991807446715024188e-01 1.399815100076461820e-04
1.330605799375916831e-01 9.993889545797611795e-01 9.991804676637732197e-01 1.399191188206220832e-04
1.331025813706219196e-01 9.990632082220944898e-01 9.991801906561876834e-01 1.399211982845979059e-04
1.331445828254800290e-01 9.990656456459922063e-01 9.991799136484584842e-01 1.399191188206220832e-04
1.331865842585102655e-01 9.994205056723352021e-01 9.991796366408731700e-01 1.399191188206220832e-04
1.332285857133683749e-01 9.991757499015301303e-01 9.991793596331438598e-01 1.399221902142527754e-04
1.332705871463986114e-01 9.990309532014245431e-01 9.991790826255584346e-01 1.399251782762419129e-04
1.333125885939807631e-01 9.991732745487132972e-01 9.991788056178770860e-01 1.399191188206220832e-04
1.333545900415629148e-01 9.991573216205298369e-01 9.991785286101958485e-01 1.399282692518099137e-04
1.333965914818691090e-01 9.991548458093804097e-01 9.991782516025625727e-01 1.399191188206220832e-04
1.334385929294512607e-01 9.990692501992181063e-01 9.991779745948813352e-01 1.399191188206220832e-04
1.334805943624814972e-01 9.992474543959853905e-01 9.991776975872957989e-01 1.399494193103780295e-04
1.335225958173396066e-01 9.990651474167251411e-01 9.991774205795665997e-01 1.399191188206220832e-04
1.335645972503698431e-01 9.991307435336148624e-01 9.991771435719813965e-01 1.399443818793774858e-04
1.336065987052279525e-01 9.991111520052097239e-01 9.991768665642519753e-01 1.399191188206220832e-04
1.336486001382581890e-01 9.990064247593283264e-01 9.991765895566665501e-01 1.399191188206220832e-04
1.336906015931162983e-01 9.994799015971826961e-01 9.991763125489373509e-01 1.399191188206220832e-04
1.337326030334224924e-01 9.991813562412596994e-01 9.991760355413039640e-01 1.399191188206220832e-04
1.337746044737286866e-01 9.989315977677111213e-01 9.991757607103761707e-01 1.399236337169741824e-04
1.338166059213108383e-01 9.990925716594187822e-01 9.991754859912986841e-01 1.399191188206220832e-04
1.338586073543410748e-01 9.991250082992744197e-01 9.991752112723164547e-01 1.400144563052958401e-04
1.339006088091991842e-01 9.991408364601911396e-01 9.991749365531913396e-01 1.399191188206220832e-04
1.339426102422294207e-01 9.988829148142419623e-01 9.991746618342091102e-01 1.399191188206220832e-04
1.339846116970875300e-01 9.990711871761154272e-01 9.991743871150838840e-01 1.399191188206220832e-04
1.340266131301177666e-01 9.992500570912491442e-01 9.991741123961016546e-01 1.399191188206220832e-04
1.340686145849758759e-01 9.992706211406703343e-01 9.991738376769765395e-01 1.399191188206220832e-04
1.341106160180061124e-01 9.992988166001801620e-01 9.991735629579943101e-01 1.399191188206220832e-04
1.341526174655882642e-01 9.992763987087882604e-01 9.991732882389168235e-01 1.399191188206220832e-04
1.341946189131704159e-01 9.995272486280741830e-01 9.991730135198393370e-01 1.399191188206220832e-04
1.342366203534766100e-01 9.992255481844799503e-01 9.991727388008094790e-01 1.399191188206220832e-04
1.342786218010587618e-01 9.994404971982452368e-01 9.991724640817321035e-01 1.399292274920026203e-04
1.343206232340889983e-01 9.993238924838785397e-01 9.991721893627497630e-01 1.399191188206220832e-04
1.343626246889471076e-01 9.993858409712854662e-01 9.991719146436247589e-01 1.399191188206220832e-04
1.344046261219773442e-01 9.991077300258062177e-01 9.991716399246423075e-01 1.399281499020540325e-04
1.344466275768354535e-01 9.992372774229919541e-01 9.991713652055174144e-01 1.399191188206220832e-04
1.344886290098656900e-01 9.994488352481266658e-01 9.991710904865351850e-01 1.399275445907261428e-04
1.345306304647237994e-01 9.995589541484788398e-01 9.991708157674101809e-01 1.400295209091270959e-04
1.345726318977540359e-01 9.991823304726830113e-01 9.991705410484277294e-01 1.399191188206220832e-04
1.346146333453361876e-01 9.991133867416216452e-01 9.991702663293502429e-01 1.399191188206220832e-04
1.346566347929183394e-01 9.991962539802875520e-01 9.991699916102728674e-01 1.399191188206220832e-04
1.346986362259485759e-01 9.991378753716946282e-01 9.991697168912905269e-01 1.399191188206220832e-04
1.347406376808066852e-01 9.991822142361841408e-01 9.991694421721655228e-01 1.399199514568711484e-04
1.347826391138369218e-01 9.991591925126832585e-01 9.991691674531831824e-01 1.399191188206220832e-04
1.348246405686950311e-01 9.994478041794131462e-01 9.991688927340581783e-01 1.399191188206220832e-04
1.348666420017252676e-01 9.992664690615529199e-01 9.991686180150759489e-01 1.399191188206220832e-04
1.349086434565833770e-01 9.992522432566517399e-01 9.991683432959508337e-01 1.399191188206220832e-04
1.349506448896136135e-01 9.991382825488202002e-01 9.991680685769686043e-01 1.399191188206220832e-04
1.349926463371957652e-01 9.991813644490324942e-01 9.991677938578911178e-01 1.399191188206220832e-04
1.350346477847779170e-01 9.990752565148462994e-01 9.991675191388135202e-01 1.399191188206220832e-04
1.350766492250841111e-01 9.991253953823601153e-01 9.991672444197836622e-01 1.399191188206220832e-04
1.351186506726662628e-01 9.988444333095497507e-01 9.991669697007061757e-01 1.399212418478468613e-04
1.351606521056964993e-01 9.991056793136706693e-01 9.991666949817238352e-01 1.399191188206220832e-04
1.352026535605546087e-01 9.993641487315697569e-01 9.991664202625988311e-01 1.399539136075476941e-04
1.352446549935848452e-01 9.990783783601554502e-01 9.991661455436166017e-01 1.399313939846103839e-04
1.352866564484429546e-01 9.991014449391965035e-01 9.991658708244914866e-01 1.399191188206220832e-04
1.353286578814731911e-01 9.990649693648163687e-01 9.991655957897619400e-01 1.399191188206220832e-04
1.353706593363313004e-01 9.991296467572901019e-01 9.991653196336247600e-01 1.399191188206220832e-04
1.354126607693615369e-01 9.992929550843505648e-01 9.991650434776313539e-01 1.399191188206220832e-04
1.354546622169436887e-01 9.993390784168106888e-01 9.991647673215420244e-01 1.399529210986184304e-04
1.354966636572498828e-01 9.992870625759218139e-01 9.991644911655005457e-01 1.400084209272327448e-04
1.355386650975560769e-01 9.992100396584224775e-01 9.991642150094591779e-01 1.399228731634785932e-04
1.355806665524141863e-01 9.989859167400686468e-01 9.991639388533219979e-01 1.399191188206220832e-04
1.356226679854444228e-01 9.992699989455730014e-01 9.991636626973284807e-01 1.399191188206220832e-04
1.356646694403025322e-01 9.990670683401366992e-01 9.991633865411914117e-01 1.400009697370991756e-04
1.357066708733327687e-01 9.992693136720893765e-01 9.991631103851978946e-01 1.399191188206220832e-04
1.357486723281908780e-01 9.991762766691328901e-01 9.991628342290607145e-01 1.399479346870785427e-04
1.357906737612211145e-01 9.992561766931311595e-01 9.991625580730671974e-01 1.399191188206220832e-04
1.358326752088032663e-01 9.989726781469591144e-01 9.991622819169778680e-01 1.399214964344773114e-04
1.358746766491094604e-01 9.991495937431799090e-01 9.991620057609363892e-01 1.399191188206220832e-04
1.359166780966916122e-01 9.990390040558391194e-01 9.991617296048472818e-01 1.399191188206220832e-04
1.359586795369978063e-01 9.993107915580171641e-01 9.991614534488058030e-01 1.399191188206220832e-04
1.360006809773040004e-01 9.991673892039034666e-01 9.991611772927645463e-01 1.399201895304275143e-04
1.360426824321621098e-01 9.992859736824567518e-01 9.991609011366272552e-01 1.399191188206220832e-04
1.360846838651923463e-01 9.988982605596039566e-01 9.991606249806338491e-01 1.399191188206220832e-04
1.361266853200504556e-01 9.990796825184276031e-01 9.991603488244966691e-01 1.399191188206220832e-04
1.361686867530806921e-01 9.992747959869203722e-01 9.991600726685030409e-01 1.399191188206220832e-04
1.362106882079388015e-01 9.993224643282643260e-01 9.991597965123660829e-01 1.399191188206220832e-04
1.362526896409690380e-01 9.992241646695875223e-01 9.991595203563723437e-01 1.399191188206220832e-04
1.362946910885511898e-01 9.990020995067901977e-01 9.991592442002832364e-01 1.399191188206220832e-04
1.363366925288573839e-01 9.993406954364097983e-01 9.991589680442418686e-01 1.399191188206220832e-04
1.363786939691635780e-01 9.991206905920811954e-01 9.991586918882003898e-01 1.399191188206220832e-04
1.364206954167457297e-01 9.992273686332668881e-01 9.991584157321110604e-01 1.399215722370759387e-04
1.364626968570519239e-01 9.990106133234022412e-01 9.991581395760696926e-01 1.399301709033288392e-04
1.365046983046340756e-01 9.993434685655461225e-01 9.991578634199803632e-01 1.399215175963073579e-04
1.365466997449402697e-01 9.992576251799695219e-01 9.991575872639388844e-01 1.399191188206220832e-04
1.365887011997983791e-01 9.989677086174736376e-01 9.991573111078019265e-01 1.399191188206220832e-04
1.366307026328286156e-01 9.989701551371891197e-01 9.991570349518082983e-01 1.399563086912266328e-04
1.366727040804107673e-01 9.990026625294239349e-01 9.991567587957190799e-01 1.399266811686706918e-04
1.367147055207169615e-01 9.994072465913221848e-01 9.991564826396777121e-01 1.399191188206220832e-04
1.367567069682991132e-01 9.993285206645331487e-01 9.991562064835883827e-01 1.399229786479780921e-04
1.367987084086053073e-01 9.992281608541121463e-01 9.991559303275470150e-01 1.399191188206220832e-04
1.368407098489115015e-01 9.991268668237973660e-01 9.991556542398526419e-01 1.399191188206220832e-04
1.368827112964936532e-01 9.990556980482560023e-01 9.991553791397027595e-01 1.399191188206220832e-04
1.369247127367998473e-01 9.991258493295086529e-01 9.991551040396002836e-01 1.399191188206220832e-04
1.369667141843819991e-01 9.990448376190192992e-01 9.991548289394502902e-01 1.399913893485170858e-04
1.370087156246881932e-01 9.992255029004962763e-01 9.991545538393479253e-01 1.399383825235910235e-04
1.370507170722703449e-01 9.992799671958244589e-01 9.991542787391979319e-01 1.399191188206220832e-04
1.370927185125765391e-01 9.990225216517265583e-01 9.991540036390956780e-01 1.399191188206220832e-04
1.371347199601586908e-01 9.992947735395844022e-01 9.991537285389456846e-01 1.399191188206220832e-04
1.371767214004648849e-01 9.991406067746213537e-01 9.991534534388433197e-01 1.399191188206220832e-04
1.372187228407710791e-01 9.991039146306275320e-01 9.991531783387408439e-01 1.399191188206220832e-04
1.372607242883532308e-01 9.991872234408353259e-01 9.991529032385909614e-01 1.399191188206220832e-04
1.373027257286594249e-01 9.993015458755860614e-01 9.991526281384884856e-01 1.399191188206220832e-04
1.373447271762415767e-01 9.991014565265377012e-01 9.991523530383387142e-01 1.399191188206220832e-04
1.373867286165477708e-01 9.991543823508538535e-01 9.991520779382361273e-01 1.399191188206220832e-04
1.374287300641299225e-01 9.989973017864687277e-01 9.991518028380860228e-01 1.399191188206220832e-04
1.374707315044361167e-01 9.992860679259181200e-01 9.991515277379838800e-01 1.399191188206220832e-04
1.375127329447423108e-01 9.991547143758559013e-01 9.991512526378815151e-01 1.399191188206220832e-04
1.375547343923244625e-01 9.988161537460475969e-01 9.991509775377315217e-01 1.399191188206220832e-04
1.375967358326306567e-01 9.989863121510773603e-01 9.991507024376290458e-01 1.399191188206220832e-04
1.376387372802128084e-01 9.991740731538666376e-01 9.991504273374790523e-01 1.399191188206220832e-04
1.376807387205190025e-01 9.990079295106515378e-01 9.991501522373766875e-01 1.399288115657857583e-04
1.377227401681011543e-01 9.991232794791459204e-01 9.991498771372266940e-01 1.399191188206220832e-04
1.377647416084073484e-01 9.991348279261611509e-01 9.991496020371244402e-01 1.399193240871340145e-04
1.378067430559895001e-01 9.991633151526569945e-01 9.991493269369744468e-01 1.399728110141942861e-04
1.378487444962956943e-01 9.992148658539693473e-01 9.991490518368720819e-01 1.399191188206220832e-04
1.378907459438778460e-01 9.992181226265812732e-01 9.991487767367219774e-01 1.399191188206220832e-04
1.379327473841840401e-01 9.993051652837779963e-01 9.991485016366197236e-01 1.399714483339590339e-04
1.379747488244902343e-01 9.991445793909858875e-01 9.991482265365172477e-01 1.399305306316426807e-04
1.380167502720723860e-01 9.990315791284812841e-01 9.991479514363674763e-01 1.399194598149348663e-04
1.380587517051026225e-01 9.989112790704488543e-01 9.991476763363125180e-01 1.399191188206220832e-04
1.381007531599607319e-01 9.990933928741780878e-01 9.991474012361150070e-01 1.399191188206220832e-04
1.381427545929909684e-01 9.991351150300589179e-01 9.991471261360602707e-01 1.399198414087543432e-04
1.381847560478490777e-01 9.990359441331573276e-01 9.991468510358625377e-01 1.399224658699604808e-04
1.382267574808793142e-01 9.991216265855920042e-01 9.991465759358079124e-01 1.399191188206220832e-04
1.382687589357374236e-01 9.992304015441948462e-01 9.991463008356101794e-01 1.399191188206220832e-04
1.383107603687676601e-01 9.991769341974967578e-01 9.991460239404447163e-01 1.399207116741690339e-04
1.383527618163498119e-01 9.992519615734138938e-01 9.991457464418302958e-01 1.399191188206220832e-04
1.383947632639319636e-01 9.992692433220343728e-01 9.991454689764978081e-01 1.399191188206220832e-04
1.384367647042381577e-01 9.992679498306034080e-01 9.991451930130105241e-01 1.399301092772588153e-04
1.384787661518203095e-01 9.991978935280408924e-01 9.991449170494757226e-01 1.399631665753527424e-04
1.385207675848505460e-01 9.992924865100976106e-01 9.991446410860364002e-01 1.399191188206220832e-04
1.385627690397086553e-01 9.989538257357922779e-01 9.991443651224536371e-01 1.399208155809112666e-04
1.386047704727388918e-01 9.992712177547272701e-01 9.991440891590143147e-01 1.399191188206220832e-04
1.386467719275970012e-01 9.990812286752375204e-01 9.991438131954315516e-01 1.399191188206220832e-04
1.386887733606272377e-01 9.989800104140800219e-01 9.991435372319922292e-01 1.399191188206220832e-04
1.387307748154853471e-01 9.992155606893614594e-01 9.991432612684094661e-01 1.399191188206220832e-04
1.387727762485155836e-01 9.993049998808600787e-01 9.991429853049701437e-01 1.399191188206220832e-04
1.388147776960977353e-01 9.991515201927426704e-01 9.991427093414353422e-01 1.399191188206220832e-04
1.388567791364039294e-01 9.991671835315589778e-01 9.991424333779480582e-01 1.399191188206220832e-04
1.388987805767101236e-01 9.993895506195223932e-01 9.991421574144609963e-01 1.399191188206220832e-04
1.389407820242922753e-01 9.992704039671369554e-01 9.991418814509260837e-01 1.399191188206220832e-04
1.389827834645984694e-01 9.990258321762163218e-01 9.991416054874389108e-01 1.399191188206220832e-04
1.390247849121806212e-01 9.990783027687347717e-01 9.991413295239039982e-01 1.399191188206220832e-04
1.390667863524868153e-01 9.991319554831272765e-01 9.991410535604168253e-01 1.399245516035431262e-04
1.391087878073449247e-01 9.992065544737965821e-01 9.991407775968342841e-01 1.399191188206220832e-04
1.391507892403751612e-01 9.990380639167191212e-01 9.991405016333949618e-01 1.399191188206220832e-04
1.391927906879573129e-01 9.992878018812698659e-01 9.991402256698598272e-01 1.399191188206220832e-04
1.392347921282635070e-01 9.991182888669443152e-01 9.991399497063728763e-01 1.399191188206220832e-04
1.392767935758456588e-01 9.991649611175171808e-01 9.991396737428377417e-01 1.399191188206220832e-04
1.393187950161518529e-01 9.990135443287698758e-01 9.991393977793507908e-01 1.400163758838835035e-04
1.393607964564580470e-01 9.991638174784694959e-01 9.991391218158636178e-01 1.399191188206220832e-04
1.394027979040401988e-01 9.991835272029538917e-01 9.991388458523287053e-01 1.399246570301638474e-04
1.394447993443463929e-01 9.990628510888772684e-01 9.991385698888415323e-01 1.399191188206220832e-04
1.394868007919285446e-01 9.992940244557554363e-01 9.991382939253066198e-01 1.399191188206220832e-04
1.395288022322347388e-01 9.991144606757751401e-01 9.991380179618194468e-01 1.399191188206220832e-04
1.395708036798168905e-01 9.992283887244266527e-01 9.991377419982845343e-01 1.399191188206220832e-04
1.396128051201230846e-01 9.991385195754206583e-01 9.991374660347973613e-01 1.399191188206220832e-04
1.396548065604292788e-01 9.991715155810948490e-01 9.991371900713104104e-01 1.399191188206220832e-04
1.396968080080114305e-01 9.991268422814698624e-01 9.991369141077752758e-01 1.399650110818048319e-04
1.397388094410416670e-01 9.990716762037830101e-01 9.991366381443359534e-01 1.399191188206220832e-04
1.397808108958997764e-01 9.993784854029020837e-01 9.991363621807531903e-01 1.399191188206220832e-04
1.398228123362059705e-01 9.989504860718130264e-01 9.991360862172661284e-01 1.399191188206220832e-04
1.398648137837881222e-01 9.991278046870449847e-01 9.991358102537312158e-01 1.399191188206220832e-04
1.399068152240943164e-01 9.990231749760973834e-01 9.991355342902441539e-01 1.399191188206220832e-04
1.399488166716764681e-01 9.991271570832922500e-01 9.991352583267092413e-01 1.399191188206220832e-04
1.399908181119826622e-01 9.989445844676561048e-01 9.991349823632220684e-01 1.399451165003085754e-04
1.400328195522888564e-01 9.991710975630376801e-01 9.991347063997348954e-01 1.399191188206220832e-04
1.400748209998710081e-01 9.991025712746998133e-01 9.991344304361999829e-01 1.399191188206220832e-04
1.401168224401772022e-01 9.990790640283512269e-01 9.991341544727128099e-01 1.399191188206220832e-04
1.401588238877593540e-01 9.988739137342641516e-01 9.991338785091780084e-01 1.399191188206220832e-04
1.402008253207895905e-01 9.991499953252577226e-01 9.991336025457386860e-01 1.399258448376218707e-04
1.402428267756476998e-01 9.991605874779987406e-01 9.991333265821559229e-01 1.399191188206220832e-04
1.402848282086779363e-01 9.987545367216866810e-01 9.991330506187166005e-01 1.399191188206220832e-04
1.403268296635360457e-01 9.990691347862674654e-01 9.991327746551338373e-01 1.399201875944130146e-04
1.403688310965662822e-01 9.991548956464797460e-01 9.991324986916945150e-01 1.399191188206220832e-04
1.404108325514243916e-01 9.989862283264884235e-01 9.991322227281117518e-01 1.399856344333756490e-04
1.404528339844546281e-01 9.989841319648707918e-01 9.991319467646724295e-01 1.399269944245442167e-04
1.404948354320367798e-01 9.990291149590456721e-01 9.991316708011375169e-01 1.399432413620878258e-04
1.405368368723429739e-01 9.989774864600271531e-01 9.991313948376503440e-01 1.399191188206220832e-04
1.405788383126491681e-01 9.992262274808593192e-01 9.991311188741632821e-01 1.399191188206220832e-04
1.406208397602313198e-01 9.994176508222298860e-01 9.991308429106282585e-01 1.399310915767846067e-04
1.406628412005375139e-01 9.988260671607440688e-01 9.991305669471411965e-01 1.399382544953998119e-04
1.407048426481196657e-01 9.989592200362734653e-01 9.991302909836061730e-01 1.399191188206220832e-04
1.407468440884258598e-01 9.992351970879058687e-01 9.991300150201191110e-01 1.399191188206220832e-04
1.407888455432839692e-01 9.991517378380968539e-01 9.991297390565363479e-01 1.399194878207420123e-04
1.408308469763142057e-01 9.992438989561612805e-01 9.991294630930971366e-01 1.399191188206220832e-04
1.408728484238963574e-01 9.992669597519922009e-01 9.991291871295620020e-01 1.399191188206220832e-04
1.409148498642025515e-01 9.991435815363467476e-01 9.991289111660751621e-01 1.399193629619368596e-04
1.409568513117847033e-01 9.990587627417371053e-01 9.991286352025400275e-01 1.399191188206220832e-04
1.409988527520908974e-01 9.990388752559749008e-01 9.991283592390530766e-01 1.399191188206220832e-04
1.410408541923970915e-01 9.989352066032728406e-01 9.991280832755657926e-01 1.399203553832474361e-04
1.410828556399792433e-01 9.990931217766800820e-01 9.991278073120309910e-01 1.399278583249076533e-04
1.411248570802854374e-01 9.992463379117553224e-01 9.991275313485437071e-01 1.399191188206220832e-04
1.411668585278675891e-01 9.990377041267156644e-01 9.991272553850089055e-01 1.399191188206220832e-04
1.412088599681737833e-01 9.990195428990236159e-01 9.991269794215216216e-01 1.399252527727107482e-04
1.412508614157559350e-01 9.990945108277732301e-01 9.991267034579868200e-01 1.399191188206220832e-04
1.412928628560621291e-01 9.993914093274347543e-01 9.991264274944995361e-01 1.399191188206220832e-04
1.413348642963683233e-01 9.990616039706364804e-01 9.991261515310124741e-01 1.399191188206220832e-04
1.413768657439504750e-01 9.989580693269506373e-01 9.991258755674775616e-01 1.399199117801586578e-04
1.414188671769807115e-01 9.994171750496697593e-01 9.991255996040382392e-01 1.399191188206220832e-04
1.414608686318388209e-01 9.993276401778170559e-01 9.991253236404554761e-01 1.399191188206220832e-04
1.415028700648690574e-01 9.993024665829660647e-01 9.991250476770161537e-01 1.399205043341340273e-04
1.415448715197271667e-01 9.992606196107611805e-01 9.991247717134335016e-01 1.399191188206220832e-04
1.415868729527574033e-01 9.992844205732988039e-01 9.991244957499940682e-01 1.399191188206220832e-04
1.416288744076155126e-01 9.991330935950141212e-01 9.991242197864114161e-01 1.399862206294341400e-04
1.416708758406457491e-01 9.991088462802861780e-01 9.991239438229720937e-01 1.399191188206220832e-04
1.417128772882279009e-01 9.992033018300479075e-01 9.991236678594371812e-01 1.399191188206220832e-04
1.417548787285340950e-01 9.992167171574060092e-01 9.991233918959500082e-01 1.399768122227632115e-04
1.417968801761162467e-01 9.990141128401196502e-01 9.991231159324150957e-01 1.399191188206220832e-04
1.418388816164224409e-01 9.990843933878424954e-01 9.991228399689279227e-01 1.399728705686776470e-04
1.418808830567286350e-01 9.991632117237122523e-01 9.991225640054408608e-01 1.399191188206220832e-04
1.419228845115867443e-01 9.992288693760632556e-01 9.991222880418580976e-01 1.399191188206220832e-04
1.419648859446169809e-01 9.989074498421947057e-01 9.991220120784187753e-01 1.399191188206220832e-04
1.420068873994750902e-01 9.988324459107906783e-01 9.991217361148360121e-01 1.399291044722271015e-04
1.420488888325053267e-01 9.992856415366069278e-01 9.991214601513966898e-01 1.399191188206220832e-04
1.420908902873634361e-01 9.989937070696055521e-01 9.991211829125752342e-01 1.399316370118904333e-04
1.421328917203936726e-01 9.989584134266575877e-01 9.991209056516995313e-01 1.399237467099795698e-04
1.421748931679758243e-01 9.990999202325978601e-01 9.991206283907279051e-01 1.399191188206220832e-04
1.422168946082820185e-01 9.991478342306624461e-01 9.991203511298042406e-01 1.399191188206220832e-04
1.422588960485882126e-01 9.991410365772047664e-01 9.991200738688805760e-01 1.399191188206220832e-04
1.423008974961703643e-01 9.990518357806015270e-01 9.991197966079087278e-01 1.399667736314644945e-04
1.423428989364765584e-01 9.989389737377813994e-01 9.991195193469850633e-01 1.399191188206220832e-04
1.423849003840587102e-01 9.992797684975532890e-01 9.991192420860134371e-01 1.399191188206220832e-04
1.424269018243649043e-01 9.991512781920077746e-01 9.991189648250897726e-01 1.399191188206220832e-04
1.424689032719470561e-01 9.990807463106472497e-01 9.991186875641179244e-01 1.399252392590494211e-04
1.425109047122532502e-01 9.991637942911937298e-01 9.991184103031942598e-01 1.399205947162566847e-04
1.425529061525594443e-01 9.991630390474109946e-01 9.991181330422705953e-01 1.399191188206220832e-04
1.425949076001415960e-01 9.993249677868423220e-01 9.991178557812989691e-01 1.399191188206220832e-04
1.426369090404477902e-01 9.993165005002040413e-01 9.991175785203753046e-01 1.399216140763185397e-04
1.426789104880299419e-01 9.991943245870690271e-01 9.991173012594034564e-01 1.399191188206220832e-04
1.427209119210601784e-01 9.991200719952701981e-01 9.991170239985279755e-01 1.399191188206220832e-04
1.427629133759182878e-01 9.991510063440294243e-01 9.991167467375081657e-01 1.399191188206220832e-04
1.428049148089485243e-01 9.992564031014036230e-01 9.991164694766325738e-01 1.399191188206220832e-04
1.428469162638066337e-01 9.993140486544610512e-01 9.991161922156126529e-01 1.399191188206220832e-04
1.428889176968368702e-01 9.992496303547535597e-01 9.991159149547371721e-01 1.399191188206220832e-04
1.429309191444190219e-01 9.990154670396392822e-01 9.991156376937653238e-01 1.399191188206220832e-04
1.429729205847252160e-01 9.991137951446282806e-01 9.991153604328417703e-01 1.399205411879420101e-04
1.430149220323073678e-01 9.990628418166628277e-01 9.991150831718700331e-01 1.399191188206220832e-04
1.430569234726135619e-01 9.991690549288437806e-01 9.991148059109463686e-01 1.399191188206220832e-04
1.430989249129197560e-01 9.989997376360639780e-01 9.991145286500227041e-01 1.399191188206220832e-04
1.431409263605019078e-01 9.992831482280429833e-01 9.991142513890508559e-01 1.399191188206220832e-04
1.431829278008081019e-01 9.993195564644364870e-01 9.991139741281273023e-01 1.399191188206220832e-04
1.432249292483902536e-01 9.992599038088123553e-01 9.991136968671555652e-01 1.399191188206220832e-04
1.432669306886964478e-01 9.990885988472443247e-01 9.991134196062319006e-01 1.399191188206220832e-04
1.433089321362785995e-01 9.990942684431518561e-01 9.991131423452600524e-01 1.399191188206220832e-04
1.433509335765847936e-01 9.991318022657967868e-01 9.991128650843364989e-01 1.399191188206220832e-04
1.433929350168909878e-01 9.990848502998100900e-01 9.991125878234126123e-01 1.399191188206220832e-04
1.434349364644731395e-01 9.989137789111737220e-01 9.991123105624410972e-01 1.399191188206220832e-04
1.434769379047793336e-01 9.992946073954762642e-01 9.991120333015174326e-01 1.399201062159458173e-04
1.435189393523614854e-01 9.989619751339408049e-01 9.991117560405456954e-01 1.399191188206220832e-04
1.435609407853917219e-01 9.990878380254901714e-01 9.991114787796701036e-01 1.399281784402309811e-04
1.436029422402498312e-01 9.992424986017498512e-01 9.991112015186502937e-01 1.399191188206220832e-04
1.436449436805560254e-01 9.990874176820239150e-01 9.991109242577266292e-01 1.399191188206220832e-04
1.436869451281381771e-01 9.993084159211131912e-01 9.991106469967550030e-01 1.399191188206220832e-04
1.437289465684443712e-01 9.990845065929356839e-01 9.991103697358312274e-01 1.399191188206220832e-04
1.437709480087505654e-01 9.991688319314845357e-01 9.991100924749075629e-01 1.399191188206220832e-04
1.438129494563327171e-01 9.992823703087783116e-01 9.991098152139358257e-01 1.399191188206220832e-04
1.438549508966389112e-01 9.992911037279805786e-01 9.991095379530121612e-01 1.399191188206220832e-04
1.438969523442210630e-01 9.991307318474571542e-01 9.991092606920404240e-01 1.399191188206220832e-04
1.439389537772512995e-01 9.989493931251874903e-01 9.991089834311648321e-01 1.399199876071190640e-04
1.439809552321094088e-01 9.992360076749110531e-01 9.991087061701450223e-01 1.399191188206220832e-04
1.440229566651396453e-01 9.992052738395633682e-01 9.991084294679200006e-01 1.399191188206220832e-04
1.440649581199977547e-01 9.991651799032500447e-01 9.991081530119194642e-01 1.399281535805118259e-04
1.441069595530279912e-01 9.992492245930512107e-01 9.991078765560624797e-01 1.399191188206220832e-04
1.441489610078861006e-01 9.989734651201375160e-01 9.991076001000619433e-01 1.399198221040495358e-04
1.441909624409163371e-01 9.995152853206166199e-01 9.991073236442050698e-01 1.399953909562706841e-04
1.442329638884984888e-01 9.989738978146527337e-01 9.991070471882523840e-01 1.399191188206220832e-04
1.442749653288046829e-01 9.993004628839439185e-01 9.991067707323475489e-01 1.399191188206220832e-04
1.443169667763868347e-01 9.991307766466491769e-01 9.991064942763947521e-01 1.399191188206220832e-04
1.443589682166930288e-01 9.989996904934901334e-01 9.991062178204901389e-01 1.400230036162851118e-04
1.444009696569992229e-01 9.990783335666334475e-01 9.991059413645854148e-01 1.399191188206220832e-04
1.444429711045813747e-01 9.994362542643554503e-01 9.991056649086326180e-01 1.399191188206220832e-04
1.444849725448875688e-01 9.992275904453614688e-01 9.991053884527277829e-01 1.399222170867672971e-04
1.445269739924697205e-01 9.990217437006931878e-01 9.991051117113749491e-01 1.399191188206220832e-04
1.445689754327759147e-01 9.989902239637623582e-01 9.991048343585769986e-01 1.399191930982568801e-04
1.446109768730821088e-01 9.989333621606025782e-01 9.991045570057791592e-01 1.399226523856588746e-04
1.446529783206642605e-01 9.994459164947847585e-01 9.991042796529331360e-01 1.399320182916099272e-04
1.446949797609704547e-01 9.992214442427984622e-01 9.991040023001352965e-01 1.399191188206220832e-04
1.447369812085526064e-01 9.989336658926436519e-01 9.991037249472892734e-01 1.399191188206220832e-04
1.447789826415828429e-01 9.991178306557436661e-01 9.991034475945393956e-01 1.399211902709297534e-04
1.448209840964409523e-01 9.990675946004826669e-01 9.991031702416452998e-01 1.399210336703481030e-04
1.448629855294711888e-01 9.991440861200294732e-01 9.991028928888955329e-01 1.399191188206220832e-04
1.449049869843292981e-01 9.991105633591895741e-01 9.991026155360015482e-01 1.399191188206220832e-04
1.449469884173595347e-01 9.992076734027041107e-01 9.991023381832516703e-01 1.399193112214599394e-04
1.449889898722176440e-01 9.989867280745724498e-01 9.991020608303574635e-01 1.399191188206220832e-04
1.450309913052478805e-01 9.993001440996639451e-01 9.991017834776075857e-01 1.399191188206220832e-04
1.450729927528300323e-01 9.993667215994421760e-01 9.991015061247616735e-01 1.399191188206220832e-04
1.451149941931362264e-01 9.991353639753228766e-01 9.991012287719638341e-01 1.399191188206220832e-04
1.451569956407183781e-01 9.991277783755849740e-01 9.991009514191179219e-01 1.399191188206220832e-04
1.451989970810245723e-01 9.989837989913361582e-01 9.991006740663198604e-01 1.399209870635628587e-04
1.452409985213307664e-01 9.990285825181979273e-01 9.991003967135220210e-01 1.399191188206220832e-04
1.452829999689129181e-01 9.990881892715874901e-01 9.991001193606761088e-01 1.399191188206220832e-04
1.453250014092191122e-01 9.992561397273874713e-01 9.990998420078780473e-01 1.399191188206220832e-04
1.453670028568012640e-01 9.991116297440506555e-01 9.990995646550320242e-01 1.399192304240203183e-04
1.454090042971074581e-01 9.990609042472737844e-01 9.990992873022341847e-01 1.399270596074789501e-04
1.454510057374136522e-01 9.989752914937115591e-01 9.990990099494362342e-01 1.399191188206220832e-04
1.454930071849958040e-01 9.992007032550028756e-01 9.990987325965902111e-01 1.399298857143904294e-04
1.455350086253019981e-01 9.990487233297563607e-01 9.990984552437924826e-01 1.399191188206220832e-04
1.455770100728841498e-01 9.991754431266787195e-01 9.990981778909463484e-01 1.399191188206220832e-04
1.456190115059143864e-01 9.990288249408226795e-01 9.990979005381966926e-01 1.399191188206220832e-04
1.456610129607724957e-01 9.992772607597114609e-01 9.990976231853024858e-01 1.399191188206220832e-04
1.457030143938027322e-01 9.989593296317675897e-01 9.990973458325526080e-01 1.399698570103739771e-04
1.457450158486608416e-01 9.990972459963755048e-01 9.990970684796586232e-01 1.399191188206220832e-04
1.457870172816910781e-01 9.992317311132850044e-01 9.990967911269087454e-01 1.399191188206220832e-04
1.458290187365491875e-01 9.991982853342119553e-01 9.990965137740147606e-01 1.399191188206220832e-04
1.458710201695794240e-01 9.991464629899466932e-01 9.990962364212648827e-01 1.399246373293459118e-04
1.459130216171615757e-01 9.991943799349954913e-01 9.990959590684188596e-01 1.399191188206220832e-04
1.459550230574677698e-01 9.992122813795267788e-01 9.990956817156209091e-01 1.399191188206220832e-04
1.459970245050499216e-01 9.990755547318871388e-01 9.990954043627749970e-01 1.399221516036407262e-04
1.460390259453561157e-01 9.990577633996833296e-01 9.990951270099770465e-01 1.399191188206220832e-04
1.460810273856623098e-01 9.991256313356753349e-01 9.990948496571789850e-01 1.399213035362607328e-04
1.461230288332444616e-01 9.991088301928969795e-01 9.990945723043331839e-01 1.399191188206220832e-04
1.461650302735506557e-01 9.991580543394563696e-01 9.990942949515352334e-01 1.399191188206220832e-04
1.462070317211328074e-01 9.991175126484559410e-01 9.990940175986893212e-01 1.399191188206220832e-04
1.462490331614390016e-01 9.990172543985035292e-01 9.990937402458912597e-01 1.399191188206220832e-04
1.462910346017451957e-01 9.989305849957240691e-01 9.990934628930934203e-01 1.399191188206220832e-04
1.463330360493273474e-01 9.991163949724990445e-01 9.990931855402475081e-01 1.399191188206220832e-04
1.463750374896335416e-01 9.991288088349943308e-01 9.990929081874494466e-01 1.399191188206220832e-04
1.464170389372156933e-01 9.989187901083301790e-01 9.990926308346034235e-01 1.399191188206220832e-04
1.464590403702459298e-01 9.991865021496911803e-01 9.990923534818536567e-01 1.399191188206220832e-04
1.465010418251040392e-01 9.991003872180037604e-01 9.990920761289596719e-01 1.399191188206220832e-04
1.465430432581342757e-01 9.989048800046397281e-01 9.990917987762096830e-01 1.399191188206220832e-04
1.465850447129923850e-01 9.990541955549160358e-01 9.990915214233156982e-01 1.399191188206220832e-04
1.466270461460226215e-01 9.991928658537746477e-01 9.990912440705658204e-01 1.399272515019087397e-04
1.466690476008807309e-01 9.992305530637495270e-01 9.990909667176718356e-01 1.399191188206220832e-04
1.467110490339109674e-01 9.989198622647160741e-01 9.990906893649219578e-01 1.399212389046623469e-04
1.467530504814931192e-01 9.990168014215452530e-01 9.990904120120759346e-01 1.399191188206220832e-04
1.467950519217993133e-01 9.990073590453928398e-01 9.990901346592780952e-01 1.399191188206220832e-04
1.468370533693814650e-01 9.991667112444877485e-01 9.990898573064320720e-01 1.399306438814838533e-04
1.468790548096876591e-01 9.990878017817353962e-01 9.990895799536341215e-01 1.399191188206220832e-04
1.469210562499938533e-01 9.989252707665556841e-01 9.990893026008362821e-01 1.399191188206220832e-04
1.469630576975760050e-01 9.992593567657326314e-01 9.990890252479902589e-01 1.399191188206220832e-04
1.470050591378821991e-01 9.992561694725632382e-01 9.990887478951924194e-01 1.399191188206220832e-04
1.470470605854643509e-01 9.991325186770662059e-01 9.990884705423462853e-01 1.399283013258555630e-04
1.470890620257705450e-01 9.993533314182677652e-01 9.990881931895484458e-01 1.399266607671307509e-04
1.471310634660767391e-01 9.992843028209562606e-01 9.990879158367503843e-01 1.399191188206220832e-04
1.471730649136588909e-01 9.992082702391946736e-01 9.990876384839045832e-01 1.399191188206220832e-04
1.472150663539650850e-01 9.992101743652429535e-01 9.990873611311066327e-01 1.399191188206220832e-04
1.472570678015472367e-01 9.989556523730162008e-01 9.990870837782607206e-01 1.399208318714830227e-04
1.472990692345774733e-01 9.991044413664547097e-01 9.990868064255108427e-01 1.399191188206220832e-04
1.473410706894355826e-01 9.991144125758478767e-01 9.990865281690910482e-01 1.399191188206220832e-04
1.473830721224658191e-01 9.991684725094226449e-01 9.990862491571492754e-01 1.399191188206220832e-04
1.474250735773239285e-01 9.991351658632652288e-01 9.990859701450627295e-01 1.399499501029554283e-04
1.474670750103541650e-01 9.991255992655367901e-01 9.990856911331209567e-01 1.399191188206220832e-04
1.475090764652122743e-01 9.989422593322188071e-01 9.990854121210344108e-01 1.399191188206220832e-04
1.475510778982425109e-01 9.992344699552883069e-01 9.990851331090927490e-01 1.399191188206220832e-04
1.475930793385487050e-01 9.991719558081627595e-01 9.990848540971026814e-01 1.399191188206220832e-04
1.476350807861308567e-01 9.990258744333313512e-01 9.990845750850644302e-01 1.399191188206220832e-04
1.476770822191610932e-01 9.992100563199141083e-01 9.990842960731225464e-01 1.399191188206220832e-04
1.477190836740192026e-01 9.995050407892606126e-01 9.990840170610360005e-01 1.399218918415692000e-04
1.477610851070494391e-01 9.990517866161526817e-01 9.990837380490944497e-01 1.399596935074842339e-04
1.478030865619075485e-01 9.989886432100401059e-01 9.990834590370076818e-01 1.399191188206220832e-04
1.478450879949377850e-01 9.990910201447861239e-01 9.990831803251837284e-01 1.399191188206220832e-04
1.478870894497958943e-01 9.991393387859329733e-01 9.990829031401583515e-01 1.399191188206220832e-04
1.479290908828261308e-01 9.988654621766828168e-01 9.990826259552769706e-01 1.399191188206220832e-04
1.479710923304082826e-01 9.991922304509569530e-01 9.990823487702994443e-01 1.399191188206220832e-04
1.480130937707144767e-01 9.991305273689743416e-01 9.990820715853699907e-01 1.399253650564496142e-04
1.480550952182966284e-01 9.991392255512383525e-01 9.990817944003925755e-01 1.399191188206220832e-04
1.480970966586028226e-01 9.991895658636602562e-01 9.990815172154630108e-01 1.399191188206220832e-04
1.481390980989090167e-01 9.991142872426193033e-01 9.990812400305335572e-01 1.399191188206220832e-04
1.481810995464911684e-01 9.990786670844894468e-01 9.990809628455560309e-01 1.399191188206220832e-04
1.482231009867973626e-01 9.989567878162084469e-01 9.990806856606265773e-01 1.399191188206220832e-04
1.482651024343795143e-01 9.990625848256080577e-01 9.990804084756492731e-01 1.399199653843958093e-04
1.483071038746857084e-01 9.988896218640429536e-01 9.990801312907198195e-01 1.399191188206220832e-04
1.483491053222678602e-01 9.988990060761192558e-01 9.990798541057422932e-01 1.399191188206220832e-04
1.483911067625740543e-01 9.993016039297615283e-01 9.990795769208128396e-01 1.399863519339122268e-04
1.484331082028802484e-01 9.993492136348540722e-01 9.990792997358833860e-01 1.399704859318068133e-04
1.484751096504624002e-01 9.990235097876565273e-01 9.990790225509058597e-01 1.399207849789245288e-04
1.485171110834926367e-01 9.991893354693990315e-01 9.990787453660244788e-01 1.399191188206220832e-04
1.485591125383507460e-01 9.990242858096808343e-01 9.990784681809991019e-01 1.399191188206220832e-04
1.486011139713809825e-01 9.991749694207686661e-01 9.990781909961177210e-01 1.399191188206220832e-04
1.486431154262390919e-01 9.992978130268933556e-01 9.990779138110921220e-01 1.399191188206220832e-04
1.486851168592693284e-01 9.991564360109773668e-01 9.990776366262105190e-01 1.399191188206220832e-04
1.487271183141274378e-01 9.990612890254121359e-01 9.990773594411851422e-01 1.399191188206220832e-04
1.487691197471576743e-01 9.991917908219379862e-01 9.990770822563037612e-01 1.399191188206220832e-04
1.488111211947398260e-01 9.990701147711779084e-01 9.990768050713262349e-01 1.399191188206220832e-04
1.488531226350460202e-01 9.988220291521966443e-01 9.990765278863968923e-01 1.399191188206220832e-04
1.488951240826281719e-01 9.993159453662789904e-01 9.990762507014194771e-01 1.399191188206220832e-04
1.489371255229343660e-01 9.991858774836610557e-01 9.990759735164898014e-01 1.399191188206220832e-04
1.489791269632405601e-01 9.991504849684507139e-01 9.990756963315605699e-01 1.399191188206220832e-04
1.490211284108227119e-01 9.993840171989655241e-01 9.990754200920437533e-01 1.399235616306255463e-04
1.490631298511289060e-01 9.991365793958143504e-01 9.990751451053563326e-01 1.399191188206220832e-04
1.491051312987110578e-01 9.990484682678600903e-01 9.990748701186211722e-01 1.399258968127629129e-04
1.491471327390172519e-01 9.989484377322090936e-01 9.990745951319338625e-01 1.399191188206220832e-04
1.491891341865994036e-01 9.990451899844653427e-01 9.990743201451988131e-01 1.399191188206220832e-04
1.492311356269055977e-01 9.989821978147591652e-01 9.990740451585112814e-01 1.399191188206220832e-04
1.492731370672117919e-01 9.988511485663700284e-01 9.990737701718237496e-01 1.399191188206220832e-04
1.493151385075179860e-01 9.989701381221577359e-01 9.990734951851365508e-01 1.399191188206220832e-04
1.493571399478241801e-01 9.991031151860412240e-01 9.990732201984490191e-01 1.399191188206220832e-04
1.493991413954063319e-01 9.989889757931702530e-01 9.990729452117139697e-01 1.399191188206220832e-04
1.494411428357125260e-01 9.990731228880533887e-01 9.990726702250265490e-01 1.399191188206220832e-04
1.494831442832946777e-01 9.992268863985107608e-01 9.990723952382913886e-01 1.399645528188977453e-04
1.495251457236008719e-01 9.990732778442450446e-01 9.990721202516040789e-01 1.399191188206220832e-04
1.495671471711830236e-01 9.990748488023128981e-01 9.990718452648690295e-01 1.399217336428158407e-04
1.496091486114892177e-01 9.991768093983501853e-01 9.990715702781814977e-01 1.399191188206220832e-04
1.496511500517954119e-01 9.992775356503101891e-01 9.990712952914940770e-01 1.399191188206220832e-04
1.496931514993775636e-01 9.990557837028033461e-01 9.990710203047591387e-01 1.399191188206220832e-04
1.497351529396837577e-01 9.991202696026943997e-01 9.990707453180716069e-01 1.399223334839937356e-04
1.497771543872659095e-01 9.991056610798285664e-01 9.990704703313365576e-01 1.399191188206220832e-04
1.498191558202961460e-01 9.992013953142188099e-01 9.990701953446967654e-01 1.399191188206220832e-04
1.498611572751542553e-01 9.990636767841979404e-01 9.990699203579139764e-01 1.399191188206220832e-04
1.499031587081844918e-01 9.991132147874720593e-01 9.990696453712744063e-01 1.399191188206220832e-04
1.499451601630426012e-01 9.992098933305478825e-01 9.990693703844916174e-01 1.399191188206220832e-04
1.499871615960728377e-01 9.991715180224538528e-01 9.990690953978517141e-01 1.399206161630677273e-04
1.500291630509309471e-01 9.990019373730032459e-01 9.990688204110692583e-01 1.399269472451585472e-04
1.500711644839611836e-01 9.991199936967475326e-01 9.990685454244293551e-01 1.399191188206220832e-04
1.501131659315433353e-01 9.988997862054680432e-01 9.990682704376943057e-01 1.399243932371470117e-04
1.501551673718495294e-01 9.990172854872561015e-01 9.990679954510068850e-01 1.399191188206220832e-04
1.501971688121557236e-01 9.989228588949040644e-01 9.990677204643193532e-01 1.399194090304028504e-04
1.502391702597378753e-01 9.991883037753993557e-01 9.990674454775844149e-01 1.399191188206220832e-04
1.502811717000440694e-01 9.990915503424203647e-01 9.990671704908969941e-01 1.399191188206220832e-04
1.503231731476262212e-01 9.990588287686464897e-01 9.990668955041618338e-01 1.399191188206220832e-04
1.503651745879324153e-01 9.991326762739748402e-01 9.990666205174743020e-01 1.399191188206220832e-04
1.504071760355145670e-01 9.988612686745726998e-01 9.990663455307392526e-01 1.399191188206220832e-04
1.504491774685448036e-01 9.987187763182681088e-01 9.990660705440995715e-01 1.399191188206220832e-04
1.504911789161269553e-01 9.990937850755268190e-01 9.990657955573644111e-01 1.399232507950207052e-04
1.505331803564331494e-01 9.992747622047353229e-01 9.990655205706771014e-01 1.399191188206220832e-04
1.505751818040153012e-01 9.990107157866865428e-01 9.990652455839419410e-01 1.399191188206220832e-04
1.506171832443214953e-01 9.991279357239123415e-01 9.990649705972546313e-01 1.399191188206220832e-04
1.506591846846276894e-01 9.989400484212391795e-01 9.990646956105672105e-01 1.399191188206220832e-04
1.507011861322098412e-01 9.992926886710991052e-01 9.990644206238320502e-01 1.399191188206220832e-04
1.507431875725160353e-01 9.988242714480154438e-01 9.990641456371446294e-01 1.399274931752601825e-04
1.507851890200981870e-01 9.991243286494017051e-01 9.990638706504096911e-01 1.399191188206220832e-04
1.508271904604043812e-01 9.992234776142151498e-01 9.990635956637221593e-01 1.399191188206220832e-04
1.508691919079865329e-01 9.991874633675136286e-01 9.990633206769869989e-01 1.399191188206220832e-04
1.509111933482927270e-01 9.989319067667259411e-01 9.990630456902996892e-01 1.399191188206220832e-04
1.509531947885989211e-01 9.990378921972568049e-01 9.990627707036121574e-01 1.399191188206220832e-04
1.509951962361810729e-01 9.989331845373291552e-01 9.990624957168772191e-01 1.399191188206220832e-04
1.510371976692113094e-01 9.990116862888819282e-01 9.990622201095310517e-01 1.399191188206220832e-04
1.510791991240694188e-01 9.989619881649657307e-01 9.990619438237676730e-01 1.399191188206220832e-04
1.511212005570996553e-01 9.992179793240442143e-01 9.990616675381476242e-01 1.399191188206220832e-04
1.511632020119577646e-01 9.992366467564312016e-01 9.990613912523839124e-01 1.399191188206220832e-04
1.512052034449880011e-01 9.990008133903854892e-01 9.990611149667640856e-01 1.399191188206220832e-04
1.512472048998461105e-01 9.989099782705379571e-01 9.990608386810004848e-01 1.399191188206220832e-04
1.512892063328763470e-01 9.991252565353609949e-01 9.990605623953805470e-01 1.399191188206220832e-04
1.513312077804584987e-01 9.992512308102151630e-01 9.990602861096649079e-01 1.399191188206220832e-04
1.513732092207646929e-01 9.992249126119702174e-01 9.990600098239971194e-01 1.399197556521592672e-04
1.514152106610708870e-01 9.989764073072234796e-01 9.990597335383292199e-01 1.399191188206220832e-04
1.514572121086530387e-01 9.994464130775982946e-01 9.990594572526134698e-01 1.399191188206220832e-04
1.514992135416832753e-01 9.991263647096200184e-01 9.990591809669934209e-01 1.399191719459560220e-04
1.515412149965413846e-01 9.990928139633706850e-01 9.990589046812300422e-01 1.399191188206220832e-04
1.515832164295716211e-01 9.991845246992665519e-01 9.990586283956099933e-01 1.399191188206220832e-04
1.516252178844297305e-01 9.991307314342942059e-01 9.990583521098465036e-01 1.399191188206220832e-04
1.516672193174599670e-01 9.989079546468321302e-01 9.990580758242265658e-01 1.399191188206220832e-04
1.517092207723180763e-01 9.990805743050058529e-01 9.990577995384630761e-01 1.399353150965726618e-04
1.517512222053483129e-01 9.989472170562765374e-01 9.990575232528430272e-01 1.399191188206220832e-04
1.517932236529304646e-01 9.990525746345889635e-01 9.990572469671273881e-01 1.399191188206220832e-04
1.518352250932366587e-01 9.989622466955657698e-01 9.990569706814594886e-01 1.399191188206220832e-04
1.518772265335428528e-01 9.989804813677741757e-01 9.990566943957915891e-01 1.399191188206220832e-04
1.519192279811250046e-01 9.991490080096048221e-01 9.990564181100760610e-01 1.399221215004310876e-04
1.519612294214311987e-01 9.988274317653075274e-01 9.990561418244081615e-01 1.399191188206220832e-04
1.520032308690133505e-01 9.988844001283931906e-01 9.990558655386924114e-01 1.399191188206220832e-04
1.520452323093195446e-01 9.990033248567212754e-01 9.990555892530246229e-01 1.399191188206220832e-04
1.520872337569016963e-01 9.991469534042006773e-01 9.990553129673089838e-01 1.399649551844414066e-04
1.521292351972078905e-01 9.988576553057776364e-01 9.990550366816410843e-01 1.399455665560296461e-04
1.521712366375140846e-01 9.991170564611197014e-01 9.990547603959731848e-01 1.399191188206220832e-04
1.522132380778202787e-01 9.990499436681380407e-01 9.990544841103056184e-01 1.399191188206220832e-04
1.522552395254024304e-01 9.989256800606045594e-01 9.990542078245897573e-01 1.399191188206220832e-04
1.522972409657086246e-01 9.987653905915602204e-01 9.990539315389218578e-01 1.399191188206220832e-04
1.523392424060148187e-01 9.989044773719076842e-01 9.990536552532540693e-01 1.399191188206220832e-04
1.523812438535969704e-01 9.991497661249927331e-01 9.990533789675384302e-01 1.399191188206220832e-04
1.524232452939031646e-01 9.989931628704649125e-01 9.990531026818705307e-01 1.399191188206220832e-04
1.524652467414853163e-01 9.988889375717970864e-01 9.990528263961548916e-01 1.399327936056494592e-04
1.525072481817915104e-01 9.987874225954967988e-01 9.990525501104871031e-01 1.399210256038294856e-04
1.525492496293736622e-01 9.990449514185787416e-01 9.990522738247713530e-01 1.399191188206220832e-04
1.525912510696798563e-01 9.991743306614155884e-01 9.990519975391035645e-01 1.399226587064988849e-04
1.526332525099860504e-01 9.992522696608201471e-01 9.990517212534356650e-01 1.399191188206220832e-04
1.526752539575682022e-01 9.988492177506566039e-01 9.990514449677200259e-01 1.399191188206220832e-04
1.527172553905984387e-01 9.990369173669790825e-01 9.990511686821000881e-01 1.399222132685691252e-04
1.527592568454565480e-01 9.991616149655535573e-01 9.990508923963365984e-01 1.399298929233891268e-04
1.528012582784867845e-01 9.990476139060808780e-01 9.990506161107166605e-01 1.399191188206220832e-04
1.528432597333448939e-01 9.989863985010168923e-01 9.990503398249529488e-01 1.399191188206220832e-04
1.528852611663751304e-01 9.989946236021812753e-01 9.990500635393331219e-01 1.399191188206220832e-04
1.529272626139572822e-01 9.989792063644585829e-01 9.990497872536173718e-01 1.399191188206220832e-04
1.529692640542634763e-01 9.988569104214748418e-01 9.990495109679494723e-01 1.399210260158769163e-04
1.530112654945696704e-01 9.987764450955013418e-01 9.990492346822816838e-01 1.399191188206220832e-04
1.530532669421518221e-01 9.991005498000796736e-01 9.990489583965661557e-01 1.399191188206220832e-04
1.530952683824580163e-01 9.991295008240560493e-01 9.990486821108982562e-01 1.399191188206220832e-04
1.531372698300401680e-01 9.989636914800550382e-01 9.990484058251823951e-01 1.399191188206220832e-04
1.531792712630704045e-01 9.990985508142317117e-01 9.990481295395624572e-01 1.399242249438850628e-04
1.532212727179285139e-01 9.987971010827088048e-01 9.990478532537989675e-01 1.399279193138116845e-04
1.532632741509587504e-01 9.990960518857878725e-01 9.990475769681790297e-01 1.399191188206220832e-04
1.533052756058168598e-01 9.991819256175761277e-01 9.990473006824154290e-01 1.399208254658204555e-04
1.533472770388470963e-01 9.990293748740841639e-01 9.990470243967956021e-01 1.399191188206220832e-04
1.533892784937052056e-01 9.991083898344830239e-01 9.990467481110320014e-01 1.399191188206220832e-04
1.534312799267354421e-01 9.989386666378837765e-01 9.990464718254120635e-01 1.399191188206220832e-04
1.534732813743175939e-01 9.990626910479006861e-01 9.990461955396964244e-01 1.399192160957113797e-04
1.535152828146237880e-01 9.993557131065184951e-01 9.990459192540285249e-01 1.399191188206220832e-04
1.535572842476540245e-01 9.991613860668501212e-01 9.990456429684084760e-01 1.399293253312107368e-04
1.535992857025121339e-01 9.991259755860575353e-01 9.990453666826448753e-01 1.399191360891439279e-04
1.536412871355423704e-01 9.990388986963083529e-01 9.990450903970249374e-01 1.399191188206220832e-04
1.536832885904004797e-01 9.989196068258927586e-01 9.990448141112613367e-01 1.399912004198575037e-04
1.537252900234307162e-01 9.991574383012804539e-01 9.990445378256415099e-01 1.399556587507104315e-04
1.537672914782888256e-01 9.990773301534988660e-01 9.990442615398779092e-01 1.399191188206220832e-04
1.538092929113190621e-01 9.990943421726287133e-01 9.990439852542579713e-01 1.399191188206220832e-04
1.538512943589012139e-01 9.991794026244310567e-01 9.990437089685422212e-01 1.399191188206220832e-04
1.538932957992074080e-01 9.989356890440628245e-01 9.990434326828745437e-01 1.399191188206220832e-04
1.539352972467895597e-01 9.989411234136750251e-01 9.990431563971587936e-01 1.399191188206220832e-04
1.539772986870957538e-01 9.988636495720746300e-01 9.990428801114908941e-01 1.399191188206220832e-04
1.540193001274019480e-01 9.990656050850758030e-01 9.990426038258232166e-01 1.399705313804201919e-04
1.540613015749840997e-01 9.988211825885597861e-01 9.990423275401074665e-01 1.399191188206220832e-04
1.541033030080143362e-01 9.991280467687626565e-01 9.990420512544874176e-01 1.399191188206220832e-04
1.541453044628724456e-01 9.989843033181725618e-01 9.990417749687239279e-01 1.399191188206220832e-04
1.541873058959026821e-01 9.991331751765839542e-01 9.990414986831039901e-01 1.399191188206220832e-04
1.542293073507607915e-01 9.989355019334607011e-01 9.990412223973402783e-01 1.399191188206220832e-04
1.542713087837910280e-01 9.989690802554231919e-01 9.990409461117203405e-01 1.399191188206220832e-04
1.543133102313731797e-01 9.991213513894181553e-01 9.990406698260047014e-01 1.399251140135978515e-04
1.543553116716793738e-01 9.989388227415771926e-01 9.990403935403369129e-01 1.399191188206220832e-04
1.543973131119855680e-01 9.989839018169299756e-01 9.990401172546690134e-01 1.399191188206220832e-04
1.544393145595677197e-01 9.990337663361995579e-01 9.990398409689533743e-01 1.399191188206220832e-04
1.544813159998739138e-01 9.986762733796343827e-01 9.990395646832855858e-01 1.399191188206220832e-04
1.545233174474560656e-01 9.989518448943152107e-01 9.990392883975698357e-01 1.399191188206220832e-04
1.545653188877622597e-01 9.991435250964089132e-01 9.990390121119020472e-01 1.399191188206220832e-04
1.546073203353444114e-01 9.990017042903206468e-01 9.990387358261864081e-01 1.399191188206220832e-04
1.546493217683746479e-01 9.990670531908887320e-01 9.990384595405664703e-01 1.399191188206220832e-04
1.546913232159567997e-01 9.988620351303549860e-01 9.990381832548506091e-01 1.399191188206220832e-04
1.547333246562629938e-01 9.989837117230989660e-01 9.990379069691828207e-01 1.399191188206220832e-04
1.547753261038451456e-01 9.989033572697542107e-01 9.990376306834671816e-01 1.399199046088440090e-04
1.548173275441513397e-01 9.992144439205588036e-01 9.990373543977992821e-01 1.399191188206220832e-04
1.548593289844575338e-01 9.991019334020279086e-01 9.990370781121313826e-01 1.399191188206220832e-04
1.549013304320396855e-01 9.988330625625361225e-01 9.990368018264158545e-01 1.399220822252508387e-04
1.549433318723458797e-01 9.991017304478874150e-01 9.990365255407479550e-01 1.399191188206220832e-04
1.549853333199280314e-01 9.986395780015561163e-01 9.990362492550323159e-01 1.400634144627383847e-04
1.550273347602342255e-01 9.990001779766956025e-01 9.990359729693645274e-01 1.399329075978556229e-04
1.550693362078163773e-01 9.989169390260319581e-01 9.990356966836487773e-01 1.399191188206220832e-04
1.551113376481225714e-01 9.991722000442383456e-01 9.990354203979809888e-01 1.399191188206220832e-04
1.551533390884287655e-01 9.991980327611750257e-01 9.990351441123130893e-01 1.399336410713995955e-04
1.551953405287349597e-01 9.990261445318936451e-01 9.990348678266454119e-01 1.399859395512594072e-04
1.552373419690411538e-01 9.989747690251864487e-01 9.990345915409775124e-01 1.399191188206220832e-04
1.552793434166233055e-01 9.988598693851926669e-01 9.990343152552618733e-01 1.399754285893528105e-04
1.553213448569294997e-01 9.992659176578141400e-01 9.990340389695940848e-01 1.399191188206220832e-04
1.553633463045116514e-01 9.987053501995514226e-01 9.990337626838782237e-01 1.399191188206220832e-04
1.554053477448178455e-01 9.988613823970502459e-01 9.990334863982105462e-01 1.399191188206220832e-04
1.554473491923999973e-01 9.990142316341599216e-01 9.990332101124947961e-01 1.399191188206220832e-04
1.554893506327061914e-01 9.989081298727126024e-01 9.990329338268270076e-01 1.399191188206220832e-04
1.555313520730123855e-01 9.989561068331314075e-01 9.990326575411591081e-01 1.399028259238202922e-04
1.555733535205945373e-01 9.991597552970764573e-01 9.990323812554435801e-01 1.399191188206220832e-04
1.556153549609007314e-01 9.990166592486742214e-01 9.990321049697756806e-01 1.399443930676091963e-04
1.556573564084828831e-01 9.992542954946141975e-01 9.990318286840598194e-01 1.399250371069562062e-04
1.556993578415131196e-01 9.989783847689773788e-01 9.990315523984398816e-01 1.399203257329342527e-04
1.557413592890952714e-01 9.990980139286974593e-01 9.990312761127243535e-01 1.399191188206220832e-04
1.557833607294014655e-01 9.989010563784165297e-01 9.990309998270564540e-01 1.399191188206220832e-04
1.558253621769836172e-01 9.989600745580390351e-01 9.990307235413405929e-01 1.399192302278730749e-04
1.558673636172898114e-01 9.988368703206839117e-01 9.990304472556730264e-01 1.399191188206220832e-04
1.559093650648719631e-01 9.991756043370586537e-01 9.990301709699572763e-01 1.399191188206220832e-04
1.559513665051781572e-01 9.990088510675204647e-01 9.990298946842893768e-01 1.399191188206220832e-04
1.559933679454843514e-01 9.989748511136328224e-01 9.990296183986215883e-01 1.399417162792172071e-04
1.560353693930665031e-01 9.989024750918004125e-01 9.990293421129059492e-01 1.399191188206220832e-04
1.560773708260967396e-01 9.988758428041621951e-01 9.990290663373579960e-01 1.399191188206220832e-04
1.561193722809548490e-01 9.990072011423768439e-01 9.990287915650492012e-01 1.399195609656831796e-04
1.561613737139850855e-01 9.988373882745327226e-01 9.990285167928831811e-01 1.399899634238081835e-04
1.562033751615672372e-01 9.987744720294596812e-01 9.990282420206219038e-01 1.400093484470422099e-04
1.562453766018734314e-01 9.991223860619550257e-01 9.990279672484082552e-01 1.399191188206220832e-04
1.562873780494555831e-01 9.992761794133381281e-01 9.990276924761469779e-01 1.399191188206220832e-04
1.563293794897617772e-01 9.989073331112505727e-01 9.990274177039335513e-01 1.399607398010210163e-04
1.563713809300679713e-01 9.989099727280716934e-01 9.990271429317199026e-01 1.399191188206220832e-04
1.564133823776501231e-01 9.988817886103641408e-01 9.990268681594586253e-01 1.399191188206220832e-04
1.564553838179563172e-01 9.988556510867101501e-01 9.990265933872451987e-01 1.399191188206220832e-04
1.564973852655384690e-01 9.988686960513131208e-01 9.990263186149839214e-01 1.399191188206220832e-04
1.565393866985687055e-01 9.986886178032908790e-01 9.990260438428179013e-01 1.399736305303967169e-04
1.565813881534268148e-01 9.988791572762293347e-01 9.990257690705089955e-01 1.399191188206220832e-04
1.566233895864570513e-01 9.990669129102371926e-01 9.990254942983430864e-01 1.399191188206220832e-04
1.566653910340392031e-01 9.991397140849109793e-01 9.990252195260818091e-01 1.399191188206220832e-04
1.567073924743453972e-01 9.989713218238075454e-01 9.990249447538682714e-01 1.399214268770602207e-04
1.567493939219275489e-01 9.989274374331535977e-01 9.990246699816072162e-01 1.399191188206220832e-04
1.567913953622337431e-01 9.989936531422182187e-01 9.990243952093935675e-01 1.399191188206220832e-04
1.568333968025399372e-01 9.987889617724449165e-01 9.990241204371799189e-01 1.399191188206220832e-04
1.568753982501220889e-01 9.986633286025641265e-01 9.990238456649186416e-01 1.399191188206220832e-04
1.569173996831523255e-01 9.987613080251191988e-01 9.990235708927527325e-01 1.399191188206220832e-04
1.569594011380104348e-01 9.990682036945732758e-01 9.990232961204438267e-01 1.399191188206220832e-04
1.570014025710406713e-01 9.989181176355492742e-01 9.990230213482778066e-01 1.399191188206220832e-04
1.570434040186228231e-01 9.991236168549676444e-01 9.990227465760167513e-01 1.399191188206220832e-04
1.570854054589290172e-01 9.990586081050421008e-01 9.990224718038029916e-01 1.399191188206220832e-04
1.571274069065111689e-01 9.987140037762204381e-01 9.990221970315418254e-01 1.399256903748054455e-04
1.571694083468173631e-01 9.989838978762661803e-01 9.990219222593283988e-01 1.399191188206220832e-04
1.572114097871235572e-01 9.990519504010485496e-01 9.990216474871147501e-01 1.399191188206220832e-04
1.572534112347057089e-01 9.989984404506557780e-01 9.990213727148534728e-01 1.399613675319375525e-04
1.572954126750119030e-01 9.991785627306565276e-01 9.990210979426398241e-01 1.399191188206220832e-04
1.573374141225940548e-01 9.989070607459498152e-01 9.990208231703785469e-01 1.399191188206220832e-04
1.573794155556242913e-01 9.990362714290597079e-01 9.990205483982126378e-01 1.399191188206220832e-04
1.574214170104824007e-01 9.989165855698527441e-01 9.990202736259038430e-01 1.399191188206220832e-04
1.574634184435126372e-01 9.987614244736815472e-01 9.990199988537378228e-01 1.399191188206220832e-04
1.575054198910947889e-01 9.986965777967743429e-01 9.990197240814767676e-01 1.399191188206220832e-04
1.575474213314009830e-01 9.989509860206843284e-01 9.990194493092630079e-01 1.399191188206220832e-04
1.575894227789831348e-01 9.990860946769580808e-01 9.990191745370018417e-01 1.399191188206220832e-04
1.576314242192893289e-01 9.988696021849587936e-01 9.990188997647881930e-01 1.399191188206220832e-04
1.576734256595955230e-01 9.990974830971881548e-01 9.990186249925746553e-01 1.399191188206220832e-04
1.577154271071776748e-01 9.989524442343096222e-01 9.990183502203133781e-01 1.399191188206220832e-04
1.577574285402079113e-01 9.988405512343219161e-01 9.990180754481473580e-01 1.399191188206220832e-04
1.577994299950660206e-01 9.989249057886736560e-01 9.990178006758385632e-01 1.399191188206220832e-04
1.578414314280962572e-01 9.990793242513520411e-01 9.990175259036726541e-01 1.399216094223911498e-04
1.578834328756784089e-01 9.990554420036764638e-01 9.990172511314113768e-01 1.399191188206220832e-04
1.579254343159846030e-01 9.989840818021086255e-01 9.990169763591978391e-01 1.399191188206220832e-04
1.579674357635667548e-01 9.989318647152219954e-01 9.990167015869366729e-01 1.399191188206220832e-04
1.580094372038729489e-01 9.990272854032481442e-01 9.990164268147230242e-01 1.399192838085729020e-04
1.580514386441791430e-01 9.987111347327883859e-01 9.990161520425093755e-01 1.399191188206220832e-04
1.580934400917612948e-01 9.987903077360879012e-01 9.990158772702480983e-01 1.399191188206220832e-04
1.581354415320674889e-01 9.990596647881579973e-01 9.990156024980345606e-01 1.399191188206220832e-04
1.581774429796496406e-01 9.988668004934784239e-01 9.990153277257733944e-01 1.399242125009895533e-04
1.582194444126798771e-01 9.991214412095070774e-01 9.990150529536072632e-01 1.399191188206220832e-04
1.582614458602620289e-01 9.989401320350865809e-01 9.990147781813460970e-01 1.399643488345801083e-04
1.583034473005682230e-01 9.989284261928016440e-01 9.990145034091326703e-01 1.399191188206220832e-04
1.583454487481503747e-01 9.991590760050017561e-01 9.990142286368713931e-01 1.399207384333081279e-04
1.583874501884565689e-01 9.989746814510005457e-01 9.990139538646577444e-01 1.399191188206220832e-04
1.584294516360387206e-01 9.988186580369216028e-01 9.990136790923965782e-01 1.399193450744743794e-04
1.584714530763449147e-01 9.993365550290934651e-01 9.990134043201829295e-01 1.399191188206220832e-04
1.585134545166511089e-01 9.989377277035597080e-01 9.990131295479692808e-01 1.399191188206220832e-04
1.585554559642332606e-01 9.991095422033358098e-01 9.990128547757081146e-01 1.399191188206220832e-04
1.585974573972634971e-01 9.986389217196312007e-01 9.990125800035422055e-01 1.399486110909873920e-04
1.586394588448456489e-01 9.989264588890043317e-01 9.990123052312810392e-01 1.399310454090942491e-04
1.586814602851518430e-01 9.988478560610775103e-01 9.990120304590672795e-01 1.399191188206220832e-04
1.587234617327339947e-01 9.991158360499170499e-01 9.990117556868062243e-01 1.399191188206220832e-04
1.587654631730401888e-01 9.989919097097129663e-01 9.990114809145925756e-01 1.399191188206220832e-04
1.588074646206223406e-01 9.990278950734056140e-01 9.990112061423312984e-01 1.399191188206220832e-04
1.588494660609285347e-01 9.991653888741193201e-01 9.990109313701176497e-01 1.399191188206220832e-04
1.588914675012347288e-01 9.989219454151906374e-01 9.990106565979040010e-01 1.399191188206220832e-04
1.589334689488168806e-01 9.989788619637979261e-01 9.990103818256429458e-01 1.399690063636444080e-04
1.589754703891230747e-01 9.989079406245554571e-01 9.990101070534292971e-01 1.399191188206220832e-04
1.590174718294292688e-01 9.991681357534093477e-01 9.990098322812156484e-01 1.399275501964339081e-04
1.590594732697354630e-01 9.988104896465695992e-01 9.990095575090022217e-01 1.399191188206220832e-04
1.591014747173176147e-01 9.991016078463341721e-01 9.990092827367409445e-01 1.399681102216667264e-04
1.591434761576238088e-01 9.988536527399711762e-01 9.990090079645272958e-01 1.399191188206220832e-04
1.591854776052059606e-01 9.990553010892584407e-01 9.990087331922660185e-01 1.399191188206220832e-04
1.592274790455121547e-01 9.988361665883443985e-01 9.990084584200524809e-01 1.399191188206220832e-04
1.592694804930943064e-01 9.987540060135359221e-01 9.990081836477913146e-01 1.399191188206220832e-04
1.593114819334005006e-01 9.989521007079331660e-01 9.990079088755776660e-01 1.399191188206220832e-04
1.593534833737066947e-01 9.988194200551436808e-01 9.990076341033641283e-01 1.399276777189496215e-04
1.593954848140128888e-01 9.990722575036398156e-01 9.990073593311504796e-01 1.399281382158388046e-04
1.594374862543190829e-01 9.991126593586081572e-01 9.990070845589369419e-01 1.399191188206220832e-04
1.594794877019012347e-01 9.990069790090641000e-01 9.990068097866756647e-01 1.399191188206220832e-04
1.595214891422074288e-01 9.989055486180847820e-01 9.990065350144621270e-01 1.399191188206220832e-04
1.595634905897895806e-01 9.987559528941638565e-01 9.990062602422008498e-01 1.399191188206220832e-04
1.596054920300957747e-01 9.986701871022037880e-01 9.990059854699872011e-01 1.399191188206220832e-04
1.596474934776779264e-01 9.990159976977991407e-01 9.990057106977259238e-01 1.399191188206220832e-04
1.596894949179841205e-01 9.989748595335182779e-01 9.990054359255124972e-01 1.399191188206220832e-04
1.597314963582903147e-01 9.992310012519080020e-01 9.990051611532988485e-01 1.399191188206220832e-04
1.597734977985965088e-01 9.991074007071762964e-01 9.990048863810851998e-01 1.399191188206220832e-04
1.598154992461786605e-01 9.991012944767859727e-01 9.990046116088241446e-01 1.399191188206220832e-04
1.598575006864848547e-01 9.989099946256911888e-01 9.990043368366104959e-01 1.399257196761925000e-04
1.598995021267910488e-01 9.990677034180373006e-01 9.990040620643968472e-01 1.399254181576132172e-04
1.599415035743732005e-01 9.989628219587429747e-01 9.990037872921355699e-01 1.399191188206220832e-04
1.599835050146793947e-01 9.990394937747975046e-01 9.990035125199220323e-01 1.399191188206220832e-04
1.600255064622615464e-01 9.989559847112177149e-01 9.990032377476607550e-01 1.399191188206220832e-04
1.600675078952917829e-01 9.991490901005593006e-01 9.990029629754947349e-01 1.399191188206220832e-04
1.601095093501498923e-01 9.988548348321406589e-01 9.990026882031859401e-01 1.399191188206220832e-04
1.601515107831801288e-01 9.989490906575833051e-01 9.990024134310200310e-01 1.399191188206220832e-04
1.601935122307622805e-01 9.988739878167518516e-01 9.990021386587588648e-01 1.399191188206220832e-04
1.602355136710684747e-01 9.991160193559081026e-01 9.990018638865452161e-01 1.399191188206220832e-04
1.602775151113746688e-01 9.991703798272539849e-01 9.990015891143316784e-01 1.399191188206220832e-04
1.603195165589568205e-01 9.989346649266969136e-01 9.990013143420704012e-01 1.399376865190150019e-04
1.603615179992630146e-01 9.994321546297690873e-01 9.990010395698567525e-01 1.399192744260185440e-04
1.604035194468451664e-01 9.990476193686480544e-01 9.990007647975955862e-01 1.399191188206220832e-04
1.604455208798754029e-01 9.990641195365218552e-01 9.990004900254296771e-01 1.399191188206220832e-04
1.604875223347335123e-01 9.988376700319957502e-01 9.990002152531207713e-01 1.399191188206220832e-04
1.605295237677637488e-01 9.987327701731524288e-01 9.989999401507811960e-01 1.399191188206220832e-04
1.605715252153459005e-01 9.991284551187715746e-01 9.989996647361333304e-01 1.399191188206220832e-04
1.606135266556520946e-01 9.990721957667890729e-01 9.989993893215329823e-01 1.399191188206220832e-04
1.606555281032342464e-01 9.991076463091456139e-01 9.989991139068851167e-01 1.399191188206220832e-04
1.606975295435404405e-01 9.989036767532752936e-01 9.989988384922846576e-01 1.399191188206220832e-04
1.607395309765706770e-01 9.990593947090049554e-01 9.989985630777321601e-01 1.399191188206220832e-04
1.607815324314287864e-01 9.990602210994983245e-01 9.989982876630364439e-01 1.399191188206220832e-04
1.608235338644590229e-01 9.989652936625832425e-01 9.989980122484839464e-01 1.399191188206220832e-04
1.608655353193171322e-01 9.989957416584630545e-01 9.989977368337883412e-01 1.399191188206220832e-04
1.609075367523473687e-01 9.993103980004486298e-01 9.989974614192356217e-01 1.399191188206220832e-04
1.609495382072054781e-01 9.991426203141164919e-01 9.989971860045401275e-01 1.399191188206220832e-04
1.609915396402357146e-01 9.989528301610314243e-01 9.989969105899874080e-01 1.399191188206220832e-04
1.610335410805419087e-01 9.991509157208168235e-01 9.989966351753871709e-01 1.399191188206220832e-04
1.610755425281240605e-01 9.988440447602934258e-01 9.989963597607393053e-01 1.399191188206220832e-04
1.611175439611542970e-01 9.990327915393524272e-01 9.989960843461865858e-01 1.399191188206220832e-04
1.611595454160124063e-01 9.990457400569451307e-01 9.989958089314909806e-01 1.399191188206220832e-04
1.612015468490426429e-01 9.991973620785790100e-01 9.989955335169383721e-01 1.399191778773628634e-04
1.612435483039007522e-01 9.990889787851380266e-01 9.989952581022427669e-01 1.399191188206220832e-04
1.612855497369309887e-01 9.989490228424661167e-01 9.989949826876902694e-01 1.399191188206220832e-04
1.613275511845131405e-01 9.991118440135788870e-01 9.989947072730421818e-01 1.399191188206220832e-04
1.613695526248193346e-01 9.988305053379818998e-01 9.989944318584419447e-01 1.399191188206220832e-04
1.614115540651255287e-01 9.992114292645476459e-01 9.989941564438415966e-01 1.399191188206220832e-04
1.614535555127076805e-01 9.987809315481172012e-01 9.989938810291937310e-01 1.399191188206220832e-04
1.614955569530138746e-01 9.990088706779362004e-01 9.989936056145933829e-01 1.399191188206220832e-04
1.615375584005960263e-01 9.989564304805822470e-01 9.989933301999455173e-01 1.399191188206220832e-04
1.615795598336262628e-01 9.989825133426410986e-01 9.989930547853929088e-01 1.399191188206220832e-04
1.616215612884843722e-01 9.989511721055084337e-01 9.989927793706971926e-01 1.399191188206220832e-04
1.616635627215146087e-01 9.990963317792674880e-01 9.989925039561446951e-01 1.399191188206220832e-04
1.617055641690967605e-01 9.987596923303946328e-01 9.989922285414966074e-01 1.399191188206220832e-04
1.617475656094029546e-01 9.991744234223461918e-01 9.989919531268964814e-01 1.399191188206220832e-04
1.617895670497091487e-01 9.992083193755705306e-01 9.989916777122962444e-01 1.399192329722161036e-04
1.618315684972913004e-01 9.988966655841718945e-01 9.989914022976481567e-01 1.399593041313643995e-04
1.618735699375974946e-01 9.989836950146909755e-01 9.989911268830479196e-01 1.399191188206220832e-04
1.619155713851796463e-01 9.990314619599358625e-01 9.989908514683999430e-01 1.399191188206220832e-04
1.619575728182098828e-01 9.990482234794130223e-01 9.989905760538473345e-01 1.399191188206220832e-04
1.619995742657920346e-01 9.991683546938697758e-01 9.989903006391995799e-01 1.399191188206220832e-04
1.620415757060982287e-01 9.991663490505021672e-01 9.989900252245991208e-01 1.399191188206220832e-04
1.620835771536803804e-01 9.989633331237210978e-01 9.989897498099510331e-01 1.399223087264753532e-04
1.621255785939865746e-01 9.990026904893964943e-01 9.989894743953509071e-01 1.399191188206220832e-04
1.621675800415687263e-01 9.990289209668491432e-01 9.989891989807029304e-01 1.399191188206220832e-04
1.622095814818749204e-01 9.991742387497388744e-01 9.989889235661026934e-01 1.399191188206220832e-04
1.622515829221811146e-01 9.990143055373235104e-01 9.989886481515023453e-01 1.399191188206220832e-04
1.622935843624873087e-01 9.990600551211874514e-01 9.989883727369022193e-01 1.399191188206220832e-04
1.623355858100694604e-01 9.987142646826397963e-01 9.989880973222541316e-01 1.399191188206220832e-04
1.623775872503756545e-01 9.988281057758370274e-01 9.989878219076540056e-01 1.399191188206220832e-04
1.624195886906818487e-01 9.992032944590607535e-01 9.989875464930535465e-01 1.399191188206220832e-04
1.624615901382640004e-01 9.991133848188286093e-01 9.989872710784057919e-01 1.399203579006485457e-04
1.625035915785701945e-01 9.988141543093502772e-01 9.989869956638053328e-01 1.399191188206220832e-04
1.625455930261523463e-01 9.988486662596807175e-01 9.989867202491573561e-01 1.399191188206220832e-04
1.625875944591825828e-01 9.990601565078053303e-01 9.989864448346048587e-01 1.400347768670809269e-04
1.626295959067647345e-01 9.990821610195480540e-01 9.989861694199568820e-01 1.399191188206220832e-04
1.626715973470709287e-01 9.990314447138062270e-01 9.989858940053566450e-01 1.399191188206220832e-04
1.627135987946530804e-01 9.991098587314648505e-01 9.989856185907085573e-01 1.399191188206220832e-04
1.627556002349592745e-01 9.988955705774085203e-01 9.989853431761084313e-01 1.399203148871653354e-04
1.627976016752654687e-01 9.989902471580182075e-01 9.989850677615081942e-01 1.399191188206220832e-04
1.628396031228476204e-01 9.989449660104294804e-01 9.989847923468602175e-01 1.399191188206220832e-04
1.628816045558778569e-01 9.990762322748947266e-01 9.989845169323076091e-01 1.399191188206220832e-04
1.629236060107359663e-01 9.991158667820724260e-01 9.989842415176118928e-01 1.399191188206220832e-04
1.629656074437662028e-01 9.991013003750731647e-01 9.989839661030592843e-01 1.399191188206220832e-04
1.630076088986243121e-01 9.990263716768053026e-01 9.989836906883635681e-01 1.399344170873385222e-04
1.630496103316545486e-01 9.990547118681659677e-01 9.989834152738110706e-01 1.399212949267131961e-04
1.630916117719607428e-01 9.988724940291694443e-01 9.989831398592109446e-01 1.399191188206220832e-04
1.631336132195428945e-01 9.990026343708225953e-01 9.989828644445628569e-01 1.399191188206220832e-04
1.631756146598490886e-01 9.989867381683703584e-01 9.989825890299626199e-01 1.399191188206220832e-04
1.632176161074312404e-01 9.989375013128855008e-01 9.989823136153147543e-01 1.399191188206220832e-04
1.632596175404614769e-01 9.989298116990272813e-01 9.989820382007621458e-01 1.399191188206220832e-04
1.633016189953195862e-01 9.990704864292450083e-01 9.989817627860665405e-01 1.399191188206220832e-04
1.633436204283498228e-01 9.992325859790499587e-01 9.989814873715138210e-01 1.399191188206220832e-04
1.633856218759319745e-01 9.988061009103313959e-01 9.989812119568659554e-01 1.399385866476532945e-04
1.634276233162381686e-01 9.989692236420243399e-01 9.989809364292419058e-01 1.399191188206220832e-04
1.634696247565443628e-01 9.988440096309608718e-01 9.989806602611177588e-01 1.399191188206220832e-04
1.635116262041265145e-01 9.989792722278488801e-01 9.989803840929460943e-01 1.399191188206220832e-04
1.635536276444327086e-01 9.989512783274415719e-01 9.989801079248219473e-01 1.399191188206220832e-04
1.635956290920148604e-01 9.990541663003706940e-01 9.989798317566499497e-01 1.399191188206220832e-04
1.636376305250450969e-01 9.990456769931407299e-01 9.989795555885737643e-01 1.399191188206220832e-04
1.636796319726272486e-01 9.987174151165407743e-01 9.989792794204019888e-01 1.399191188206220832e-04
1.637216334129334427e-01 9.990980593032744439e-01 9.989790032522778418e-01 1.399191188206220832e-04
1.637636348605155945e-01 9.988300357353804282e-01 9.989787270841060662e-01 1.399191188206220832e-04
1.638056363008217886e-01 9.990765259063308923e-01 9.989784509159819192e-01 1.399191188206220832e-04
1.638476377484039403e-01 9.989272554117863967e-01 9.989781747478100327e-01 1.399191188206220832e-04
1.638896391887101345e-01 9.988324803473815905e-01 9.989778985796858857e-01 1.399191188206220832e-04
1.639316406290163286e-01 9.991849998720191417e-01 9.989776224115619607e-01 1.399191188206220832e-04
1.639736420693225227e-01 9.987662744586347507e-01 9.989773462434380358e-01 1.399191188206220832e-04
1.640156435169046745e-01 9.988551644196657087e-01 9.989770700752660382e-01 1.399191188206220832e-04
1.640576449572108686e-01 9.990998282953004184e-01 9.989767939071418912e-01 1.399191188206220832e-04
1.640996463975170627e-01 9.988524558952178722e-01 9.989765177390179662e-01 1.399191188206220832e-04
1.641416478450992145e-01 9.988201965386706016e-01 9.989762415708460797e-01 1.399264770735728818e-04
1.641836492781294510e-01 9.990265157522320028e-01 9.989759654027698943e-01 1.399191188206220832e-04
1.642256507329875603e-01 9.989943205064467646e-01 9.989756892345501571e-01 1.399191188206220832e-04
1.642676521660177968e-01 9.988477384468940068e-01 9.989754130664738607e-01 1.399191188206220832e-04
1.643096536135999486e-01 9.990406533246199983e-01 9.989751368983019741e-01 1.399253465015967018e-04
1.643516550539061427e-01 9.990560726781783085e-01 9.989748607301779382e-01 1.399191188206220832e-04
1.643936565014882945e-01 9.992146695059274109e-01 9.989745845620061626e-01 1.399191188206220832e-04
1.644356579417944886e-01 9.991590044958749139e-01 9.989743083938820156e-01 1.399191188206220832e-04
1.644776593748247251e-01 9.989105838624692257e-01 9.989740322258058303e-01 1.399191188206220832e-04
1.645196608296828344e-01 9.991060424023272546e-01 9.989737560575860931e-01 1.399191188206220832e-04
1.645616622627130710e-01 9.988581551303263861e-01 9.989734798895100187e-01 1.399191188206220832e-04
1.646036637175711803e-01 9.992151772913083763e-01 9.989732037212900595e-01 1.399191188206220832e-04
1.646456651506014168e-01 9.990707008741670503e-01 9.989729275532139852e-01 1.399191188206220832e-04
1.646876665981835686e-01 9.990620184721963337e-01 9.989726513850422096e-01 1.399191188206220832e-04
1.647296680384897627e-01 9.988344063596373834e-01 9.989723752169180626e-01 1.399191188206220832e-04
1.647716694787959568e-01 9.991307120425165778e-01 9.989720990487939156e-01 1.399191188206220832e-04
1.648136709263781086e-01 9.990973056071631442e-01 9.989718228806222511e-01 1.399191188206220832e-04
1.648556723666843027e-01 9.989939640982929969e-01 9.989715467124981041e-01 1.399191188206220832e-04
1.648976738142664544e-01 9.990366562560580865e-01 9.989712705443262175e-01 1.399191188206220832e-04
1.649396752472966909e-01 9.988847121252852901e-01 9.989709943762499211e-01 1.399191188206220832e-04
1.649816766948788427e-01 9.988978659454369469e-01 9.989707182080781456e-01 1.399191188206220832e-04
1.650236781351850368e-01 9.989143655198421401e-01 9.989704420399541096e-01 1.399191188206220832e-04
1.650656795827671885e-01 9.991406225080581294e-01 9.989701658717822230e-01 1.399191188206220832e-04
1.651076810230733827e-01 9.988993325482662389e-01 9.989698897036580760e-01 1.399191188206220832e-04
1.651496824633795768e-01 9.990321300576548991e-01 9.989696135355341511e-01 1.399191188206220832e-04
1.651916839036857709e-01 9.987649922679104897e-01 9.989693373674100041e-01 1.399191188206220832e-04
1.652336853512679227e-01 9.989298625105079710e-01 9.989690611992380065e-01 1.399191188206220832e-04
1.652756867915741168e-01 9.989859005603678455e-01 9.989687850311141926e-01 1.399191188206220832e-04
1.653176882318803109e-01 9.990692678325484577e-01 9.989685088629900456e-01 1.399191188206220832e-04
1.653596896794624627e-01 9.991715177861999475e-01 9.989682326948181590e-01 1.399191188206220832e-04
1.654016911197686568e-01 9.987735635076689933e-01 9.989679565266941230e-01 1.399191188206220832e-04
1.654436925673508085e-01 9.988808588744986228e-01 9.989676803585222364e-01 1.399191188206220832e-04
1.654856940003810450e-01 9.991708565641669315e-01 9.989674041904460511e-01 1.399198740242582552e-04
1.655276954552391544e-01 9.990364661275062952e-01 9.989671280222264249e-01 1.399191188206220832e-04
1.655696968882693909e-01 9.989900973215939395e-01 9.989668518541500175e-01 1.399191188206220832e-04
1.656116983358515427e-01 9.989971730373587988e-01 9.989665756859781309e-01 1.399503491842249241e-04
1.656536997761577368e-01 9.990811082358311834e-01 9.989662995178540950e-01 1.399191188206220832e-04
1.656957012164639309e-01 9.990183167319459656e-01 9.989660233497302810e-01 1.399191188206220832e-04
1.657377026640460826e-01 9.988907829033326635e-01 9.989657471815581724e-01 1.399220277014685127e-04
1.657797040970763192e-01 9.989156163323902327e-01 9.989654710134819871e-01 1.399191188206220832e-04
1.658217055519344285e-01 9.990131099188976904e-01 9.989651948452622499e-01 1.399191188206220832e-04
1.658637069849646650e-01 9.988901379766769173e-01 9.989649186771861755e-01 1.399191188206220832e-04
1.659057084398227744e-01 9.992329623832068020e-01 9.989646425089662163e-01 1.399191188206220832e-04
1.659477098728530109e-01 9.992168340258587023e-01 9.989643663408902530e-01 1.399191188206220832e-04
1.659897113131592050e-01 9.988916726236917176e-01 9.989640901727661060e-01 1.399191188206220832e-04
1.660317127607413568e-01 9.990642364318184088e-01 9.989638140045942194e-01 1.399191188206220832e-04
1.660737142010475509e-01 9.991856510864162155e-01 9.989635378364701834e-01 1.399191188206220832e-04
1.661157156486297026e-01 9.990708038236089106e-01 9.989632616682984079e-01 1.399191188206220832e-04
1.661577170816599391e-01 9.990705432478671488e-01 9.989629855002222225e-01 1.399191188206220832e-04
1.661997185292420909e-01 9.988879134682938643e-01 9.989627093320502249e-01 1.399255770514432225e-04
1.662417199695482850e-01 9.989856382592914308e-01 9.989624331639260779e-01 1.399191188206220832e-04
1.662837214171304367e-01 9.989898902084366483e-01 9.989621569957543024e-01 1.399191188206220832e-04
1.663257228574366309e-01 9.991921442961593236e-01 9.989618808276302664e-01 1.399191188206220832e-04
1.663677243050187826e-01 9.988806311972340257e-01 9.989616046594583798e-01 1.399191188206220832e-04
1.664097257380490191e-01 9.987773382815534617e-01 9.989613284913821944e-01 1.399191188206220832e-04
1.664517271856311709e-01 9.989242061642277237e-01 9.989610523232103079e-01 1.399191188206220832e-04
1.664937286259373650e-01 9.989449357152847542e-01 9.989607761550861609e-01 1.399401553214589468e-04
1.665357300735195167e-01 9.988960078356646788e-01 9.989604999869142743e-01 1.399191188206220832e-04
1.665777315138257109e-01 9.991956379585487102e-01 9.989602238187903493e-01 1.399191188206220832e-04
1.666197329541319050e-01 9.989665249854541296e-01 9.989599476506662024e-01 1.399324339699783081e-04
1.666617344017140567e-01 9.988475784290116177e-01 9.989596714824944268e-01 1.399191188206220832e-04
1.667037358347442932e-01 9.987876486652617070e-01 9.989593953144180194e-01 1.399191188206220832e-04
1.667457372896024026e-01 9.989603762149424915e-01 9.989591191461983932e-01 1.399191188206220832e-04
1.667877387226326391e-01 9.990931571351195917e-01 9.989588429781222079e-01 1.399845824237964270e-04
1.668297401702147909e-01 9.989718340457095502e-01 9.989585668099503213e-01 1.399191188206220832e-04
1.668717416105209850e-01 9.991032875313384798e-01 9.989582906418263963e-01 1.399252191733635668e-04
1.669137430508271791e-01 9.990575898315313674e-01 9.989580144737022493e-01 1.399191188206220832e-04
1.669557444984093308e-01 9.990686238152310938e-01 9.989577383055302517e-01 1.399291645511013230e-04
1.669977459314395674e-01 9.987851613243612370e-01 9.989574621374541774e-01 1.399191188206220832e-04
1.670397473862976767e-01 9.990343926329131596e-01 9.989571859692344402e-01 1.399191188206220832e-04
1.670817488193279132e-01 9.989035977601931071e-01 9.989569098011582549e-01 1.399191188206220832e-04
1.671237502669100650e-01 9.989644106441301075e-01 9.989566336329863683e-01 1.399292634531117379e-04
1.671657517072162591e-01 9.987798854250605762e-01 9.989563574648623323e-01 1.399191188206220832e-04
1.672077531547984108e-01 9.990738213085319508e-01 9.989560812966903347e-01 1.399910676236651669e-04
1.672497545951046050e-01 9.990169986704101612e-01 9.989558051285664098e-01 1.399242222407217945e-04
1.672917560354107991e-01 9.987729082852818685e-01 9.989555289604422628e-01 1.399191188206220832e-04
1.673337574757169932e-01 9.989962321622152253e-01 9.989552527923183378e-01 1.399191188206220832e-04
1.673757589160231873e-01 9.989533880438900004e-01 9.989549766241941908e-01 1.399254592015813003e-04
1.674177603636053391e-01 9.990051944856660482e-01 9.989547004560223042e-01 1.399191188206220832e-04
1.674597618039115332e-01 9.989314757427856240e-01 9.989544242878983793e-01 1.399901592307221335e-04
1.675017632514936849e-01 9.990462587776776093e-01 9.989541481197263817e-01 1.399191188206220832e-04
1.675437646845239215e-01 9.988698384900022154e-01 9.989538719516501963e-01 1.399191188206220832e-04
1.675857661393820308e-01 9.990120731447459379e-01 9.989535957834305702e-01 1.400834779250744279e-04
1.676277675724122673e-01 9.988977876770245290e-01 9.989533196153542738e-01 1.399191188206220832e-04
1.676697690199944191e-01 9.989445245554890995e-01 9.989530434471822762e-01 1.399226101307685598e-04
1.677117704603006132e-01 9.990600323780772785e-01 9.989527672790583512e-01 1.399191188206220832e-04
1.677537719078827649e-01 9.991659010285324216e-01 9.989524911108864647e-01 1.399191188206220832e-04
1.677957733481889591e-01 9.988095329936825806e-01 9.989522149427623177e-01 1.399191188206220832e-04
1.678377747812191956e-01 9.988943455844125907e-01 9.989519387746861323e-01 1.399191188206220832e-04
1.678797762360773049e-01 9.989220112087073833e-01 9.989516626064665061e-01 1.399673692674845474e-04
1.679217776691075414e-01 9.989274745087622920e-01 9.989513864383903208e-01 1.399218917294944625e-04
1.679637791239656508e-01 9.988853668216637338e-01 9.989511102701705836e-01 1.399208305931212205e-04
1.680057805569958873e-01 9.989793524443750794e-01 9.989508341020941762e-01 1.399763122387742947e-04
1.680477820045780391e-01 9.988912375794939402e-01 9.989505579339225116e-01 1.399191188206220832e-04
1.680897834448842332e-01 9.987664116127334957e-01 9.989502817657983647e-01 1.399191188206220832e-04
1.681317848851904273e-01 9.990550803829549853e-01 9.989500055976743287e-01 1.399191188206220832e-04
1.681737863327725790e-01 9.992872344152041730e-01 9.989497294295025531e-01 1.399191188206220832e-04
1.682157877658028156e-01 9.988606834927373779e-01 9.989494532614263678e-01 1.399191188206220832e-04
1.682577892133849673e-01 9.989176623461933913e-01 9.989491770932543702e-01 1.399191188206220832e-04
1.682997906536911614e-01 9.990197418830301102e-01 9.989489009251303342e-01 1.399191188206220832e-04
1.683417921012733132e-01 9.989694697716150484e-01 9.989486247569584476e-01 1.399191188206220832e-04
1.683837935415795073e-01 9.989629812815997711e-01 9.989483485888344116e-01 1.399204592421166406e-04
1.684257949891616590e-01 9.990547505975011511e-01 9.989480724206625251e-01 1.399191188206220832e-04
1.684677964221918955e-01 9.988634669981001357e-01 9.989477962525862287e-01 1.399191188206220832e-04
1.685097978697740473e-01 9.988664254272879850e-01 9.989475200844144531e-01 1.399191188206220832e-04
1.685517993100802414e-01 9.991720728645312466e-01 9.989472439162903061e-01 1.399191188206220832e-04
1.685938007576623932e-01 9.991395893095917913e-01 9.989469677481184195e-01 1.399191188206220832e-04
1.686358021979685873e-01 9.989318206987389814e-01 9.989466915799944946e-01 1.399292345904950142e-04
1.686778036309988238e-01 9.988940709394931172e-01 9.989464154119183092e-01 1.399191188206220832e-04
1.687198050858569331e-01 9.989016821721480310e-01 9.989461392436983500e-01 1.399191188206220832e-04
1.687618065188871697e-01 9.990558653123817745e-01 9.989458630756222757e-01 1.399707147523797086e-04
1.688038079737452790e-01 9.988790570050805062e-01 9.989455869074025385e-01 1.399191188206220832e-04
1.688458094067755155e-01 9.990638799161581929e-01 9.989453107393263531e-01 1.399191188206220832e-04
1.688878108543576673e-01 9.988686779234550173e-01 9.989450345711544665e-01 1.399191188206220832e-04
1.689298122946638614e-01 9.989879554550676888e-01 9.989447584030305416e-01 1.399191188206220832e-04
1.689718137349700555e-01 9.988722551275485140e-01 9.989444822349063946e-01 1.399191188206220832e-04
1.690138151825522073e-01 9.989802435248409385e-01 9.989442060667345080e-01 1.399191188206220832e-04
1.690558166155824438e-01 9.990248152667229320e-01 9.989439298986582116e-01 1.399191188206220832e-04
1.733399637450929731e-01 9.987286068299555675e-01 9.989157817821606722e-01 1.399191188206220832e-04
1.733819651926751249e-01 9.987903535119965204e-01 9.989155062549326392e-01 1.399191188206220832e-04
1.734239666257053614e-01 9.988501263802134211e-01 9.989152307278000853e-01 1.400180606242413313e-04
1.734659680805634707e-01 9.991476740408158363e-01 9.989149552005245347e-01 1.399191188206220832e-04
1.735079695135937072e-01 9.987628560891715912e-01 9.989146796733920919e-01 1.399289723337308303e-04
1.735499709611758590e-01 9.989974804771194483e-01 9.989144041461641699e-01 1.399191188206220832e-04
1.735919724014820531e-01 9.990629156199980487e-01 9.989141286189839875e-01 1.399434892738707522e-04
1.736339738417882472e-01 9.988113888352302405e-01 9.989138530918036940e-01 1.399191188206220832e-04
1.736759752893703990e-01 9.989340777743521693e-01 9.989135775645757720e-01 1.399213513416904865e-04
1.737179767224006355e-01 9.987831215430746923e-01 9.989133020374433292e-01 1.399425680969151279e-04
1.737599781772587448e-01 9.990391739552136885e-01 9.989130265101676676e-01 1.399191188206220832e-04
1.738019796102889813e-01 9.985698417629234047e-01 9.989127509830351137e-01 1.399191188206220832e-04
1.738439810578711331e-01 9.987963392366330240e-01 9.989124754558071917e-01 1.399191188206220832e-04
1.738859824981773272e-01 9.988713601278025322e-01 9.989121999286268982e-01 1.399191188206220832e-04
1.739279839457594790e-01 9.987691337376018996e-01 9.989119244013991983e-01 1.399434987646711232e-04
1.739699853787897155e-01 9.988201568317297552e-01 9.989116488742666444e-01 1.399191188206220832e-04
1.740119868263718672e-01 9.987332796955055159e-01 9.989113733470386114e-01 1.399632550745669385e-04
1.740539882666780613e-01 9.986217005284571124e-01 9.989110978198584290e-01 1.399191188206220832e-04
1.740959897069842555e-01 9.988067213992971594e-01 9.989108222926783576e-01 1.399191188206220832e-04
1.741379911545664072e-01 9.991320097761924313e-01 9.989105467654502135e-01 1.399191188206220832e-04
1.741799925875966437e-01 9.988639321717102115e-01 9.989102712383177707e-01 1.399191188206220832e-04
1.742219940424547531e-01 9.987966725542273272e-01 9.989099957110421091e-01 1.399360927833123475e-04
1.742639954754849896e-01 9.989483815162414349e-01 9.989097201839096662e-01 1.399191188206220832e-04
1.743059969230671413e-01 9.990703174261428288e-01 9.989094446566817442e-01 1.399276702144184182e-04
1.743479983633733355e-01 9.989384533414472633e-01 9.989091691295016728e-01 1.399191188206220832e-04
1.743899998036795296e-01 9.986904679141896946e-01 9.989088936023212684e-01 1.399191188206220832e-04
1.744320012512616813e-01 9.991667490571940480e-01 9.989086180750934574e-01 1.399499020831713970e-04
1.744740026915678754e-01 9.988305917163191605e-01 9.989083425479131639e-01 1.399191188206220832e-04
1.745160041318740696e-01 9.988593808524228734e-01 9.989080670207329815e-01 1.399296353774476037e-04
1.745580055721802637e-01 9.990266242173504452e-01 9.989077914935527991e-01 1.399191188206220832e-04
1.746000070197624154e-01 9.991927699399194562e-01 9.989075159663248771e-01 1.399191188206220832e-04
1.746420084527926520e-01 9.989081523547725938e-01 9.989072404391923232e-01 1.399275247412013411e-04
1.746840099076507613e-01 9.990867328882335752e-01 9.989069649119167726e-01 1.399191188206220832e-04
1.747260113406809978e-01 9.988490594980712345e-01 9.989066893847842188e-01 1.399212113147723659e-04
1.747680127955391072e-01 9.990156041079241156e-01 9.989064138575085572e-01 1.399191188206220832e-04
1.748100142285693437e-01 9.988576599067581219e-01 9.989061383303761144e-01 1.399257838508996066e-04
1.748520156688755378e-01 9.988529548530488134e-01 9.989058628031958209e-01 1.399191188206220832e-04
1.748940171164576896e-01 9.987895393739135708e-01 9.989055872759678989e-01 1.399191188206220832e-04
1.749360185494879261e-01 9.986871129939023373e-01 9.989053117488353450e-01 1.399191188206220832e-04
1.749780199970700778e-01 9.988380893094723767e-01 9.989050362216076451e-01 1.399191188206220832e-04
1.750200214373762719e-01 9.987270314210985322e-01 9.989047606944271296e-01 1.399295481839244230e-04
1.750620228849584237e-01 9.990075419475069607e-01 9.989044851671994296e-01 1.399191188206220832e-04
1.751040243252646178e-01 9.991130310802972536e-01 9.989042096400191362e-01 1.399191188206220832e-04
1.751460257728467695e-01 9.988948482604231849e-01 9.989039341127912142e-01 1.399191188206220832e-04
1.751880272058770061e-01 9.987692516647461716e-01 9.989036585856586603e-01 1.399191188206220832e-04
1.752300286534591578e-01 9.988462498898212916e-01 9.989033830584307383e-01 1.399233569021064965e-04
1.752720300937653519e-01 9.988039844522886845e-01 9.989031075312505559e-01 1.399191188206220832e-04
1.753140315340715460e-01 9.989596328618561838e-01 9.989028320040703735e-01 1.399191188206220832e-04
1.753560329816536978e-01 9.988615221892850338e-01 9.989025564768424514e-01 1.399191188206220832e-04
1.753980344146839343e-01 9.989472635208412887e-01 9.989022809497101196e-01 1.399222575545797478e-04
1.754400358695420437e-01 9.987421757102472597e-01 9.989020054224342360e-01 1.399191188206220832e-04
1.754820373025722802e-01 9.988870497844780649e-01 9.989017298953019042e-01 1.399191188206220832e-04
1.755240387501544319e-01 9.987085470168918233e-01 9.989014543680738711e-01 1.399279362645400218e-04
1.755660401904606260e-01 9.987924208972366324e-01 9.989011788408936887e-01 1.399288095854430564e-04
1.756080416380427778e-01 9.986809708894536231e-01 9.989009033136656557e-01 1.399191188206220832e-04
1.756500430710730143e-01 9.988139637812155636e-01 9.989006277865331018e-01 1.399191188206220832e-04
1.756920445186551660e-01 9.990095527103167727e-01 9.989003522593054019e-01 1.399191188206220832e-04
1.757340459589613602e-01 9.988538939588650356e-01 9.989000767321251084e-01 1.399191188206220832e-04
1.757760473919915967e-01 9.991544849276589035e-01 9.988998012049926656e-01 1.399191188206220832e-04
1.758180488468497060e-01 9.987045987497933375e-01 9.988995256777170040e-01 1.399191188206220832e-04
1.758600502798799425e-01 9.988253827985569266e-01 9.988992501505845611e-01 1.399283393425051515e-04
1.759020517347380519e-01 9.988557626742118334e-01 9.988989746233087885e-01 1.399191188206220832e-04
1.759440531677682884e-01 9.987644512825213372e-01 9.988986990961763457e-01 1.399191188206220832e-04
1.759860546153504401e-01 9.987362422509415971e-01 9.988984235689484237e-01 1.399504834743453162e-04
1.760280560556566343e-01 9.989534665005791458e-01 9.988981480417681302e-01 1.399191188206220832e-04
1.760700574959628284e-01 9.987681540303329220e-01 9.988978725145879478e-01 1.399191188206220832e-04
1.761120589362690225e-01 9.989077344808872105e-01 9.988975969874078764e-01 1.399226226104857435e-04
1.761540603838511743e-01 9.988822624573558961e-01 9.988973214601798434e-01 1.399191188206220832e-04
1.761960618241573684e-01 9.986807770355432545e-01 9.988970459329996610e-01 1.399191188206220832e-04
1.762380632644635625e-01 9.989255639150032007e-01 9.988967704058194785e-01 1.399191188206220832e-04
1.762800647120457143e-01 9.986099122286604679e-01 9.988964948785914455e-01 1.399191188206220832e-04
1.763220661450759508e-01 9.988567112265596126e-01 9.988962193514590027e-01 1.399353148025039102e-04
1.763640675999340601e-01 9.988328715350006659e-01 9.988959438241834521e-01 1.399191188206220832e-04
1.764060690329642966e-01 9.988252653905420608e-01 9.988956682970508982e-01 1.399191188206220832e-04
1.764480704805464484e-01 9.988367487872747974e-01 9.988953927698229762e-01 1.399314308238152748e-04
1.764900719208526425e-01 9.986944905771075742e-01 9.988951172426426828e-01 1.399191188206220832e-04
1.765320733611588366e-01 9.988793345230452259e-01 9.988948417154626114e-01 1.399191188206220832e-04
1.765740748014650308e-01 9.989745032544418146e-01 9.988945661882823179e-01 1.399191188206220832e-04
1.766160762417712249e-01 9.989646891726600142e-01 9.988942906611021355e-01 1.399191188206220832e-04
1.766580776893533766e-01 9.989376927605491119e-01 9.988940151338741025e-01 1.399191188206220832e-04
1.767000791296595708e-01 9.989098987283357989e-01 9.988937396066939201e-01 1.399191188206220832e-04
1.767420805772417225e-01 9.989260733495674005e-01 9.988934640794659980e-01 1.399191188206220832e-04
1.767840820102719590e-01 9.989772148468201163e-01 9.988931885523335552e-01 1.399191188206220832e-04
1.768260834651300684e-01 9.988025209048473352e-01 9.988929130250580046e-01 1.399191188206220832e-04
1.768680848981603049e-01 9.987109360086565690e-01 9.988926374979254508e-01 1.399191188206220832e-04
1.769100863384664990e-01 9.987898578489177170e-01 9.988923619707451573e-01 1.399191188206220832e-04
1.769520877860486507e-01 9.987830752045491201e-01 9.988920864435172353e-01 1.399191188206220832e-04
1.769940892263548449e-01 9.989034844954326475e-01 9.988918109163371639e-01 1.399191188206220832e-04
1.770360906666610390e-01 9.989929178775701635e-01 9.988915359479985101e-01 1.399191188206220832e-04
1.770780921069672331e-01 9.990512654225964795e-01 9.988912611422339216e-01 1.399191188206220832e-04
1.771200935545493849e-01 9.990832155215981780e-01 9.988909863364213715e-01 1.399191188206220832e-04
1.771620949948555790e-01 9.990027556359024619e-01 9.988907115306567830e-01 1.400110514277715719e-04
1.772040964424377307e-01 9.990628220134699644e-01 9.988904367248445659e-01 1.399191188206220832e-04
1.772460978754679672e-01 9.991416830907714486e-01 9.988901619191273840e-01 1.399191188206220832e-04
1.772880993303260766e-01 9.985877710581567701e-01 9.988898871132674273e-01 1.399191188206220832e-04
1.773301007633563131e-01 9.988452383439354598e-01 9.988896123075504674e-01 1.399191188206220832e-04
1.773721022036625072e-01 9.988887685577024778e-01 9.988893375017855458e-01 1.399191188206220832e-04
1.774141036512446590e-01 9.989969293161349295e-01 9.988890626959733288e-01 1.399191188206220832e-04
1.774561050842748955e-01 9.988115434942245185e-01 9.988887878902562578e-01 1.399191188206220832e-04
1.774981065318570472e-01 9.990130782137960352e-01 9.988885130844439297e-01 1.399191188206220832e-04
1.775401079721632414e-01 9.987473694053667916e-01 9.988882382786792302e-01 1.399191188206220832e-04
1.775821094197453931e-01 9.987839002656984100e-01 9.988879634728670132e-01 1.399233278982720062e-04
1.776241108600515872e-01 9.988652674512441543e-01 9.988876886671020916e-01 1.399223290885645652e-04
1.776661123076337390e-01 9.987227324835993292e-01 9.988874138612898745e-01 1.399191188206220832e-04
1.777081137406639755e-01 9.988097682298813229e-01 9.988871390555726926e-01 1.399357868832541067e-04
1.777501151882461272e-01 9.989658181721885466e-01 9.988868642497603645e-01 1.400094407213119780e-04
1.777921166285523213e-01 9.989949536748653491e-01 9.988865894439957760e-01 1.399191188206220832e-04
1.778341180688585155e-01 9.988407195655031323e-01 9.988863146382309655e-01 1.399191188206220832e-04
1.778761195164406672e-01 9.988103248273537682e-01 9.988860398324186374e-01 1.399191188206220832e-04
1.779181209494709037e-01 9.990419814354717376e-01 9.988857650267016774e-01 1.399191188206220832e-04
1.779601223970530555e-01 9.990396648815536018e-01 9.988854902208892383e-01 1.399191188206220832e-04
1.780021238373592496e-01 9.988579991277009018e-01 9.988852154151245388e-01 1.399191188206220832e-04
1.780441252849414013e-01 9.991864493174340556e-01 9.988849406093123218e-01 1.399540972013339454e-04
1.780861267252475955e-01 9.988232604360338662e-01 9.988846658035475112e-01 1.399191188206220832e-04
1.781281281728297472e-01 9.989701485104688361e-01 9.988843909977351831e-01 1.399350772610554036e-04
1.781701296058599837e-01 9.989087221046007992e-01 9.988841161920182232e-01 1.399191188206220832e-04
1.782121310534421355e-01 9.989508125517512216e-01 9.988838413862057841e-01 1.399191188206220832e-04
1.782541324937483296e-01 9.990168437561033343e-01 9.988835665804410846e-01 1.399191188206220832e-04
1.782961339267785661e-01 9.989624009532702686e-01 9.988832917747241247e-01 1.399193961073644514e-04
1.783381353816366754e-01 9.987683441416939090e-01 9.988830169688640570e-01 1.399191188206220832e-04
1.783801368146669120e-01 9.988971501345764725e-01 9.988827421631469861e-01 1.399288408164569523e-04
1.784221382622490637e-01 9.987648298451067275e-01 9.988824673573347690e-01 1.399247320075586913e-04
1.784641397025552578e-01 9.986671008315495257e-01 9.988821925515698474e-01 1.399191188206220832e-04
1.785061411501374096e-01 9.990334773786980760e-01 9.988819177457576304e-01 1.399191188206220832e-04
1.785481425831676461e-01 9.988087620867160954e-01 9.988816429400404484e-01 1.399191188206220832e-04
1.785901440307497978e-01 9.988336901316574590e-01 9.988813681342282313e-01 1.399191188206220832e-04
1.786321454710559919e-01 9.986336728811281427e-01 9.988810933284635318e-01 1.399191188206220832e-04
1.786741469186381437e-01 9.989564466040222745e-01 9.988808185226513148e-01 1.399191188206220832e-04
1.787161483589443378e-01 9.989511036939966449e-01 9.988805437168863932e-01 1.399191188206220832e-04
1.787581497919745743e-01 9.987902591792008344e-01 9.988802689111694333e-01 1.399551443874587331e-04
1.788001512468326837e-01 9.991504953962174751e-01 9.988799941053093656e-01 1.399294148286809626e-04
1.788421526798629202e-01 9.990919989485719244e-01 9.988797192995922947e-01 1.399191188206220832e-04
1.788841541274450719e-01 9.987702003057636890e-01 9.988794444937800776e-01 1.399192983167642354e-04
1.789261555677512661e-01 9.990170868045152863e-01 9.988791696880154891e-01 1.399264059357648623e-04
1.789681570153334178e-01 9.988641411213886601e-01 9.988788948822029390e-01 1.399211194602508726e-04
1.790101584483636543e-01 9.987585584628621005e-01 9.988786200764859791e-01 1.399191188206220832e-04
1.790521598959458061e-01 9.988451271156466582e-01 9.988783452706735400e-01 1.399191188206220832e-04
1.790941613362520002e-01 9.986905350059473996e-01 9.988780704649088404e-01 1.399316175793897401e-04
1.791361627692822367e-01 9.988745341807503397e-01 9.988777956591918805e-01 1.399193049124937589e-04
1.791781642241403461e-01 9.988919499152447701e-01 9.988775208533319239e-01 1.399261875919397457e-04
1.792201656571705826e-01 9.988198397656637972e-01 9.988772460476147419e-01 1.399191188206220832e-04
1.792621671120286919e-01 9.987617801308634746e-01 9.988769712417548963e-01 1.399282868269158351e-04
1.793041685450589284e-01 9.988204060600172074e-01 9.988766964360377143e-01 1.399214770553306407e-04
1.793461699926410802e-01 9.988247300790537020e-01 9.988764216302253862e-01 1.399191188206220832e-04
1.793881714329472743e-01 9.989727570880818641e-01 9.988761468244607977e-01 1.399372712262725597e-04
1.794301728732534684e-01 9.988967005415078093e-01 9.988758720186958762e-01 1.399191188206220832e-04
1.794721743135596626e-01 9.987998461717284560e-01 9.988755972129312877e-01 1.399191188206220832e-04
1.795141757611418143e-01 9.989720923552173337e-01 9.988753224071190706e-01 1.399191188206220832e-04
1.795561772014480084e-01 9.989601026493911684e-01 9.988750476013542601e-01 1.399192116230517510e-04
1.795981786344782449e-01 9.987134888435357238e-01 9.988747727956371891e-01 1.399211339529881509e-04
1.796401800893363543e-01 9.987755977363870219e-01 9.988744979897772325e-01 1.399191188206220832e-04
1.796821815223665908e-01 9.989143009040363230e-01 9.988742231840600505e-01 1.399191188206220832e-04
1.797241829699487425e-01 9.988741445950116704e-01 9.988739483782478334e-01 1.399211598214588736e-04
1.797661844102549367e-01 9.989823348741367903e-01 9.988736735724831339e-01 1.399191188206220832e-04
1.798081858578370884e-01 9.988620668830252569e-01 9.988733987666708058e-01 1.399191188206220832e-04
1.798501872981432825e-01 9.986523450362452259e-01 9.988731239609061063e-01 1.399191188206220832e-04
1.798921887384494767e-01 9.989096661968250856e-01 9.988728491551414068e-01 1.399191188206220832e-04
1.799341901787556708e-01 9.987786353931674688e-01 9.988725743493765963e-01 1.399191188206220832e-04
1.799761916190618649e-01 9.988316657557061440e-01 9.988722995436120078e-01 1.399197167791459248e-04
1.800181930666440167e-01 9.990110277161448060e-01 9.988720247377996797e-01 1.399191188206220832e-04
1.800601944996742532e-01 9.986887181937109670e-01 9.988717499320824977e-01 1.399270421084503025e-04
1.801021959545323625e-01 9.989605239091602362e-01 9.988714751262226521e-01 1.399202018550240714e-04
1.801441973875625990e-01 9.989041566504102132e-01 9.988712003205055812e-01 1.399191188206220832e-04
1.801861988351447508e-01 9.989443923616005971e-01 9.988709255146931421e-01 1.399191188206220832e-04
1.802282002754509449e-01 9.987154904979554937e-01 9.988706507089285536e-01 1.399191188206220832e-04
1.802702017157571390e-01 9.988334112280518040e-01 9.988703759031637430e-01 1.399259360979624367e-04
1.803122031560633332e-01 9.988578716169645988e-01 9.988701010973990435e-01 1.399191188206220832e-04
1.803542046036454849e-01 9.988897403246896900e-01 9.988698262915868264e-01 1.399191188206220832e-04
1.803962060439516790e-01 9.989479146505829688e-01 9.988695514858220159e-01 1.399191188206220832e-04
1.804382074769819155e-01 9.989624281904434522e-01 9.988692766801049450e-01 1.399191188206220832e-04
1.804802089318400249e-01 9.988391999509512731e-01 9.988690018742449883e-01 1.399191188206220832e-04
1.805222103648702614e-01 9.988934164542172534e-01 9.988687270685279174e-01 1.399191188206220832e-04
1.805642118124524131e-01 9.988847162842396932e-01 9.988684522627155893e-01 1.399191188206220832e-04
1.806062132527586073e-01 9.987494997898074267e-01 9.988681774569508898e-01 1.399191188206220832e-04
1.806482147003407590e-01 9.987445539271092576e-01 9.988679026511385617e-01 1.399191188206220832e-04
1.806902161406469531e-01 9.987617312710910245e-01 9.988676278453738622e-01 1.399191188206220832e-04
1.807322175809531473e-01 9.987707814144503038e-01 9.988673530396091627e-01 1.399191188206220832e-04
1.807742190212593414e-01 9.987833474600410488e-01 9.988670782338444631e-01 1.399191188206220832e-04
1.808162204615655355e-01 9.989523648093076025e-01 9.988668034280797636e-01 1.399191188206220832e-04
1.808582219091476873e-01 9.989354397893662751e-01 9.988665286222674355e-01 1.399260315120082416e-04
1.809002233421779238e-01 9.990161432035807865e-01 9.988662538165502536e-01 1.399191188206220832e-04
1.809422247970360331e-01 9.988653262112354714e-01 9.988659790106904079e-01 1.399191188206220832e-04
1.809842262300662696e-01 9.988580213599181912e-01 9.988657042049733370e-01 1.399191188206220832e-04
1.810262276776484214e-01 9.989681561456914549e-01 9.988654293991610089e-01 1.399191188206220832e-04
1.810682291179546155e-01 9.989947605675857378e-01 9.988651545933963094e-01 1.399191188206220832e-04
1.811102305582608096e-01 9.988819241544616423e-01 9.988648797876316099e-01 1.400120922703047735e-04
1.811522319985670038e-01 9.985891430279718595e-01 9.988646049818667993e-01 1.399727558571734083e-04
1.811942334461491555e-01 9.988535306818949744e-01 9.988643301760544713e-01 1.399191188206220832e-04
1.812362348864553496e-01 9.988098668281615300e-01 9.988640553702898828e-01 1.399552878870525326e-04
1.812782363194855861e-01 9.986864770048061724e-01 9.988637805645727008e-01 1.399191188206220832e-04
1.813202377743436955e-01 9.989488275966998954e-01 9.988635057587127442e-01 1.399191188206220832e-04
1.813622392073739320e-01 9.987444423141889072e-01 9.988632309529956732e-01 1.399191188206220832e-04
1.814042406549560837e-01 9.989382345207487024e-01 9.988629561471833451e-01 1.399191188206220832e-04
1.814462420952622779e-01 9.986144622573440710e-01 9.988626813414186456e-01 1.399191188206220832e-04
1.814882435355684720e-01 9.986743227338746864e-01 9.988624065356539461e-01 1.399191188206220832e-04
1.815302449758746661e-01 9.988978842418115844e-01 9.988621317298892466e-01 1.399191188206220832e-04
1.815722464234568179e-01 9.989053085769021845e-01 9.988618569240769185e-01 1.399309103670009103e-04
1.816142478637630120e-01 9.988455845190680193e-01 9.988615821183122190e-01 1.399232620051396928e-04
1.816562492967932485e-01 9.988328545236079270e-01 9.988613073125951480e-01 1.399191188206220832e-04
1.816982507516513579e-01 9.987149073775009045e-01 9.988610325067351914e-01 1.399868451908278181e-04
1.817402521846815944e-01 9.988728478375159536e-01 9.988607577010181204e-01 1.399191188206220832e-04
1.817822536395397037e-01 9.988947964869226981e-01 9.988604828951580528e-01 1.399219965318496790e-04
1.818242550725699402e-01 9.987503686663560254e-01 9.988602080894410928e-01 1.399191188206220832e-04
1.818662565201520920e-01 9.991565089168953362e-01 9.988599332836287648e-01 1.399191188206220832e-04
1.819082579604582861e-01 9.988440291680060756e-01 9.988596584778639542e-01 1.399191188206220832e-04
1.819502594007644802e-01 9.988747509747386566e-01 9.988593836720993657e-01 1.399191188206220832e-04
1.819922608410706744e-01 9.989611320285046725e-01 9.988591088663346662e-01 1.399195401917575768e-04
1.820342622886528261e-01 9.987184140782516817e-01 9.988588340605222271e-01 1.399191188206220832e-04
1.820762637289590202e-01 9.987258918046048040e-01 9.988585592547576386e-01 1.399191188206220832e-04
1.821182651619892567e-01 9.990136246123836328e-01 9.988582844490404566e-01 1.399191188206220832e-04
1.821602666168473661e-01 9.988882245515653402e-01 9.988580096431805000e-01 1.399191188206220832e-04
1.822022680498776026e-01 9.988748261865217914e-01 9.988577348374635401e-01 1.399191188206220832e-04
1.822442694974597543e-01 9.987206565140001047e-01 9.988574600316511010e-01 1.399193107549530064e-04
1.822862709377659485e-01 9.987683739510827552e-01 9.988571852258864014e-01 1.399191188206220832e-04
1.823282723780721426e-01 9.987774958611720377e-01 9.988569104201217019e-01 1.399191188206220832e-04
1.823702738183783367e-01 9.987989355388288137e-01 9.988566356143570024e-01 1.399191188206220832e-04
1.824122752659604885e-01 9.987692455260013258e-01 9.988563608085446743e-01 1.399191188206220832e-04
1.824542767062666826e-01 9.988733194107793922e-01 9.988560860027800858e-01 1.399191188206220832e-04
1.824962781392969191e-01 9.990359859071047399e-01 9.988558111970629039e-01 1.399191188206220832e-04
1.825382795941550285e-01 9.988928153172152991e-01 9.988555363912029472e-01 1.399219098545508499e-04
1.825802810271852650e-01 9.986609141640984122e-01 9.988552615854858763e-01 1.399191188206220832e-04
1.826222824747674167e-01 9.987447806943592354e-01 9.988549867796734372e-01 1.399191188206220832e-04
1.826642839150736108e-01 9.990918704488210844e-01 9.988547119739088487e-01 1.399191188206220832e-04
1.827062853626557626e-01 9.988683224542752592e-01 9.988544371680966316e-01 1.399191188206220832e-04
1.827482867956859991e-01 9.990677008780216584e-01 9.988541623623793386e-01 1.399275602170199401e-04
1.827902882432681508e-01 9.989447495687548972e-01 9.988538875565671216e-01 1.399191188206220832e-04
1.828322896835743450e-01 9.989156997624329959e-01 9.988536127508024220e-01 1.399191188206220832e-04
1.828742911238805391e-01 9.988705172564926738e-01 9.988533379450376115e-01 1.399199874145123912e-04
1.829162925714626908e-01 9.988898250617224139e-01 9.988530631392253945e-01 1.399259951962352887e-04
1.829582940044929273e-01 9.989777978985311391e-01 9.988527883335082125e-01 1.399191188206220832e-04
1.830002954520750791e-01 9.986176034287902459e-01 9.988525135276958844e-01 1.399191188206220832e-04
1.830422968923812732e-01 9.989278617041419395e-01 9.988522387219312959e-01 1.399191188206220832e-04
1.830842983399634250e-01 9.987940907879657715e-01 9.988519639161189678e-01 1.399621915784276410e-04
1.831262997729936615e-01 9.989442368880960821e-01 9.988516891104017859e-01 1.399191188206220832e-04
1.831683012205758132e-01 9.987972264242819254e-01 9.988514143045895688e-01 1.399191188206220832e-04
1.832103026608820073e-01 9.988530874273858773e-01 9.988511394988247583e-01 1.399191188206220832e-04
1.832523041011882015e-01 9.989688269340197824e-01 9.988508646930600587e-01 1.399191188206220832e-04
1.832943055487703532e-01 9.987730133831944634e-01 9.988505898872478417e-01 1.399204242524412041e-04
1.833363069818005897e-01 9.989902519928853808e-01 9.988503150815306597e-01 1.399205644639349053e-04
1.833783084293827415e-01 9.990398819581225442e-01 9.988500402757183316e-01 1.399212925168085906e-04
1.834203098696889356e-01 9.989307400455706976e-01 9.988497654699537431e-01 1.399191188206220832e-04
1.834623113172710873e-01 9.987966145719819888e-01 9.988494906641411930e-01 1.399191188206220832e-04
1.835043127503013238e-01 9.986863998569278644e-01 9.988492158584242331e-01 1.399208197346467277e-04
1.835463142051594332e-01 9.988634878766207148e-01 9.988489410525643875e-01 1.399286871643792374e-04
1.835883156381896697e-01 9.988881797264362872e-01 9.988486662468470945e-01 1.399191188206220832e-04
1.836303170784958638e-01 9.986901723577656931e-01 9.988483914410825060e-01 1.399191188206220832e-04
1.836723185260780156e-01 9.990717257633466852e-01 9.988481166352702889e-01 1.399209998821095385e-04
1.837143199663842097e-01 9.988402243769479716e-01 9.988478418295053674e-01 1.399191188206220832e-04
1.837563214066904038e-01 9.988704050194829875e-01 9.988475670237407789e-01 1.399191188206220832e-04
1.837983228469965979e-01 9.989287412242771058e-01 9.988472922179760793e-01 1.399191188206220832e-04
1.838403242945787497e-01 9.988220014444771921e-01 9.988470174121636402e-01 1.399191188206220832e-04
1.838823257276089862e-01 9.988234657573353825e-01 9.988467426064466803e-01 1.399191188206220832e-04
1.839243271824670956e-01 9.988174124125341891e-01 9.988464678005867237e-01 1.399191188206220832e-04
1.839663286154973321e-01 9.988349769714018889e-01 9.988461929948695417e-01 1.399223915151241195e-04
1.840083300630794838e-01 9.988083377301804067e-01 9.988459181890573246e-01 1.399191188206220832e-04
1.840503315033856779e-01 9.988262288693601221e-01 9.988456433832926251e-01 1.399191188206220832e-04
1.840923329436918721e-01 9.989845015313841836e-01 9.988453685775278146e-01 1.399191188206220832e-04
1.841343343912740238e-01 9.988634650865783060e-01 9.988450937717155975e-01 1.399191188206220832e-04
1.841763358243042603e-01 9.987664859454173927e-01 9.988448189659983045e-01 1.399191188206220832e-04
1.842183372718864121e-01 9.987226237107997839e-01 9.988445441601860875e-01 1.399191188206220832e-04
1.842603387121926062e-01 9.985812095958317425e-01 9.988442693544214990e-01 1.399191188206220832e-04
1.843023401597747579e-01 9.987325078553161983e-01 9.988439945486091709e-01 1.399191188206220832e-04
1.843443415928049944e-01 9.989448443262444188e-01 9.988437197428919889e-01 1.399191188206220832e-04
1.843863430476631038e-01 9.990780424152834183e-01 9.988434449370321433e-01 1.399191188206220832e-04
1.844283444806933403e-01 9.989638813141740181e-01 9.988431701313148503e-01 1.399191188206220832e-04
1.844703459209995344e-01 9.987237603818649445e-01 9.988428953255502618e-01 1.399191188206220832e-04
1.845123473685816862e-01 9.989137272766209774e-01 9.988426205197380447e-01 1.399205294620162784e-04
1.845543488088878803e-01 9.989442114111813931e-01 9.988423457139733452e-01 1.399191188206220832e-04
1.845963502491940744e-01 9.989970487637277463e-01 9.988420709082085347e-01 1.399191188206220832e-04
1.846383516895002685e-01 9.989191127270519166e-01 9.988417961024438352e-01 1.399247669334078236e-04
1.846803531370824203e-01 9.989931312463817825e-01 9.988415212966313961e-01 1.399191188206220832e-04
1.847223545701126568e-01 9.989895822712819839e-01 9.988412464909144362e-01 1.399375388965269022e-04
1.847643560176948085e-01 9.990477872077404564e-01 9.988409716851021081e-01 1.399191188206220832e-04
1.848063574580010027e-01 9.987267138635702590e-01 9.988406968793372975e-01 1.399191188206220832e-04
1.848483588983071968e-01 9.989033074403612655e-01 9.988404220735727090e-01 1.399201810568696130e-04
1.848903603386133909e-01 9.989066402267465783e-01 9.988401472678080095e-01 1.399191188206220832e-04
1.849323617861955427e-01 9.987466847679731252e-01 9.988398724619955704e-01 1.399191188206220832e-04
1.849743632265017368e-01 9.987678452892549963e-01 9.988395976562309819e-01 1.399199757645961978e-04
1.850163646595319733e-01 9.987222239308675142e-01 9.988393228505139110e-01 1.399431316661602456e-04
1.850583661143900827e-01 9.988177498035170077e-01 9.988390480446538433e-01 1.399191188206220832e-04
1.851003675474203192e-01 9.986355096937082898e-01 9.988387732389368834e-01 1.399191188206220832e-04
1.851423689950024709e-01 9.986622277803647307e-01 9.988384984331245553e-01 1.399191188206220832e-04
1.851843704353086650e-01 9.990177696876717528e-01 9.988382236273597448e-01 1.399191188206220832e-04
1.852263718828908168e-01 9.986492603402012946e-01 9.988379488215475277e-01 1.399191188206220832e-04
1.852683733159210533e-01 9.987386240027075202e-01 9.988376740158304568e-01 1.399191188206220832e-04
1.853103747635032050e-01 9.987757188954282661e-01 9.988373992100180176e-01 1.399191188206220832e-04
1.853523762038093992e-01 9.990300118126456130e-01 9.988371244042534292e-01 1.399191188206220832e-04
1.853943776441155933e-01 9.988631459711944105e-01 9.988368495984885076e-01 1.399191188206220832e-04
1.854363790916977450e-01 9.988480378772713886e-01 9.988365747926762905e-01 1.399215397836759995e-04
1.854783805247279815e-01 9.986398070238711178e-01 9.988362999869592196e-01 1.399191188206220832e-04
1.855203819723101333e-01 9.988673646339724099e-01 9.988360251811467805e-01 1.399194522687181223e-04
1.855623834126163274e-01 9.986962055105552682e-01 9.988357503753821920e-01 1.399191188206220832e-04
1.856043848601984791e-01 9.988962569102119993e-01 9.988354755695698639e-01 1.399228800704063681e-04
1.856463862932287157e-01 9.987812893315439755e-01 9.988352007638526819e-01 1.399191188206220832e-04
1.856883877408108674e-01 9.987925601376136386e-01 9.988349259580404649e-01 1.399191188206220832e-04
1.857303891811170615e-01 9.987339519251839937e-01 9.988346511522757654e-01 1.399447730492583150e-04
1.857723906214232557e-01 9.988714725275421591e-01 9.988343763465109548e-01 1.399288525725183002e-04
1.858143920690054074e-01 9.991117847029051813e-01 9.988341015406987378e-01 1.399191188206220832e-04
1.858563935020356439e-01 9.986979448043219465e-01 9.988338267349816668e-01 1.399649631852725512e-04
1.858983949496177956e-01 9.988873933128862292e-01 9.988335519291692277e-01 1.399191188206220832e-04
1.859403963899239898e-01 9.987791702938118021e-01 9.988332771234046392e-01 1.399191188206220832e-04
1.859823978375061415e-01 9.986013490569237705e-01 9.988330023175923111e-01 1.399191188206220832e-04
1.860243992705363780e-01 9.988814041514046949e-01 9.988327275118751292e-01 1.399191188206220832e-04
1.860664007253944874e-01 9.986478014022388550e-01 9.988324527060152835e-01 1.399191188206220832e-04
1.861084021584247239e-01 9.988163315073087523e-01 9.988321779002982126e-01 1.399191188206220832e-04
1.861504035987309180e-01 9.988708526077854088e-01 9.988319030945334021e-01 1.399191188206220832e-04
1.861924050463130698e-01 9.988068043259286100e-01 9.988316282887211850e-01 1.399565597615144296e-04
1.862344064793433063e-01 9.988321005083991011e-01 9.988313534830038920e-01 1.399191188206220832e-04
1.862764079269254580e-01 9.989383402600466866e-01 9.988310786771916749e-01 1.399191188206220832e-04
1.863184093672316521e-01 9.986811753991520213e-01 9.988308038714269754e-01 1.399234171557485246e-04
1.863604108148138039e-01 9.988217354519525193e-01 9.988305290656147584e-01 1.399191188206220832e-04
1.864024122478440404e-01 9.989277645950050966e-01 9.988302542598975764e-01 1.399579817921618263e-04
1.864444137027021497e-01 9.987457591265067602e-01 9.988299794540377308e-01 1.399191188206220832e-04
1.864864151357323863e-01 9.987696724171482021e-01 9.988297046483204378e-01 1.399191188206220832e-04
1.865284165760385804e-01 9.989881479185980240e-01 9.988294298425558493e-01 1.399191188206220832e-04
1.865704180236207321e-01 9.987494529064434579e-01 9.988291550367435212e-01 1.399191188206220832e-04
1.866124194639269263e-01 9.988871138087108692e-01 9.988288802309787107e-01 1.399191188206220832e-04
1.866544209042331204e-01 9.988566460160590577e-01 9.988286054252141222e-01 1.399191188206220832e-04
1.866964223445393145e-01 9.988930169017371519e-01 9.988283306194494227e-01 1.399419061568474819e-04
1.867384237921214662e-01 9.986379818789989926e-01 9.988280558136369836e-01 1.399630846595048583e-04
1.867804252251517028e-01 9.991069490859366686e-01 9.988277810079200236e-01 1.399191188206220832e-04
1.868224266800098121e-01 9.989373916431090183e-01 9.988275062020600670e-01 1.399191188206220832e-04
1.868644281130400486e-01 9.989520492135761653e-01 9.988272313963428850e-01 1.399191188206220832e-04
1.869064295606222004e-01 9.988404312540158925e-01 9.988269565905306679e-01 1.399206751496974357e-04
1.869484309936524369e-01 9.991039488388345768e-01 9.988266817848133750e-01 1.399191188206220832e-04
1.869904324412345886e-01 9.987342732425523728e-01 9.988264069790011579e-01 1.399191188206220832e-04
1.870324338815407827e-01 9.987437833518472141e-01 9.988261321732365694e-01 1.399191188206220832e-04
1.870744353145710193e-01 9.990400912645355236e-01 9.988258573675192764e-01 1.399193477114343386e-04
1.871164367694291286e-01 9.988366784826449019e-01 9.988255825616594308e-01 1.399191188206220832e-04
1.871584382024593651e-01 9.988577838292655997e-01 9.988253077559424709e-01 1.399191188206220832e-04
1.872004396500415169e-01 9.989232348710095355e-01 9.988250329501299207e-01 1.399191188206220832e-04
1.872424410903477110e-01 9.987654436888474541e-01 9.988247579836502243e-01 1.399472331825511154e-04
1.872844425379298627e-01 9.988976770023122453e-01 9.988244824578651482e-01 1.399191188206220832e-04
1.873264439709600993e-01 9.990011341117416288e-01 9.988242069321755512e-01 1.399253162695027739e-04
1.873684454185422510e-01 9.987346229519986629e-01 9.988239314063902530e-01 1.399191188206220832e-04
1.874104468588484451e-01 9.988554659217178111e-01 9.988236558806529164e-01 1.399191188206220832e-04
1.874524482991546392e-01 9.986485228052514040e-01 9.988233803549156908e-01 1.399764312197469384e-04
1.874944497467367910e-01 9.986101432646785625e-01 9.988231048291303926e-01 1.399191188206220832e-04
1.875364511797670275e-01 9.987392653969802137e-01 9.988228293034407956e-01 1.399191188206220832e-04
1.875784526273491792e-01 9.988121058995685919e-01 9.988225537776558305e-01 1.399191188206220832e-04
1.876204540676553734e-01 9.987728932892284694e-01 9.988222782519182719e-01 1.400004918384964317e-04
